DriverNumber,Abbreviation,FullName,TeamName,GridPosition,Position,Status,Points,Year,Round,RaceName,DNF,Winner,Podium,QualiPosition,AvgLapTime,BestLapTime,TotalPitStops,AvgTrackTemp,AvgAirTemp,AvgRainfall,AvgWindSpeed
16,LEC,Charles Leclerc,Ferrari,1.0,1.0,Finished,26.0,2022,1,Bahrain Grand Prix,0,1,1,1.0,100.697709090909,94.57,2.0,28.6104294478527,23.6177914110429,0.0,0.304907975460122
55,SAI,Carlos Sainz,Ferrari,3.0,2.0,Finished,18.0,2022,1,Bahrain Grand Prix,0,0,1,3.0,102.792666666666,95.74,3.0,28.6104294478527,23.6177914110429,0.0,0.304907975460122
44,HAM,Lewis Hamilton,Mercedes,5.0,3.0,Finished,15.0,2022,1,Bahrain Grand Prix,0,0,1,5.0,102.864192982456,96.228,3.0,28.6104294478527,23.6177914110429,0.0,0.304907975460122
63,RUS,George Russell,Mercedes,9.0,4.0,Finished,12.0,2022,1,Bahrain Grand Prix,0,0,0,9.0,102.040107142857,96.302,2.0,28.6104294478527,23.6177914110429,0.0,0.304907975460122
20,MAG,Kevin Magnussen,Haas F1 Team,7.0,5.0,Finished,10.0,2022,1,Bahrain Grand Prix,0,0,0,7.0,102.953298245614,96.623,3.0,28.6104294478527,23.6177914110429,0.0,0.304907975460122
77,BOT,Valtteri Bottas,Alfa Romeo,6.0,6.0,Finished,8.0,2022,1,Bahrain Grand Prix,0,0,0,6.0,102.977245614035,96.599,3.0,28.6104294478527,23.6177914110429,0.0,0.304907975460122
31,OCO,Esteban Ocon,Alpine,11.0,7.0,Finished,6.0,2022,1,Bahrain Grand Prix,0,0,0,11.0,103.035210526315,97.11,3.0,28.6104294478527,23.6177914110429,0.0,0.304907975460122
22,TSU,Yuki Tsunoda,AlphaTauri,16.0,8.0,Finished,4.0,2022,1,Bahrain Grand Prix,0,0,0,16.0,103.052105263157,97.104,3.0,28.6104294478527,23.6177914110429,0.0,0.304907975460122
14,ALO,Fernando Alonso,Alpine,8.0,9.0,Finished,2.0,2022,1,Bahrain Grand Prix,0,0,0,8.0,103.087263157894,96.733,3.0,28.6104294478527,23.6177914110429,0.0,0.304907975460122
24,ZHO,Guanyu Zhou,Alfa Romeo,15.0,10.0,Finished,1.0,2022,1,Bahrain Grand Prix,0,0,0,15.0,102.161071428571,96.685,2.0,28.6104294478527,23.6177914110429,0.0,0.304907975460122
47,MSC,Mick Schumacher,Haas F1 Team,12.0,11.0,Finished,0.0,2022,1,Bahrain Grand Prix,0,0,0,12.0,103.265929824561,96.956,2.0,28.6104294478527,23.6177914110429,0.0,0.304907975460122
18,STR,Lance Stroll,Aston Martin,19.0,12.0,Finished,0.0,2022,1,Bahrain Grand Prix,0,0,0,19.0,103.499245614035,97.146,3.0,28.6104294478527,23.6177914110429,0.0,0.304907975460122
23,ALB,Alexander Albon,Williams,14.0,13.0,Finished,0.0,2022,1,Bahrain Grand Prix,0,0,0,14.0,103.640631578947,97.355,3.0,28.6104294478527,23.6177914110429,0.0,0.304907975460122
3,RIC,Daniel Ricciardo,McLaren,18.0,14.0,Finished,0.0,2022,1,Bahrain Grand Prix,0,0,0,18.0,103.658929824561,97.261,3.0,28.6104294478527,23.6177914110429,0.0,0.304907975460122
4,NOR,Lando Norris,McLaren,13.0,15.0,Finished,0.0,2022,1,Bahrain Grand Prix,0,0,0,13.0,103.682789473684,96.988,3.0,28.6104294478527,23.6177914110429,0.0,0.304907975460122
6,LAT,Nicholas Latifi,Williams,20.0,16.0,Finished,0.0,2022,1,Bahrain Grand Prix,0,0,0,20.0,103.778578947368,98.251,3.0,28.6104294478527,23.6177914110429,0.0,0.304907975460122
27,HUL,Nico Hulkenberg,Aston Martin,17.0,17.0,Finished,0.0,2022,1,Bahrain Grand Prix,0,0,0,17.0,103.814263157894,98.201,3.0,28.6104294478527,23.6177914110429,0.0,0.304907975460122
11,PER,Sergio Perez,Red Bull Racing,4.0,18.0,Fuel pressure,0.0,2022,1,Bahrain Grand Prix,1,0,0,4.0,102.955803571428,96.089,3.0,28.6104294478527,23.6177914110429,0.0,0.304907975460122
1,VER,Max Verstappen,Red Bull Racing,2.0,19.0,Fuel pressure,0.0,2022,1,Bahrain Grand Prix,1,0,0,2.0,102.753433962264,95.44,3.0,28.6104294478527,23.6177914110429,0.0,0.304907975460122
10,GAS,Pierre Gasly,AlphaTauri,10.0,20.0,Power Unit,0.0,2022,1,Bahrain Grand Prix,1,0,0,10.0,100.781022727272,97.324,2.0,28.6104294478527,23.6177914110429,0.0,0.304907975460122
1,VER,Max Verstappen,Red Bull Racing,4.0,1.0,Finished,25.0,2022,2,Saudi Arabian Grand Prix,0,1,1,4.0,96.8847021276595,91.772,0.0,28.4092105263157,25.4203947368421,0.0,2.35921052631578
16,LEC,Charles Leclerc,Ferrari,2.0,2.0,Finished,19.0,2022,2,Saudi Arabian Grand Prix,0,0,1,2.0,96.8183404255319,91.634,0.0,28.4092105263157,25.4203947368421,0.0,2.35921052631578
55,SAI,Carlos Sainz,Ferrari,3.0,3.0,Finished,15.0,2022,2,Saudi Arabian Grand Prix,0,0,1,3.0,97.1492553191489,91.905,0.0,28.4092105263157,25.4203947368421,0.0,2.35921052631578
11,PER,Sergio Perez,Red Bull Racing,1.0,4.0,Finished,12.0,2022,2,Saudi Arabian Grand Prix,0,0,0,1.0,97.5553404255319,92.042,1.0,28.4092105263157,25.4203947368421,0.0,2.35921052631578
63,RUS,George Russell,Mercedes,6.0,5.0,Finished,10.0,2022,2,Saudi Arabian Grand Prix,0,0,0,6.0,98.0222340425532,92.821,0.0,28.4092105263157,25.4203947368421,0.0,2.35921052631578
31,OCO,Esteban Ocon,Alpine,5.0,6.0,Finished,8.0,2022,2,Saudi Arabian Grand Prix,0,0,0,5.0,99.0294042553191,93.103,1.0,28.4092105263157,25.4203947368421,0.0,2.35921052631578
4,NOR,Lando Norris,McLaren,11.0,7.0,Finished,6.0,2022,2,Saudi Arabian Grand Prix,0,0,0,11.0,100.1001875,92.753,1.0,28.4092105263157,25.4203947368421,0.0,2.35921052631578
10,GAS,Pierre Gasly,AlphaTauri,9.0,8.0,Finished,4.0,2022,2,Saudi Arabian Grand Prix,0,0,0,9.0,100.232854166666,93.468,1.0,28.4092105263157,25.4203947368421,0.0,2.35921052631578
20,MAG,Kevin Magnussen,Haas F1 Team,10.0,9.0,Finished,2.0,2022,2,Saudi Arabian Grand Prix,0,0,0,10.0,100.1476875,92.779,1.0,28.4092105263157,25.4203947368421,0.0,2.35921052631578
44,HAM,Lewis Hamilton,Mercedes,15.0,10.0,Finished,1.0,2022,2,Saudi Arabian Grand Prix,0,0,0,16.0,100.373895833333,92.997,1.0,28.4092105263157,25.4203947368421,0.0,2.35921052631578
24,ZHO,Guanyu Zhou,Alfa Romeo,12.0,11.0,Finished,0.0,2022,2,Saudi Arabian Grand Prix,0,0,0,13.0,99.5461702127659,93.924,1.0,28.4092105263157,25.4203947368421,0.0,2.35921052631578
27,HUL,Nico Hulkenberg,Aston Martin,17.0,12.0,Finished,0.0,2022,2,Saudi Arabian Grand Prix,0,0,0,18.0,99.7682765957447,93.651,1.0,28.4092105263157,25.4203947368421,0.0,2.35921052631578
18,STR,Lance Stroll,Aston Martin,13.0,13.0,+1 Lap,0.0,2022,2,Saudi Arabian Grand Prix,0,0,0,15.0,101.483851063829,94.446,1.0,28.4092105263157,25.4203947368421,0.0,2.35921052631578
23,ALB,Alexander Albon,Williams,16.0,14.0,Collision damage,0.0,2022,2,Saudi Arabian Grand Prix,1,0,0,17.0,102.143717391304,94.368,1.0,28.4092105263157,25.4203947368421,0.0,2.35921052631578
77,BOT,Valtteri Bottas,Alfa Romeo,8.0,15.0,Cooling system,0.0,2022,2,Saudi Arabian Grand Prix,1,0,0,8.0,98.26928125,93.979,1.0,28.4092105263157,25.4203947368421,0.0,2.35921052631578
14,ALO,Fernando Alonso,Alpine,7.0,16.0,Water pump,0.0,2022,2,Saudi Arabian Grand Prix,1,0,0,7.0,98.4550625,93.831,0.0,28.4092105263157,25.4203947368421,0.0,2.35921052631578
3,RIC,Daniel Ricciardo,McLaren,14.0,17.0,Gearbox,0.0,2022,2,Saudi Arabian Grand Prix,1,0,0,12.0,100.432242424242,94.487,1.0,28.4092105263157,25.4203947368421,0.0,2.35921052631578
6,LAT,Nicholas Latifi,Williams,18.0,18.0,Accident,0.0,2022,2,Saudi Arabian Grand Prix,1,0,0,19.0,98.8761428571428,97.53,0.0,28.4092105263157,25.4203947368421,0.0,2.35921052631578
22,TSU,Yuki Tsunoda,AlphaTauri,19.0,19.0,Power Unit,0.0,2022,2,Saudi Arabian Grand Prix,1,0,0,20.0,,,,28.4092105263157,25.4203947368421,0.0,2.35921052631578
47,MSC,Mick Schumacher,Haas F1 Team,,,Withdrew,0.0,2022,2,Saudi Arabian Grand Prix,1,0,0,14.0,,,,28.4092105263157,25.4203947368421,0.0,2.35921052631578
16,LEC,Charles Leclerc,Ferrari,1.0,1.0,Finished,26.0,2022,3,Australian Grand Prix,0,1,1,1.0,88.3797499999999,80.26,1.0,37.4083333333333,26.6974358974358,0.0,1.81282051282051
11,PER,Sergio Perez,Red Bull Racing,3.0,2.0,Finished,18.0,2022,3,Australian Grand Prix,0,0,1,3.0,90.0101228070175,81.094,1.0,37.4083333333333,26.6974358974358,0.0,1.81282051282051
63,RUS,George Russell,Mercedes,6.0,3.0,Finished,15.0,2022,3,Australian Grand Prix,0,0,1,6.0,90.0617719298245,81.495,1.0,37.4083333333333,26.6974358974358,0.0,1.81282051282051
44,HAM,Lewis Hamilton,Mercedes,5.0,4.0,Finished,12.0,2022,3,Australian Grand Prix,0,0,0,5.0,90.1810701754385,81.886,1.0,37.4083333333333,26.6974358974358,0.0,1.81282051282051
4,NOR,Lando Norris,McLaren,4.0,5.0,Finished,10.0,2022,3,Australian Grand Prix,0,0,0,4.0,90.6515438596491,82.248,1.0,37.4083333333333,26.6974358974358,0.0,1.81282051282051
3,RIC,Daniel Ricciardo,McLaren,7.0,6.0,Finished,8.0,2022,3,Australian Grand Prix,0,0,0,7.0,90.6915789473684,82.451,1.0,37.4083333333333,26.6974358974358,0.0,1.81282051282051
31,OCO,Esteban Ocon,Alpine,8.0,7.0,Finished,6.0,2022,3,Australian Grand Prix,0,0,0,8.0,91.8660517241379,82.469,1.0,37.4083333333333,26.6974358974358,0.0,1.81282051282051
77,BOT,Valtteri Bottas,Alfa Romeo,12.0,8.0,Finished,4.0,2022,3,Australian Grand Prix,0,0,0,12.0,90.9603684210526,81.651,1.0,37.4083333333333,26.6974358974358,0.0,1.81282051282051
10,GAS,Pierre Gasly,AlphaTauri,11.0,9.0,Finished,2.0,2022,3,Australian Grand Prix,0,0,0,11.0,91.0953508771929,82.731,1.0,37.4083333333333,26.6974358974358,0.0,1.81282051282051
23,ALB,Alexander Albon,Williams,20.0,10.0,Finished,1.0,2022,3,Australian Grand Prix,0,0,0,16.0,92.1712068965517,82.589,1.0,37.4083333333333,26.6974358974358,0.0,1.81282051282051
24,ZHO,Guanyu Zhou,Alfa Romeo,14.0,11.0,Finished,0.0,2022,3,Australian Grand Prix,0,0,0,14.0,92.2110862068965,82.541,1.0,37.4083333333333,26.6974358974358,0.0,1.81282051282051
18,STR,Lance Stroll,Aston Martin,19.0,12.0,Finished,0.0,2022,3,Australian Grand Prix,0,0,0,20.0,91.2201052631579,83.592,3.0,37.4083333333333,26.6974358974358,0.0,1.81282051282051
47,MSC,Mick Schumacher,Haas F1 Team,15.0,13.0,+1 Lap,0.0,2022,3,Australian Grand Prix,0,0,0,15.0,91.4028928571428,83.006,1.0,37.4083333333333,26.6974358974358,0.0,1.81282051282051
20,MAG,Kevin Magnussen,Haas F1 Team,16.0,14.0,+1 Lap,0.0,2022,3,Australian Grand Prix,0,0,0,17.0,91.3684285714285,83.071,1.0,37.4083333333333,26.6974358974358,0.0,1.81282051282051
22,TSU,Yuki Tsunoda,AlphaTauri,13.0,15.0,+1 Lap,0.0,2022,3,Australian Grand Prix,0,0,0,13.0,91.4736071428571,83.342,1.0,37.4083333333333,26.6974358974358,0.0,1.81282051282051
6,LAT,Nicholas Latifi,Williams,18.0,16.0,+1 Lap,0.0,2022,3,Australian Grand Prix,0,0,0,19.0,92.5794912280701,83.882,2.0,37.4083333333333,26.6974358974358,0.0,1.81282051282051
14,ALO,Fernando Alonso,Alpine,10.0,17.0,+1 Lap,0.0,2022,3,Australian Grand Prix,0,0,0,10.0,91.784,80.846,2.0,37.4083333333333,26.6974358974358,0.0,1.81282051282051
1,VER,Max Verstappen,Red Bull Racing,2.0,18.0,Fuel leak,0.0,2022,3,Australian Grand Prix,1,0,0,2.0,91.534,81.677,1.0,37.4083333333333,26.6974358974358,0.0,1.81282051282051
5,VET,Sebastian Vettel,Aston Martin,17.0,19.0,Accident,0.0,2022,3,Australian Grand Prix,1,0,0,18.0,94.6974545454545,85.189,0.0,37.4083333333333,26.6974358974358,0.0,1.81282051282051
55,SAI,Carlos Sainz,Ferrari,9.0,20.0,Spun off,0.0,2022,3,Australian Grand Prix,1,0,0,9.0,99.028,99.028,0.0,37.4083333333333,26.6974358974358,0.0,1.81282051282051
1,VER,Max Verstappen,Red Bull Racing,1.0,1.0,Finished,26.0,2022,4,Emilia Romagna Grand Prix,0,1,1,1.0,87.7458095238095,78.446,2.0,17.4189873417721,12.8993670886075,0.0,1.48227848101265
11,PER,Sergio Perez,Red Bull Racing,3.0,2.0,Finished,18.0,2022,4,Emilia Romagna Grand Prix,0,0,1,7.0,88.0081428571428,78.949,2.0,17.4189873417721,12.8993670886075,0.0,1.48227848101265
4,NOR,Lando Norris,McLaren,5.0,3.0,Finished,15.0,2022,4,Emilia Romagna Grand Prix,0,0,1,3.0,88.2987301587301,80.903,1.0,17.4189873417721,12.8993670886075,0.0,1.48227848101265
63,RUS,George Russell,Mercedes,11.0,4.0,Finished,12.0,2022,4,Emilia Romagna Grand Prix,0,0,0,11.0,88.4205079365079,80.962,1.0,17.4189873417721,12.8993670886075,0.0,1.48227848101265
77,BOT,Valtteri Bottas,Alfa Romeo,7.0,5.0,Finished,10.0,2022,4,Emilia Romagna Grand Prix,0,0,0,8.0,88.4312222222222,80.758,1.0,17.4189873417721,12.8993670886075,0.0,1.48227848101265
16,LEC,Charles Leclerc,Ferrari,2.0,6.0,Finished,8.0,2022,4,Emilia Romagna Grand Prix,0,0,0,2.0,88.6358412698412,78.574,3.0,17.4189873417721,12.8993670886075,0.0,1.48227848101265
22,TSU,Yuki Tsunoda,AlphaTauri,12.0,7.0,Finished,6.0,2022,4,Emilia Romagna Grand Prix,0,0,0,16.0,88.7158095238095,80.544,1.0,17.4189873417721,12.8993670886075,0.0,1.48227848101265
5,VET,Sebastian Vettel,Aston Martin,13.0,8.0,Finished,4.0,2022,4,Emilia Romagna Grand Prix,0,0,0,9.0,88.8710793650793,81.211,1.0,17.4189873417721,12.8993670886075,0.0,1.48227848101265
20,MAG,Kevin Magnussen,Haas F1 Team,8.0,9.0,Finished,2.0,2022,4,Emilia Romagna Grand Prix,0,0,0,4.0,88.9404126984127,81.238,1.0,17.4189873417721,12.8993670886075,0.0,1.48227848101265
18,STR,Lance Stroll,Aston Martin,15.0,10.0,+1 Lap,1.0,2022,4,Emilia Romagna Grand Prix,0,0,0,15.0,89.3109354838709,81.75,1.0,17.4189873417721,12.8993670886075,0.0,1.48227848101265
23,ALB,Alexander Albon,Williams,18.0,11.0,+1 Lap,0.0,2022,4,Emilia Romagna Grand Prix,0,0,0,20.0,88.3910491803278,81.757,1.0,17.4189873417721,12.8993670886075,0.0,1.48227848101265
10,GAS,Pierre Gasly,AlphaTauri,17.0,12.0,+1 Lap,0.0,2022,4,Emilia Romagna Grand Prix,0,0,0,17.0,88.3890163934426,81.713,1.0,17.4189873417721,12.8993670886075,0.0,1.48227848101265
44,HAM,Lewis Hamilton,Mercedes,14.0,13.0,+1 Lap,0.0,2022,4,Emilia Romagna Grand Prix,0,0,0,13.0,89.4075,81.419,1.0,17.4189873417721,12.8993670886075,0.0,1.48227848101265
31,OCO,Esteban Ocon,Alpine,16.0,14.0,+1 Lap,0.0,2022,4,Emilia Romagna Grand Prix,0,0,0,19.0,89.3603387096774,81.887,1.0,17.4189873417721,12.8993670886075,0.0,1.48227848101265
24,ZHO,Guanyu Zhou,Alfa Romeo,0.0,15.0,+1 Lap,0.0,2022,4,Emilia Romagna Grand Prix,0,0,0,14.0,89.538129032258,81.286,2.0,17.4189873417721,12.8993670886075,0.0,1.48227848101265
6,LAT,Nicholas Latifi,Williams,19.0,16.0,+1 Lap,0.0,2022,4,Emilia Romagna Grand Prix,0,0,0,18.0,88.5781639344262,81.338,1.0,17.4189873417721,12.8993670886075,0.0,1.48227848101265
47,MSC,Mick Schumacher,Haas F1 Team,10.0,17.0,+1 Lap,0.0,2022,4,Emilia Romagna Grand Prix,0,0,0,12.0,88.8765409836065,78.999,2.0,17.4189873417721,12.8993670886075,0.0,1.48227848101265
3,RIC,Daniel Ricciardo,McLaren,6.0,18.0,+1 Lap,0.0,2022,4,Emilia Romagna Grand Prix,0,0,0,6.0,89.1870163934426,81.577,3.0,17.4189873417721,12.8993670886075,0.0,1.48227848101265
14,ALO,Fernando Alonso,Alpine,9.0,19.0,Collision damage,0.0,2022,4,Emilia Romagna Grand Prix,1,0,0,5.0,124.153166666666,99.685,0.0,17.4189873417721,12.8993670886075,0.0,1.48227848101265
55,SAI,Carlos Sainz,Ferrari,4.0,20.0,Collision,0.0,2022,4,Emilia Romagna Grand Prix,1,0,0,10.0,,,,17.4189873417721,12.8993670886075,0.0,1.48227848101265
1,VER,Max Verstappen,Red Bull Racing,3.0,1.0,Finished,26.0,2022,5,Miami Grand Prix,0,1,1,3.0,94.9167735849056,91.361,1.0,42.8197530864197,30.6172839506172,0.0555555555555555,2.26728395061728
16,LEC,Charles Leclerc,Ferrari,1.0,2.0,Finished,18.0,2022,5,Miami Grand Prix,0,0,1,1.0,96.1480925925926,91.488,1.0,42.8197530864197,30.6172839506172,0.0555555555555555,2.26728395061728
55,SAI,Carlos Sainz,Ferrari,2.0,3.0,Finished,15.0,2022,5,Miami Grand Prix,0,0,1,2.0,97.4345636363636,91.79,1.0,42.8197530864197,30.6172839506172,0.0555555555555555,2.26728395061728
11,PER,Sergio Perez,Red Bull Racing,4.0,4.0,Finished,12.0,2022,5,Miami Grand Prix,0,0,0,4.0,97.5192909090909,91.819,2.0,42.8197530864197,30.6172839506172,0.0555555555555555,2.26728395061728
63,RUS,George Russell,Mercedes,12.0,5.0,Finished,10.0,2022,5,Miami Grand Prix,0,0,0,12.0,97.7698727272727,92.195,1.0,42.8197530864197,30.6172839506172,0.0555555555555555,2.26728395061728
44,HAM,Lewis Hamilton,Mercedes,6.0,6.0,Finished,8.0,2022,5,Miami Grand Prix,0,0,0,6.0,97.7162181818181,92.941,1.0,42.8197530864197,30.6172839506172,0.0555555555555555,2.26728395061728
77,BOT,Valtteri Bottas,Alfa Romeo,5.0,7.0,Finished,6.0,2022,5,Miami Grand Prix,0,0,0,5.0,97.8285818181818,93.184,1.0,42.8197530864197,30.6172839506172,0.0555555555555555,2.26728395061728
31,OCO,Esteban Ocon,Alpine,20.0,8.0,Finished,4.0,2022,5,Miami Grand Prix,0,0,0,20.0,98.9375178571428,93.163,1.0,42.8197530864197,30.6172839506172,0.0555555555555555,2.26728395061728
23,ALB,Alexander Albon,Williams,18.0,9.0,Finished,2.0,2022,5,Miami Grand Prix,0,0,0,18.0,98.9997678571428,93.447,1.0,42.8197530864197,30.6172839506172,0.0555555555555555,2.26728395061728
18,STR,Lance Stroll,Aston Martin,0.0,10.0,Finished,1.0,2022,5,Miami Grand Prix,0,0,0,10.0,99.08,93.312,2.0,42.8197530864197,30.6172839506172,0.0555555555555555,2.26728395061728
14,ALO,Fernando Alonso,Alpine,11.0,11.0,Finished,0.0,2022,5,Miami Grand Prix,0,0,0,11.0,98.9347321428571,93.331,1.0,42.8197530864197,30.6172839506172,0.0555555555555555,2.26728395061728
22,TSU,Yuki Tsunoda,AlphaTauri,9.0,12.0,Finished,0.0,2022,5,Miami Grand Prix,0,0,0,9.0,96.4922407407407,93.035,1.0,42.8197530864197,30.6172839506172,0.0555555555555555,2.26728395061728
3,RIC,Daniel Ricciardo,McLaren,14.0,13.0,Finished,0.0,2022,5,Miami Grand Prix,0,0,0,14.0,99.06775,93.265,2.0,42.8197530864197,30.6172839506172,0.0555555555555555,2.26728395061728
6,LAT,Nicholas Latifi,Williams,19.0,14.0,Finished,0.0,2022,5,Miami Grand Prix,0,0,0,19.0,98.2108727272727,94.169,1.0,42.8197530864197,30.6172839506172,0.0555555555555555,2.26728395061728
47,MSC,Mick Schumacher,Haas F1 Team,15.0,15.0,Finished,0.0,2022,5,Miami Grand Prix,0,0,0,15.0,99.7414642857142,92.528,2.0,42.8197530864197,30.6172839506172,0.0555555555555555,2.26728395061728
20,MAG,Kevin Magnussen,Haas F1 Team,16.0,16.0,Front wing,0.0,2022,5,Miami Grand Prix,1,0,0,16.0,99.1974363636363,93.511,2.0,42.8197530864197,30.6172839506172,0.0555555555555555,2.26728395061728
5,VET,Sebastian Vettel,Aston Martin,0.0,17.0,Collision,0.0,2022,5,Miami Grand Prix,1,0,0,13.0,99.7871509433962,93.479,2.0,42.8197530864197,30.6172839506172,0.0555555555555555,2.26728395061728
10,GAS,Pierre Gasly,AlphaTauri,7.0,18.0,Suspension,0.0,2022,5,Miami Grand Prix,1,0,0,7.0,97.5726666666666,94.487,1.0,42.8197530864197,30.6172839506172,0.0555555555555555,2.26728395061728
4,NOR,Lando Norris,McLaren,8.0,19.0,Collision,0.0,2022,5,Miami Grand Prix,1,0,0,8.0,96.1395384615384,93.411,1.0,42.8197530864197,30.6172839506172,0.0555555555555555,2.26728395061728
24,ZHO,Guanyu Zhou,Alfa Romeo,17.0,20.0,Water leak,0.0,2022,5,Miami Grand Prix,1,0,0,17.0,102.172166666666,95.731,0.0,42.8197530864197,30.6172839506172,0.0555555555555555,2.26728395061728
1,VER,Max Verstappen,Red Bull Racing,2.0,1.0,Finished,25.0,2022,6,Spanish Grand Prix,0,1,1,2.0,88.4920454545454,85.456,3.0,48.9573170731707,36.5658536585365,0.0,3.48841463414634
11,PER,Sergio Perez,Red Bull Racing,5.0,2.0,Finished,19.0,2022,6,Spanish Grand Prix,0,0,1,5.0,88.690106060606,84.108,3.0,48.9573170731707,36.5658536585365,0.0,3.48841463414634
63,RUS,George Russell,Mercedes,4.0,3.0,Finished,15.0,2022,6,Spanish Grand Prix,0,0,1,4.0,88.9909393939394,84.636,3.0,48.9573170731707,36.5658536585365,0.0,3.48841463414634
55,SAI,Carlos Sainz,Ferrari,3.0,4.0,Finished,12.0,2022,6,Spanish Grand Prix,0,0,0,3.0,89.1770151515151,85.985,3.0,48.9573170731707,36.5658536585365,0.0,3.48841463414634
44,HAM,Lewis Hamilton,Mercedes,6.0,5.0,Finished,10.0,2022,6,Spanish Grand Prix,0,0,0,6.0,89.3183181818181,84.253,3.0,48.9573170731707,36.5658536585365,0.0,3.48841463414634
77,BOT,Valtteri Bottas,Alfa Romeo,7.0,6.0,Finished,8.0,2022,6,Spanish Grand Prix,0,0,0,7.0,89.4007727272727,86.395,2.0,48.9573170731707,36.5658536585365,0.0,3.48841463414634
31,OCO,Esteban Ocon,Alpine,12.0,7.0,Finished,6.0,2022,6,Spanish Grand Prix,0,0,0,12.0,89.6344242424242,85.935,3.0,48.9573170731707,36.5658536585365,0.0,3.48841463414634
4,NOR,Lando Norris,McLaren,11.0,8.0,Finished,4.0,2022,6,Spanish Grand Prix,0,0,0,11.0,89.7531818181818,85.619,3.0,48.9573170731707,36.5658536585365,0.0,3.48841463414634
14,ALO,Fernando Alonso,Alpine,20.0,9.0,+1 Lap,2.0,2022,6,Spanish Grand Prix,0,0,0,17.0,89.9588,86.599,3.0,48.9573170731707,36.5658536585365,0.0,3.48841463414634
22,TSU,Yuki Tsunoda,AlphaTauri,13.0,10.0,+1 Lap,1.0,2022,6,Spanish Grand Prix,0,0,0,13.0,90.0172307692307,86.828,3.0,48.9573170731707,36.5658536585365,0.0,3.48841463414634
5,VET,Sebastian Vettel,Aston Martin,16.0,11.0,+1 Lap,0.0,2022,6,Spanish Grand Prix,0,0,0,16.0,90.2630461538461,87.629,2.0,48.9573170731707,36.5658536585365,0.0,3.48841463414634
3,RIC,Daniel Ricciardo,McLaren,9.0,12.0,+1 Lap,0.0,2022,6,Spanish Grand Prix,0,0,0,9.0,90.4638769230769,87.285,3.0,48.9573170731707,36.5658536585365,0.0,3.48841463414634
10,GAS,Pierre Gasly,AlphaTauri,14.0,13.0,+1 Lap,0.0,2022,6,Spanish Grand Prix,0,0,0,14.0,90.4834153846153,86.987,3.0,48.9573170731707,36.5658536585365,0.0,3.48841463414634
47,MSC,Mick Schumacher,Haas F1 Team,10.0,14.0,+1 Lap,0.0,2022,6,Spanish Grand Prix,0,0,0,10.0,90.5218153846153,87.447,2.0,48.9573170731707,36.5658536585365,0.0,3.48841463414634
18,STR,Lance Stroll,Aston Martin,17.0,15.0,+1 Lap,0.0,2022,6,Spanish Grand Prix,0,0,0,18.0,90.8124,86.876,3.0,48.9573170731707,36.5658536585365,0.0,3.48841463414634
6,LAT,Nicholas Latifi,Williams,19.0,16.0,+2 Laps,0.0,2022,6,Spanish Grand Prix,0,0,0,20.0,91.327046875,87.246,3.0,48.9573170731707,36.5658536585365,0.0,3.48841463414634
20,MAG,Kevin Magnussen,Haas F1 Team,8.0,17.0,+2 Laps,0.0,2022,6,Spanish Grand Prix,0,0,0,8.0,91.455171875,87.537,2.0,48.9573170731707,36.5658536585365,0.0,3.48841463414634
23,ALB,Alexander Albon,Williams,18.0,18.0,+2 Laps,0.0,2022,6,Spanish Grand Prix,0,0,0,19.0,92.043796875,88.281,4.0,48.9573170731707,36.5658536585365,0.0,3.48841463414634
24,ZHO,Guanyu Zhou,Alfa Romeo,15.0,19.0,Power loss,0.0,2022,6,Spanish Grand Prix,1,0,0,15.0,91.9846785714285,88.415,1.0,48.9573170731707,36.5658536585365,0.0,3.48841463414634
16,LEC,Charles Leclerc,Ferrari,1.0,20.0,Turbo,0.0,2022,6,Spanish Grand Prix,1,0,0,1.0,89.691037037037,87.03,1.0,48.9573170731707,36.5658536585365,0.0,3.48841463414634
11,PER,Sergio Perez,Red Bull Racing,3.0,1.0,Finished,25.0,2022,7,Monaco Grand Prix,0,1,1,3.0,89.4947741935484,76.028,3.0,31.0383673469387,22.274693877551,0.436734693877551,0.990204081632652
55,SAI,Carlos Sainz,Ferrari,2.0,2.0,Finished,18.0,2022,7,Monaco Grand Prix,0,0,1,2.0,89.5175322580645,76.421,2.0,31.0383673469387,22.274693877551,0.436734693877551,0.990204081632652
1,VER,Max Verstappen,Red Bull Racing,4.0,3.0,Finished,15.0,2022,7,Monaco Grand Prix,0,0,1,4.0,89.5203709677419,76.052,3.0,31.0383673469387,22.274693877551,0.436734693877551,0.990204081632652
16,LEC,Charles Leclerc,Ferrari,1.0,4.0,Finished,12.0,2022,7,Monaco Grand Prix,0,0,0,1.0,89.5414193548387,76.249,3.0,31.0383673469387,22.274693877551,0.436734693877551,0.990204081632652
63,RUS,George Russell,Mercedes,6.0,5.0,Finished,10.0,2022,7,Monaco Grand Prix,0,0,0,6.0,90.6582063492063,76.83,3.0,31.0383673469387,22.274693877551,0.436734693877551,0.990204081632652
4,NOR,Lando Norris,McLaren,5.0,6.0,Finished,9.0,2022,7,Monaco Grand Prix,0,0,0,5.0,90.5895079365079,74.693,5.0,31.0383673469387,22.274693877551,0.436734693877551,0.990204081632652
14,ALO,Fernando Alonso,Alpine,7.0,7.0,Finished,6.0,2022,7,Monaco Grand Prix,0,0,0,7.0,91.1341428571428,75.882,3.0,31.0383673469387,22.274693877551,0.436734693877551,0.990204081632652
44,HAM,Lewis Hamilton,Mercedes,8.0,8.0,Finished,4.0,2022,7,Monaco Grand Prix,0,0,0,8.0,91.155746031746,77.203,4.0,31.0383673469387,22.274693877551,0.436734693877551,0.990204081632652
77,BOT,Valtteri Bottas,Alfa Romeo,12.0,9.0,Finished,2.0,2022,7,Monaco Grand Prix,0,0,0,12.0,91.4897301587301,77.6,3.0,31.0383673469387,22.274693877551,0.436734693877551,0.990204081632652
5,VET,Sebastian Vettel,Aston Martin,9.0,10.0,Finished,1.0,2022,7,Monaco Grand Prix,0,0,0,9.0,91.6830476190476,77.558,4.0,31.0383673469387,22.274693877551,0.436734693877551,0.990204081632652
10,GAS,Pierre Gasly,AlphaTauri,17.0,11.0,Finished,0.0,2022,7,Monaco Grand Prix,0,0,0,17.0,90.6519516129032,77.344,4.0,31.0383673469387,22.274693877551,0.436734693877551,0.990204081632652
31,OCO,Esteban Ocon,Alpine,10.0,12.0,Finished,0.0,2022,7,Monaco Grand Prix,0,0,0,10.0,91.1804444444444,77.571,3.0,31.0383673469387,22.274693877551,0.436734693877551,0.990204081632652
3,RIC,Daniel Ricciardo,McLaren,14.0,13.0,Finished,0.0,2022,7,Monaco Grand Prix,0,0,0,14.0,91.7627142857143,77.532,3.0,31.0383673469387,22.274693877551,0.436734693877551,0.990204081632652
18,STR,Lance Stroll,Aston Martin,18.0,14.0,Finished,0.0,2022,7,Monaco Grand Prix,0,0,0,18.0,91.4913333333333,77.672,5.0,31.0383673469387,22.274693877551,0.436734693877551,0.990204081632652
6,LAT,Nicholas Latifi,Williams,19.0,15.0,+1 Lap,0.0,2022,7,Monaco Grand Prix,0,0,0,19.0,92.0303225806451,78.579,5.0,31.0383673469387,22.274693877551,0.436734693877551,0.990204081632652
24,ZHO,Guanyu Zhou,Alfa Romeo,20.0,16.0,+1 Lap,0.0,2022,7,Monaco Grand Prix,0,0,0,20.0,92.1285806451612,78.2,3.0,31.0383673469387,22.274693877551,0.436734693877551,0.990204081632652
22,TSU,Yuki Tsunoda,AlphaTauri,11.0,17.0,+1 Lap,0.0,2022,7,Monaco Grand Prix,0,0,0,11.0,92.490629032258,75.334,5.0,31.0383673469387,22.274693877551,0.436734693877551,0.990204081632652
23,ALB,Alexander Albon,Williams,16.0,18.0,Mechanical,0.0,2022,7,Monaco Grand Prix,1,0,0,16.0,95.8804042553191,78.023,4.0,31.0383673469387,22.274693877551,0.436734693877551,0.990204081632652
47,MSC,Mick Schumacher,Haas F1 Team,15.0,19.0,Accident,0.0,2022,7,Monaco Grand Prix,1,0,0,15.0,103.646083333333,84.778,3.0,31.0383673469387,22.274693877551,0.436734693877551,0.990204081632652
20,MAG,Kevin Magnussen,Haas F1 Team,13.0,20.0,Water pressure,0.0,2022,7,Monaco Grand Prix,1,0,0,13.0,105.018526315789,93.754,1.0,31.0383673469387,22.274693877551,0.436734693877551,0.990204081632652
1,VER,Max Verstappen,Red Bull Racing,3.0,1.0,Finished,25.0,2022,8,Azerbaijan Grand Prix,0,1,1,3.0,109.64182,106.05,1.0,47.1496894409937,25.435403726708,0.0,1.52919254658385
11,PER,Sergio Perez,Red Bull Racing,2.0,2.0,Finished,19.0,2022,8,Azerbaijan Grand Prix,0,0,1,2.0,110.04222,106.046,1.0,47.1496894409937,25.435403726708,0.0,1.52919254658385
63,RUS,George Russell,Mercedes,5.0,3.0,Finished,15.0,2022,8,Azerbaijan Grand Prix,0,0,1,5.0,110.547,107.177,1.0,47.1496894409937,25.435403726708,0.0,1.52919254658385
44,HAM,Lewis Hamilton,Mercedes,7.0,4.0,Finished,12.0,2022,8,Azerbaijan Grand Prix,0,0,0,7.0,111.07112,107.044,1.0,47.1496894409937,25.435403726708,0.0,1.52919254658385
10,GAS,Pierre Gasly,AlphaTauri,6.0,5.0,Finished,10.0,2022,8,Azerbaijan Grand Prix,0,0,0,6.0,111.43078,108.519,1.0,47.1496894409937,25.435403726708,0.0,1.52919254658385
5,VET,Sebastian Vettel,Aston Martin,9.0,6.0,Finished,8.0,2022,8,Azerbaijan Grand Prix,0,0,0,9.0,111.56998,108.206,1.0,47.1496894409937,25.435403726708,0.0,1.52919254658385
14,ALO,Fernando Alonso,Alpine,10.0,7.0,Finished,6.0,2022,8,Azerbaijan Grand Prix,0,0,0,10.0,111.64402,107.989,1.0,47.1496894409937,25.435403726708,0.0,1.52919254658385
3,RIC,Daniel Ricciardo,McLaren,12.0,8.0,Finished,4.0,2022,8,Azerbaijan Grand Prix,0,0,0,12.0,111.50908,108.276,0.0,47.1496894409937,25.435403726708,0.0,1.52919254658385
4,NOR,Lando Norris,McLaren,11.0,9.0,Finished,2.0,2022,8,Azerbaijan Grand Prix,0,0,0,11.0,112.519549019607,107.997,1.0,47.1496894409937,25.435403726708,0.0,1.52919254658385
31,OCO,Esteban Ocon,Alpine,13.0,10.0,Finished,1.0,2022,8,Azerbaijan Grand Prix,0,0,0,13.0,111.966479999999,108.297,0.0,47.1496894409937,25.435403726708,0.0,1.52919254658385
77,BOT,Valtteri Bottas,Alfa Romeo,15.0,11.0,+1 Lap,0.0,2022,8,Azerbaijan Grand Prix,0,0,0,15.0,111.455395833333,108.179,0.0,47.1496894409937,25.435403726708,0.0,1.52919254658385
23,ALB,Alexander Albon,Williams,17.0,12.0,+1 Lap,0.0,2022,8,Azerbaijan Grand Prix,0,0,0,17.0,112.230959183673,107.966,2.0,47.1496894409937,25.435403726708,0.0,1.52919254658385
22,TSU,Yuki Tsunoda,AlphaTauri,8.0,13.0,+1 Lap,0.0,2022,8,Azerbaijan Grand Prix,0,0,0,8.0,112.315306122448,107.523,2.0,47.1496894409937,25.435403726708,0.0,1.52919254658385
47,MSC,Mick Schumacher,Haas F1 Team,20.0,14.0,+1 Lap,0.0,2022,8,Azerbaijan Grand Prix,0,0,0,20.0,113.076918367346,108.41,2.0,47.1496894409937,25.435403726708,0.0,1.52919254658385
6,LAT,Nicholas Latifi,Williams,18.0,15.0,+1 Lap,0.0,2022,8,Azerbaijan Grand Prix,0,0,0,18.0,114.208693877551,109.583,2.0,47.1496894409937,25.435403726708,0.0,1.52919254658385
18,STR,Lance Stroll,Aston Martin,19.0,16.0,Vibrations,0.0,2022,8,Azerbaijan Grand Prix,1,0,0,19.0,113.464866666666,108.038,1.0,47.1496894409937,25.435403726708,0.0,1.52919254658385
20,MAG,Kevin Magnussen,Haas F1 Team,16.0,17.0,Power Unit,0.0,2022,8,Azerbaijan Grand Prix,1,0,0,16.0,112.623161290322,108.789,1.0,47.1496894409937,25.435403726708,0.0,1.52919254658385
24,ZHO,Guanyu Zhou,Alfa Romeo,14.0,18.0,Hydraulics,0.0,2022,8,Azerbaijan Grand Prix,1,0,0,14.0,114.38252173913,108.723,1.0,47.1496894409937,25.435403726708,0.0,1.52919254658385
16,LEC,Charles Leclerc,Ferrari,1.0,19.0,Power Unit,0.0,2022,8,Azerbaijan Grand Prix,1,0,0,1.0,112.38645,107.531,1.0,47.1496894409937,25.435403726708,0.0,1.52919254658385
55,SAI,Carlos Sainz,Ferrari,4.0,20.0,Hydraulics,0.0,2022,8,Azerbaijan Grand Prix,1,0,0,4.0,109.80575,108.978,0.0,47.1496894409937,25.435403726708,0.0,1.52919254658385
1,VER,Max Verstappen,Red Bull Racing,1.0,1.0,Finished,25.0,2022,9,Canadian Grand Prix,0,1,1,1.0,82.5965285714285,75.839,2.0,41.2611111111111,20.7629629629629,0.0,3.55246913580246
55,SAI,Carlos Sainz,Ferrari,3.0,2.0,Finished,19.0,2022,9,Canadian Grand Prix,0,0,1,3.0,82.6107142857142,75.749,2.0,41.2611111111111,20.7629629629629,0.0,3.55246913580246
44,HAM,Lewis Hamilton,Mercedes,4.0,3.0,Finished,15.0,2022,9,Canadian Grand Prix,0,0,1,4.0,82.6966142857142,76.167,2.0,41.2611111111111,20.7629629629629,0.0,3.55246913580246
63,RUS,George Russell,Mercedes,8.0,4.0,Finished,12.0,2022,9,Canadian Grand Prix,0,0,0,8.0,82.7724285714285,76.418,2.0,41.2611111111111,20.7629629629629,0.0,3.55246913580246
16,LEC,Charles Leclerc,Ferrari,19.0,5.0,Finished,10.0,2022,9,Canadian Grand Prix,0,0,0,15.0,82.8132142857143,75.901,1.0,41.2611111111111,20.7629629629629,0.0,3.55246913580246
31,OCO,Esteban Ocon,Alpine,7.0,6.0,Finished,8.0,2022,9,Canadian Grand Prix,0,0,0,7.0,82.9378142857142,77.11,2.0,41.2611111111111,20.7629629629629,0.0,3.55246913580246
77,BOT,Valtteri Bottas,Alfa Romeo,11.0,7.0,Finished,6.0,2022,9,Canadian Grand Prix,0,0,0,11.0,82.9572,76.927,1.0,41.2611111111111,20.7629629629629,0.0,3.55246913580246
24,ZHO,Guanyu Zhou,Alfa Romeo,10.0,8.0,Finished,4.0,2022,9,Canadian Grand Prix,0,0,0,10.0,82.9815571428571,76.578,2.0,41.2611111111111,20.7629629629629,0.0,3.55246913580246
14,ALO,Fernando Alonso,Alpine,2.0,9.0,Finished,2.0,2022,9,Canadian Grand Prix,0,0,0,2.0,82.9528857142857,77.01,2.0,41.2611111111111,20.7629629629629,0.0,3.55246913580246
18,STR,Lance Stroll,Aston Martin,17.0,10.0,Finished,1.0,2022,9,Canadian Grand Prix,0,0,0,18.0,83.1425571428571,77.421,1.0,41.2611111111111,20.7629629629629,0.0,3.55246913580246
3,RIC,Daniel Ricciardo,McLaren,9.0,11.0,Finished,0.0,2022,9,Canadian Grand Prix,0,0,0,9.0,83.2114857142857,77.932,2.0,41.2611111111111,20.7629629629629,0.0,3.55246913580246
5,VET,Sebastian Vettel,Aston Martin,16.0,12.0,Finished,0.0,2022,9,Canadian Grand Prix,0,0,0,17.0,83.2286,77.956,2.0,41.2611111111111,20.7629629629629,0.0,3.55246913580246
23,ALB,Alexander Albon,Williams,12.0,13.0,Finished,0.0,2022,9,Canadian Grand Prix,0,0,0,12.0,83.2378571428571,77.951,2.0,41.2611111111111,20.7629629629629,0.0,3.55246913580246
10,GAS,Pierre Gasly,AlphaTauri,15.0,14.0,Finished,0.0,2022,9,Canadian Grand Prix,0,0,0,16.0,83.2419999999999,77.81,2.0,41.2611111111111,20.7629629629629,0.0,3.55246913580246
4,NOR,Lando Norris,McLaren,14.0,15.0,Finished,0.0,2022,9,Canadian Grand Prix,0,0,0,14.0,83.2700285714285,77.495,2.0,41.2611111111111,20.7629629629629,0.0,3.55246913580246
6,LAT,Nicholas Latifi,Williams,18.0,16.0,Finished,0.0,2022,9,Canadian Grand Prix,0,0,0,19.0,83.4533571428571,78.54,2.0,41.2611111111111,20.7629629629629,0.0,3.55246913580246
20,MAG,Kevin Magnussen,Haas F1 Team,5.0,17.0,Finished,0.0,2022,9,Canadian Grand Prix,0,0,0,5.0,83.5705285714285,78.046,1.0,41.2611111111111,20.7629629629629,0.0,3.55246913580246
22,TSU,Yuki Tsunoda,AlphaTauri,20.0,18.0,Accident,0.0,2022,9,Canadian Grand Prix,1,0,0,20.0,81.8966382978723,78.309,1.0,41.2611111111111,20.7629629629629,0.0,3.55246913580246
47,MSC,Mick Schumacher,Haas F1 Team,6.0,19.0,Engine,0.0,2022,9,Canadian Grand Prix,1,0,0,6.0,82.8672222222222,78.967,0.0,41.2611111111111,20.7629629629629,0.0,3.55246913580246
11,PER,Sergio Perez,Red Bull Racing,13.0,20.0,Gearbox,0.0,2022,9,Canadian Grand Prix,1,0,0,13.0,81.366,78.844,0.0,41.2611111111111,20.7629629629629,0.0,3.55246913580246
55,SAI,Carlos Sainz,Ferrari,1.0,1.0,Finished,25.0,2022,10,British Grand Prix,0,1,1,1.0,94.3228085106382,90.813,1.0,30.0261083743842,18.2532019704433,0.0443349753694581,1.45615763546798
11,PER,Sergio Perez,Red Bull Racing,4.0,2.0,Finished,18.0,2022,10,British Grand Prix,0,0,1,4.0,97.3095306122449,90.937,2.0,30.0261083743842,18.2532019704433,0.0443349753694581,1.45615763546798
44,HAM,Lewis Hamilton,Mercedes,5.0,3.0,Finished,16.0,2022,10,British Grand Prix,0,0,1,5.0,95.492125,90.51,1.0,30.0261083743842,18.2532019704433,0.0443349753694581,1.45615763546798
16,LEC,Charles Leclerc,Ferrari,3.0,4.0,Finished,12.0,2022,10,British Grand Prix,0,0,0,3.0,95.7013541666666,91.282,1.0,30.0261083743842,18.2532019704433,0.0443349753694581,1.45615763546798
14,ALO,Fernando Alonso,Alpine,7.0,5.0,Finished,10.0,2022,10,British Grand Prix,0,0,0,7.0,98.3780999999999,91.609,2.0,30.0261083743842,18.2532019704433,0.0443349753694581,1.45615763546798
4,NOR,Lando Norris,McLaren,6.0,6.0,Finished,8.0,2022,10,British Grand Prix,0,0,0,6.0,97.4256734693877,91.645,1.0,30.0261083743842,18.2532019704433,0.0443349753694581,1.45615763546798
1,VER,Max Verstappen,Red Bull Racing,2.0,7.0,Finished,6.0,2022,10,British Grand Prix,0,0,0,2.0,97.7470204081632,92.135,3.0,30.0261083743842,18.2532019704433,0.0443349753694581,1.45615763546798
47,MSC,Mick Schumacher,Haas F1 Team,19.0,8.0,Finished,4.0,2022,10,British Grand Prix,0,0,0,19.0,98.7822799999999,92.109,2.0,30.0261083743842,18.2532019704433,0.0443349753694581,1.45615763546798
5,VET,Sebastian Vettel,Aston Martin,18.0,9.0,Finished,2.0,2022,10,British Grand Prix,0,0,0,18.0,98.75674,92.471,2.0,30.0261083743842,18.2532019704433,0.0443349753694581,1.45615763546798
20,MAG,Kevin Magnussen,Haas F1 Team,17.0,10.0,Finished,1.0,2022,10,British Grand Prix,0,0,0,17.0,98.85244,92.661,1.0,30.0261083743842,18.2532019704433,0.0443349753694581,1.45615763546798
18,STR,Lance Stroll,Aston Martin,20.0,11.0,Finished,0.0,2022,10,British Grand Prix,0,0,0,20.0,99.8697450980392,92.379,2.0,30.0261083743842,18.2532019704433,0.0443349753694581,1.45615763546798
6,LAT,Nicholas Latifi,Williams,10.0,12.0,Finished,0.0,2022,10,British Grand Prix,0,0,0,10.0,100.089725490196,93.286,2.0,30.0261083743842,18.2532019704433,0.0443349753694581,1.45615763546798
3,RIC,Daniel Ricciardo,McLaren,14.0,13.0,Finished,0.0,2022,10,British Grand Prix,0,0,0,14.0,98.9214799999999,92.644,2.0,30.0261083743842,18.2532019704433,0.0443349753694581,1.45615763546798
22,TSU,Yuki Tsunoda,AlphaTauri,13.0,14.0,Finished,0.0,2022,10,British Grand Prix,0,0,0,13.0,101.231607843137,93.832,2.0,30.0261083743842,18.2532019704433,0.0443349753694581,1.45615763546798
31,OCO,Esteban Ocon,Alpine,15.0,15.0,Fuel pump,0.0,2022,10,British Grand Prix,1,0,0,15.0,101.551083333333,93.537,1.0,30.0261083743842,18.2532019704433,0.0443349753694581,1.45615763546798
10,GAS,Pierre Gasly,AlphaTauri,11.0,16.0,Collision damage,0.0,2022,10,British Grand Prix,1,0,0,11.0,100.90948,94.275,1.0,30.0261083743842,18.2532019704433,0.0443349753694581,1.45615763546798
77,BOT,Valtteri Bottas,Alfa Romeo,12.0,17.0,Gearbox,0.0,2022,10,British Grand Prix,1,0,0,12.0,101.372315789473,95.103,0.0,30.0261083743842,18.2532019704433,0.0443349753694581,1.45615763546798
63,RUS,George Russell,Mercedes,8.0,18.0,Collision,0.0,2022,10,British Grand Prix,1,0,0,8.0,,,,30.0261083743842,18.2532019704433,0.0443349753694581,1.45615763546798
24,ZHO,Guanyu Zhou,Alfa Romeo,9.0,19.0,Collision,0.0,2022,10,British Grand Prix,1,0,0,9.0,,,,30.0261083743842,18.2532019704433,0.0443349753694581,1.45615763546798
23,ALB,Alexander Albon,Williams,16.0,20.0,Collision,0.0,2022,10,British Grand Prix,1,0,0,16.0,,,,30.0261083743842,18.2532019704433,0.0443349753694581,1.45615763546798
16,LEC,Charles Leclerc,Ferrari,2.0,1.0,Finished,25.0,2022,11,Austrian Grand Prix,0,1,1,2.0,71.328338028169,67.583,3.0,30.7467105263157,20.2559210526315,0.0,1.25526315789473
1,VER,Max Verstappen,Red Bull Racing,1.0,2.0,Finished,19.0,2022,11,Austrian Grand Prix,0,0,1,1.0,71.3499154929577,67.275,3.0,30.7467105263157,20.2559210526315,0.0,1.25526315789473
44,HAM,Lewis Hamilton,Mercedes,8.0,3.0,Finished,15.0,2022,11,Austrian Grand Prix,0,0,1,9.0,71.9088591549295,69.0,2.0,30.7467105263157,20.2559210526315,0.0,1.25526315789473
63,RUS,George Russell,Mercedes,4.0,4.0,Finished,12.0,2022,11,Austrian Grand Prix,0,0,0,4.0,72.1589295774647,69.075,2.0,30.7467105263157,20.2559210526315,0.0,1.25526315789473
31,OCO,Esteban Ocon,Alpine,6.0,5.0,Finished,10.0,2022,11,Austrian Grand Prix,0,0,0,5.0,72.2922253521126,69.559,2.0,30.7467105263157,20.2559210526315,0.0,1.25526315789473
47,MSC,Mick Schumacher,Haas F1 Team,9.0,6.0,+1 Lap,8.0,2022,11,Austrian Grand Prix,0,0,0,7.0,72.4230285714285,69.625,2.0,30.7467105263157,20.2559210526315,0.0,1.25526315789473
4,NOR,Lando Norris,McLaren,10.0,7.0,+1 Lap,6.0,2022,11,Austrian Grand Prix,0,0,0,15.0,72.4645571428571,69.304,2.0,30.7467105263157,20.2559210526315,0.0,1.25526315789473
20,MAG,Kevin Magnussen,Haas F1 Team,7.0,8.0,+1 Lap,4.0,2022,11,Austrian Grand Prix,0,0,0,6.0,72.5132571428571,69.938,2.0,30.7467105263157,20.2559210526315,0.0,1.25526315789473
3,RIC,Daniel Ricciardo,McLaren,11.0,9.0,+1 Lap,2.0,2022,11,Austrian Grand Prix,0,0,0,16.0,72.5808,69.924,2.0,30.7467105263157,20.2559210526315,0.0,1.25526315789473
14,ALO,Fernando Alonso,Alpine,19.0,10.0,+1 Lap,1.0,2022,11,Austrian Grand Prix,0,0,0,8.0,72.6105285714285,68.558,3.0,30.7467105263157,20.2559210526315,0.0,1.25526315789473
77,BOT,Valtteri Bottas,Alfa Romeo,0.0,11.0,+1 Lap,0.0,2022,11,Austrian Grand Prix,0,0,0,12.0,72.6326714285714,69.266,3.0,30.7467105263157,20.2559210526315,0.0,1.25526315789473
23,ALB,Alexander Albon,Williams,15.0,12.0,+1 Lap,0.0,2022,11,Austrian Grand Prix,0,0,0,11.0,72.6984142857142,69.669,2.0,30.7467105263157,20.2559210526315,0.0,1.25526315789473
18,STR,Lance Stroll,Aston Martin,12.0,13.0,+1 Lap,0.0,2022,11,Austrian Grand Prix,0,0,0,17.0,72.7684142857142,70.004,2.0,30.7467105263157,20.2559210526315,0.0,1.25526315789473
24,ZHO,Guanyu Zhou,Alfa Romeo,13.0,14.0,+1 Lap,0.0,2022,11,Austrian Grand Prix,0,0,0,18.0,72.7930142857142,69.38,2.0,30.7467105263157,20.2559210526315,0.0,1.25526315789473
10,GAS,Pierre Gasly,AlphaTauri,14.0,15.0,+1 Lap,0.0,2022,11,Austrian Grand Prix,0,0,0,10.0,72.8245428571428,70.104,2.0,30.7467105263157,20.2559210526315,0.0,1.25526315789473
22,TSU,Yuki Tsunoda,AlphaTauri,16.0,16.0,+1 Lap,0.0,2022,11,Austrian Grand Prix,0,0,0,14.0,72.9207428571428,70.023,2.0,30.7467105263157,20.2559210526315,0.0,1.25526315789473
5,VET,Sebastian Vettel,Aston Martin,18.0,17.0,+1 Lap,0.0,2022,11,Austrian Grand Prix,0,0,0,20.0,72.8734857142857,70.0,2.0,30.7467105263157,20.2559210526315,0.0,1.25526315789473
55,SAI,Carlos Sainz,Ferrari,3.0,18.0,Power Unit,0.0,2022,11,Austrian Grand Prix,1,0,0,3.0,71.1604642857142,68.649,2.0,30.7467105263157,20.2559210526315,0.0,1.25526315789473
6,LAT,Nicholas Latifi,Williams,17.0,19.0,Undertray,0.0,2022,11,Austrian Grand Prix,1,0,0,19.0,73.4729583333333,70.89,2.0,30.7467105263157,20.2559210526315,0.0,1.25526315789473
11,PER,Sergio Perez,Red Bull Racing,5.0,20.0,Collision damage,0.0,2022,11,Austrian Grand Prix,1,0,0,13.0,75.6965,71.843,1.0,30.7467105263157,20.2559210526315,0.0,1.25526315789473
1,VER,Max Verstappen,Red Bull Racing,2.0,1.0,Finished,25.0,2022,12,French Grand Prix,0,1,1,2.0,99.8673529411764,97.491,1.0,54.46171875,30.16484375,0.0,1.94609374999999
44,HAM,Lewis Hamilton,Mercedes,4.0,2.0,Finished,18.0,2022,12,French Grand Prix,0,0,1,4.0,100.920769230769,97.668,0.0,54.46171875,30.16484375,0.0,1.94609374999999
63,RUS,George Russell,Mercedes,6.0,3.0,Finished,15.0,2022,12,French Grand Prix,0,0,1,6.0,101.079173076923,97.548,0.0,54.46171875,30.16484375,0.0,1.94609374999999
11,PER,Sergio Perez,Red Bull Racing,3.0,4.0,Finished,12.0,2022,12,French Grand Prix,0,0,0,3.0,101.1265,97.78,0.0,54.46171875,30.16484375,0.0,1.94609374999999
55,SAI,Carlos Sainz,Ferrari,19.0,5.0,Finished,11.0,2022,12,French Grand Prix,0,0,0,9.0,102.471396226415,95.781,2.0,54.46171875,30.16484375,0.0,1.94609374999999
14,ALO,Fernando Alonso,Alpine,7.0,6.0,Finished,8.0,2022,12,French Grand Prix,0,0,0,7.0,101.755096153846,98.16,0.0,54.46171875,30.16484375,0.0,1.94609374999999
4,NOR,Lando Norris,McLaren,5.0,7.0,Finished,6.0,2022,12,French Grand Prix,0,0,0,5.0,102.908264150943,98.985,1.0,54.46171875,30.16484375,0.0,1.94609374999999
31,OCO,Esteban Ocon,Alpine,10.0,8.0,Finished,4.0,2022,12,French Grand Prix,0,0,0,12.0,103.001339622641,98.684,1.0,54.46171875,30.16484375,0.0,1.94609374999999
3,RIC,Daniel Ricciardo,McLaren,9.0,9.0,Finished,2.0,2022,12,French Grand Prix,0,0,0,11.0,103.065735849056,99.133,1.0,54.46171875,30.16484375,0.0,1.94609374999999
18,STR,Lance Stroll,Aston Martin,15.0,10.0,Finished,1.0,2022,12,French Grand Prix,0,0,0,17.0,103.106811320754,99.185,1.0,54.46171875,30.16484375,0.0,1.94609374999999
5,VET,Sebastian Vettel,Aston Martin,12.0,11.0,Finished,0.0,2022,12,French Grand Prix,0,0,0,14.0,102.033115384615,99.044,1.0,54.46171875,30.16484375,0.0,1.94609374999999
10,GAS,Pierre Gasly,AlphaTauri,14.0,12.0,Finished,0.0,2022,12,French Grand Prix,0,0,0,16.0,103.161509433962,98.786,1.0,54.46171875,30.16484375,0.0,1.94609374999999
23,ALB,Alexander Albon,Williams,13.0,13.0,Finished,0.0,2022,12,French Grand Prix,0,0,0,15.0,103.220320754716,99.199,1.0,54.46171875,30.16484375,0.0,1.94609374999999
77,BOT,Valtteri Bottas,Alfa Romeo,11.0,14.0,Finished,0.0,2022,12,French Grand Prix,0,0,0,13.0,103.37316981132,97.963,2.0,54.46171875,30.16484375,0.0,1.94609374999999
47,MSC,Mick Schumacher,Haas F1 Team,17.0,15.0,Finished,0.0,2022,12,French Grand Prix,0,0,0,19.0,103.443509433962,99.068,2.0,54.46171875,30.16484375,0.0,1.94609374999999
24,ZHO,Guanyu Zhou,Alfa Romeo,16.0,16.0,+6 Laps,0.0,2022,12,French Grand Prix,1,0,0,18.0,104.490744680851,99.368,2.0,54.46171875,30.16484375,0.0,1.94609374999999
6,LAT,Nicholas Latifi,Williams,18.0,17.0,Collision damage,0.0,2022,12,French Grand Prix,1,0,0,20.0,103.610051282051,99.65,2.0,54.46171875,30.16484375,0.0,1.94609374999999
20,MAG,Kevin Magnussen,Haas F1 Team,20.0,18.0,Collision damage,0.0,2022,12,French Grand Prix,1,0,0,10.0,103.978864864864,99.265,2.0,54.46171875,30.16484375,0.0,1.94609374999999
16,LEC,Charles Leclerc,Ferrari,1.0,19.0,Accident,0.0,2022,12,French Grand Prix,1,0,0,1.0,99.1142352941176,98.088,0.0,54.46171875,30.16484375,0.0,1.94609374999999
22,TSU,Yuki Tsunoda,AlphaTauri,8.0,20.0,Undertray,0.0,2022,12,French Grand Prix,1,0,0,8.0,104.395705882352,100.216,1.0,54.46171875,30.16484375,0.0,1.94609374999999
1,VER,Max Verstappen,Red Bull Racing,10.0,1.0,Finished,25.0,2022,13,Hungarian Grand Prix,0,1,1,10.0,85.3701714285714,82.126,2.0,26.7209580838323,18.5598802395209,0.275449101796407,4.03413173652694
44,HAM,Lewis Hamilton,Mercedes,7.0,2.0,Finished,19.0,2022,13,Hungarian Grand Prix,0,0,1,7.0,85.4820857142857,81.386,2.0,26.7209580838323,18.5598802395209,0.275449101796407,4.03413173652694
63,RUS,George Russell,Mercedes,1.0,3.0,Finished,15.0,2022,13,Hungarian Grand Prix,0,0,1,1.0,85.5464142857142,82.766,2.0,26.7209580838323,18.5598802395209,0.275449101796407,4.03413173652694
55,SAI,Carlos Sainz,Ferrari,2.0,4.0,Finished,12.0,2022,13,Hungarian Grand Prix,0,0,0,2.0,85.5784428571428,82.0,2.0,26.7209580838323,18.5598802395209,0.275449101796407,4.03413173652694
11,PER,Sergio Perez,Red Bull Racing,11.0,5.0,Finished,10.0,2022,13,Hungarian Grand Prix,0,0,0,11.0,85.5942857142857,81.94,2.0,26.7209580838323,18.5598802395209,0.275449101796407,4.03413173652694
16,LEC,Charles Leclerc,Ferrari,3.0,6.0,Finished,8.0,2022,13,Hungarian Grand Prix,0,0,0,3.0,85.5994142857142,81.622,3.0,26.7209580838323,18.5598802395209,0.275449101796407,4.03413173652694
4,NOR,Lando Norris,McLaren,4.0,7.0,Finished,6.0,2022,13,Hungarian Grand Prix,0,0,0,4.0,86.4887428571428,83.043,2.0,26.7209580838323,18.5598802395209,0.275449101796407,4.03413173652694
14,ALO,Fernando Alonso,Alpine,6.0,8.0,+1 Lap,4.0,2022,13,Hungarian Grand Prix,0,0,0,6.0,86.7264637681159,83.979,1.0,26.7209580838323,18.5598802395209,0.275449101796407,4.03413173652694
31,OCO,Esteban Ocon,Alpine,5.0,9.0,+1 Lap,2.0,2022,13,Hungarian Grand Prix,0,0,0,5.0,86.7681159420289,84.149,1.0,26.7209580838323,18.5598802395209,0.275449101796407,4.03413173652694
5,VET,Sebastian Vettel,Aston Martin,18.0,10.0,+1 Lap,1.0,2022,13,Hungarian Grand Prix,0,0,0,18.0,86.7701884057971,82.824,2.0,26.7209580838323,18.5598802395209,0.275449101796407,4.03413173652694
18,STR,Lance Stroll,Aston Martin,14.0,11.0,+1 Lap,0.0,2022,13,Hungarian Grand Prix,0,0,0,14.0,86.8804927536231,82.437,2.0,26.7209580838323,18.5598802395209,0.275449101796407,4.03413173652694
10,GAS,Pierre Gasly,AlphaTauri,0.0,12.0,+1 Lap,0.0,2022,13,Hungarian Grand Prix,0,0,0,19.0,87.0681449275362,83.199,3.0,26.7209580838323,18.5598802395209,0.275449101796407,4.03413173652694
24,ZHO,Guanyu Zhou,Alfa Romeo,12.0,13.0,+1 Lap,0.0,2022,13,Hungarian Grand Prix,0,0,0,12.0,87.146768115942,82.029,2.0,26.7209580838323,18.5598802395209,0.275449101796407,4.03413173652694
47,MSC,Mick Schumacher,Haas F1 Team,15.0,14.0,+1 Lap,0.0,2022,13,Hungarian Grand Prix,0,0,0,15.0,87.1509275362318,83.151,2.0,26.7209580838323,18.5598802395209,0.275449101796407,4.03413173652694
3,RIC,Daniel Ricciardo,McLaren,9.0,15.0,+1 Lap,0.0,2022,13,Hungarian Grand Prix,0,0,0,9.0,87.1354927536232,83.59,2.0,26.7209580838323,18.5598802395209,0.275449101796407,4.03413173652694
20,MAG,Kevin Magnussen,Haas F1 Team,13.0,16.0,+1 Lap,0.0,2022,13,Hungarian Grand Prix,0,0,0,13.0,87.5642898550724,83.511,3.0,26.7209580838323,18.5598802395209,0.275449101796407,4.03413173652694
23,ALB,Alexander Albon,Williams,17.0,17.0,+1 Lap,0.0,2022,13,Hungarian Grand Prix,0,0,0,17.0,87.5766086956521,83.047,3.0,26.7209580838323,18.5598802395209,0.275449101796407,4.03413173652694
6,LAT,Nicholas Latifi,Williams,19.0,18.0,+1 Lap,0.0,2022,13,Hungarian Grand Prix,0,0,0,20.0,87.752304347826,82.478,3.0,26.7209580838323,18.5598802395209,0.275449101796407,4.03413173652694
22,TSU,Yuki Tsunoda,AlphaTauri,16.0,19.0,+2 Laps,0.0,2022,13,Hungarian Grand Prix,0,0,0,16.0,88.6579558823529,83.538,3.0,26.7209580838323,18.5598802395209,0.275449101796407,4.03413173652694
77,BOT,Valtteri Bottas,Alfa Romeo,8.0,20.0,Power Unit,0.0,2022,13,Hungarian Grand Prix,1,0,0,8.0,86.4807076923076,84.002,1.0,26.7209580838323,18.5598802395209,0.275449101796407,4.03413173652694
1,VER,Max Verstappen,Red Bull Racing,14.0,1.0,Finished,26.0,2022,14,Belgian Grand Prix,0,1,1,1.0,114.1045,109.354,2.0,36.0839743589743,21.7871794871794,0.0,1.51923076923076
11,PER,Sergio Perez,Red Bull Racing,2.0,2.0,Finished,18.0,2022,14,Belgian Grand Prix,0,0,1,3.0,114.245571428571,110.764,2.0,36.0839743589743,21.7871794871794,0.0,1.51923076923076
55,SAI,Carlos Sainz,Ferrari,1.0,3.0,Finished,15.0,2022,14,Belgian Grand Prix,0,0,1,2.0,114.390976190476,111.977,2.0,36.0839743589743,21.7871794871794,0.0,1.51923076923076
63,RUS,George Russell,Mercedes,5.0,4.0,Finished,12.0,2022,14,Belgian Grand Prix,0,0,0,8.0,114.594833333333,110.793,2.0,36.0839743589743,21.7871794871794,0.0,1.51923076923076
14,ALO,Fernando Alonso,Alpine,3.0,5.0,Finished,10.0,2022,14,Belgian Grand Prix,0,0,0,6.0,115.7175,112.868,2.0,36.0839743589743,21.7871794871794,0.0,1.51923076923076
16,LEC,Charles Leclerc,Ferrari,15.0,6.0,Finished,8.0,2022,14,Belgian Grand Prix,0,0,0,4.0,115.698238095238,109.984,2.0,36.0839743589743,21.7871794871794,0.0,1.51923076923076
31,OCO,Esteban Ocon,Alpine,16.0,7.0,Finished,6.0,2022,14,Belgian Grand Prix,0,0,0,5.0,115.987476190476,111.717,2.0,36.0839743589743,21.7871794871794,0.0,1.51923076923076
5,VET,Sebastian Vettel,Aston Martin,10.0,8.0,Finished,4.0,2022,14,Belgian Grand Prix,0,0,0,16.0,115.896857142857,112.515,2.0,36.0839743589743,21.7871794871794,0.0,1.51923076923076
10,GAS,Pierre Gasly,AlphaTauri,0.0,9.0,Finished,2.0,2022,14,Belgian Grand Prix,0,0,0,12.0,115.729780487804,113.002,3.0,36.0839743589743,21.7871794871794,0.0,1.51923076923076
23,ALB,Alexander Albon,Williams,6.0,10.0,Finished,1.0,2022,14,Belgian Grand Prix,0,0,0,9.0,116.506357142857,113.055,2.0,36.0839743589743,21.7871794871794,0.0,1.51923076923076
18,STR,Lance Stroll,Aston Martin,9.0,11.0,Finished,0.0,2022,14,Belgian Grand Prix,0,0,0,14.0,116.622547619047,112.88,2.0,36.0839743589743,21.7871794871794,0.0,1.51923076923076
4,NOR,Lando Norris,McLaren,17.0,12.0,Finished,0.0,2022,14,Belgian Grand Prix,0,0,0,10.0,116.72688095238,111.678,2.0,36.0839743589743,21.7871794871794,0.0,1.51923076923076
22,TSU,Yuki Tsunoda,AlphaTauri,0.0,13.0,Finished,0.0,2022,14,Belgian Grand Prix,0,0,0,19.0,116.853404761904,112.436,3.0,36.0839743589743,21.7871794871794,0.0,1.51923076923076
24,ZHO,Guanyu Zhou,Alfa Romeo,18.0,14.0,Finished,0.0,2022,14,Belgian Grand Prix,0,0,0,13.0,116.795999999999,112.317,2.0,36.0839743589743,21.7871794871794,0.0,1.51923076923076
3,RIC,Daniel Ricciardo,McLaren,7.0,15.0,Finished,0.0,2022,14,Belgian Grand Prix,0,0,0,11.0,116.618333333333,113.08,2.0,36.0839743589743,21.7871794871794,0.0,1.51923076923076
20,MAG,Kevin Magnussen,Haas F1 Team,12.0,16.0,+1 Lap,0.0,2022,14,Belgian Grand Prix,0,0,0,18.0,116.969219512195,113.332,2.0,36.0839743589743,21.7871794871794,0.0,1.51923076923076
47,MSC,Mick Schumacher,Haas F1 Team,19.0,17.0,+1 Lap,0.0,2022,14,Belgian Grand Prix,0,0,0,15.0,117.157390243902,112.212,2.0,36.0839743589743,21.7871794871794,0.0,1.51923076923076
6,LAT,Nicholas Latifi,Williams,11.0,18.0,+1 Lap,0.0,2022,14,Belgian Grand Prix,0,0,0,17.0,116.503675,112.256,2.0,36.0839743589743,21.7871794871794,0.0,1.51923076923076
77,BOT,Valtteri Bottas,Alfa Romeo,13.0,19.0,Accident,0.0,2022,14,Belgian Grand Prix,1,0,0,20.0,125.651,125.651,0.0,36.0839743589743,21.7871794871794,0.0,1.51923076923076
44,HAM,Lewis Hamilton,Mercedes,4.0,20.0,Collision damage,0.0,2022,14,Belgian Grand Prix,1,0,0,7.0,,,,36.0839743589743,21.7871794871794,0.0,1.51923076923076
1,VER,Max Verstappen,Red Bull Racing,1.0,1.0,Finished,26.0,2022,15,Dutch Grand Prix,0,1,1,1.0,79.5516056338028,73.652,3.0,33.4460122699386,22.7300613496932,0.0,1.06196319018404
63,RUS,George Russell,Mercedes,6.0,2.0,Finished,18.0,2022,15,Dutch Grand Prix,0,0,1,6.0,80.6506111111111,73.671,3.0,33.4460122699386,22.7300613496932,0.0,1.06196319018404
16,LEC,Charles Leclerc,Ferrari,2.0,3.0,Finished,15.0,2022,15,Dutch Grand Prix,0,0,1,2.0,80.7458611111111,74.413,4.0,33.4460122699386,22.7300613496932,0.0,1.06196319018404
44,HAM,Lewis Hamilton,Mercedes,4.0,4.0,Finished,12.0,2022,15,Dutch Grand Prix,0,0,0,4.0,80.7748472222222,73.854,3.0,33.4460122699386,22.7300613496932,0.0,1.06196319018404
11,PER,Sergio Perez,Red Bull Racing,5.0,5.0,Finished,10.0,2022,15,Dutch Grand Prix,0,0,0,5.0,80.8464027777777,74.404,4.0,33.4460122699386,22.7300613496932,0.0,1.06196319018404
14,ALO,Fernando Alonso,Alpine,13.0,6.0,Finished,8.0,2022,15,Dutch Grand Prix,0,0,0,13.0,80.8545416666666,74.144,3.0,33.4460122699386,22.7300613496932,0.0,1.06196319018404
4,NOR,Lando Norris,McLaren,7.0,7.0,Finished,6.0,2022,15,Dutch Grand Prix,0,0,0,7.0,80.8622083333333,74.706,3.0,33.4460122699386,22.7300613496932,0.0,1.06196319018404
55,SAI,Carlos Sainz,Ferrari,3.0,8.0,Finished,4.0,2022,15,Dutch Grand Prix,0,0,0,3.0,80.815125,74.643,3.0,33.4460122699386,22.7300613496932,0.0,1.06196319018404
31,OCO,Esteban Ocon,Alpine,12.0,9.0,Finished,2.0,2022,15,Dutch Grand Prix,0,0,0,12.0,80.8873611111111,75.084,3.0,33.4460122699386,22.7300613496932,0.0,1.06196319018404
18,STR,Lance Stroll,Aston Martin,10.0,10.0,Finished,1.0,2022,15,Dutch Grand Prix,0,0,0,10.0,80.906,75.043,4.0,33.4460122699386,22.7300613496932,0.0,1.06196319018404
10,GAS,Pierre Gasly,AlphaTauri,11.0,11.0,Finished,0.0,2022,15,Dutch Grand Prix,0,0,0,11.0,80.9691944444444,75.165,4.0,33.4460122699386,22.7300613496932,0.0,1.06196319018404
23,ALB,Alexander Albon,Williams,15.0,12.0,Finished,0.0,2022,15,Dutch Grand Prix,0,0,0,15.0,81.0161527777777,75.534,4.0,33.4460122699386,22.7300613496932,0.0,1.06196319018404
47,MSC,Mick Schumacher,Haas F1 Team,8.0,13.0,Finished,0.0,2022,15,Dutch Grand Prix,0,0,0,8.0,81.0523333333333,75.233,4.0,33.4460122699386,22.7300613496932,0.0,1.06196319018404
5,VET,Sebastian Vettel,Aston Martin,19.0,14.0,Finished,0.0,2022,15,Dutch Grand Prix,0,0,0,19.0,81.0247222222222,74.862,4.0,33.4460122699386,22.7300613496932,0.0,1.06196319018404
20,MAG,Kevin Magnussen,Haas F1 Team,18.0,15.0,Finished,0.0,2022,15,Dutch Grand Prix,0,0,0,18.0,81.1061388888888,75.369,4.0,33.4460122699386,22.7300613496932,0.0,1.06196319018404
24,ZHO,Guanyu Zhou,Alfa Romeo,14.0,16.0,Finished,0.0,2022,15,Dutch Grand Prix,0,0,0,14.0,81.1124027777777,75.94,4.0,33.4460122699386,22.7300613496932,0.0,1.06196319018404
3,RIC,Daniel Ricciardo,McLaren,17.0,17.0,Finished,0.0,2022,15,Dutch Grand Prix,0,0,0,17.0,81.1185694444444,75.577,5.0,33.4460122699386,22.7300613496932,0.0,1.06196319018404
6,LAT,Nicholas Latifi,Williams,20.0,18.0,+1 Lap,0.0,2022,15,Dutch Grand Prix,0,0,0,20.0,81.2728714285714,76.066,3.0,33.4460122699386,22.7300613496932,0.0,1.06196319018404
77,BOT,Valtteri Bottas,Alfa Romeo,16.0,19.0,Engine,0.0,2022,15,Dutch Grand Prix,1,0,0,16.0,80.0089811320754,76.844,2.0,33.4460122699386,22.7300613496932,0.0,1.06196319018404
22,TSU,Yuki Tsunoda,AlphaTauri,9.0,20.0,Differential,0.0,2022,15,Dutch Grand Prix,1,0,0,9.0,78.5578095238095,77.138,1.0,33.4460122699386,22.7300613496932,0.0,1.06196319018404
1,VER,Max Verstappen,Red Bull Racing,7.0,1.0,Finished,25.0,2022,16,Italian Grand Prix,0,1,1,2.0,91.0851132075471,84.745,2.0,43.138775510204,27.734693877551,0.0,1.36122448979591
16,LEC,Charles Leclerc,Ferrari,1.0,2.0,Finished,18.0,2022,16,Italian Grand Prix,0,0,1,1.0,91.1312641509434,84.336,3.0,43.138775510204,27.734693877551,0.0,1.36122448979591
63,RUS,George Russell,Mercedes,2.0,3.0,Finished,15.0,2022,16,Italian Grand Prix,0,0,1,6.0,89.938673076923,85.288,1.0,43.138775510204,27.734693877551,0.0,1.36122448979591
55,SAI,Carlos Sainz,Ferrari,18.0,4.0,Finished,12.0,2022,16,Italian Grand Prix,0,0,0,3.0,91.1806037735849,84.42,2.0,43.138775510204,27.734693877551,0.0,1.36122448979591
44,HAM,Lewis Hamilton,Mercedes,19.0,5.0,Finished,10.0,2022,16,Italian Grand Prix,0,0,0,5.0,91.1866226415094,84.434,1.0,43.138775510204,27.734693877551,0.0,1.36122448979591
11,PER,Sergio Perez,Red Bull Racing,13.0,6.0,Finished,9.0,2022,16,Italian Grand Prix,0,0,0,4.0,91.200037735849,84.03,2.0,43.138775510204,27.734693877551,0.0,1.36122448979591
4,NOR,Lando Norris,McLaren,3.0,7.0,Finished,6.0,2022,16,Italian Grand Prix,0,0,0,7.0,91.2022264150943,84.718,2.0,43.138775510204,27.734693877551,0.0,1.36122448979591
10,GAS,Pierre Gasly,AlphaTauri,5.0,8.0,Finished,4.0,2022,16,Italian Grand Prix,0,0,0,9.0,91.2057924528302,86.718,1.0,43.138775510204,27.734693877551,0.0,1.36122448979591
45,DEV,Nyck De Vries,Williams,8.0,9.0,Finished,2.0,2022,16,Italian Grand Prix,0,0,0,13.0,91.2194905660377,86.624,1.0,43.138775510204,27.734693877551,0.0,1.36122448979591
24,ZHO,Guanyu Zhou,Alfa Romeo,9.0,10.0,Finished,1.0,2022,16,Italian Grand Prix,0,0,0,14.0,91.234358490566,86.361,1.0,43.138775510204,27.734693877551,0.0,1.36122448979591
31,OCO,Esteban Ocon,Alpine,14.0,11.0,Finished,0.0,2022,16,Italian Grand Prix,0,0,0,11.0,91.2421509433962,86.593,1.0,43.138775510204,27.734693877551,0.0,1.36122448979591
47,MSC,Mick Schumacher,Haas F1 Team,17.0,12.0,Finished,0.0,2022,16,Italian Grand Prix,0,0,0,20.0,91.2464150943396,85.298,1.0,43.138775510204,27.734693877551,0.0,1.36122448979591
77,BOT,Valtteri Bottas,Alfa Romeo,15.0,13.0,+1 Lap,0.0,2022,16,Italian Grand Prix,0,0,0,12.0,92.8447692307692,85.706,1.0,43.138775510204,27.734693877551,0.0,1.36122448979591
22,TSU,Yuki Tsunoda,AlphaTauri,20.0,14.0,+1 Lap,0.0,2022,16,Italian Grand Prix,0,0,0,15.0,92.8629038461538,86.857,2.0,43.138775510204,27.734693877551,0.0,1.36122448979591
6,LAT,Nicholas Latifi,Williams,10.0,15.0,+1 Lap,0.0,2022,16,Italian Grand Prix,0,0,0,16.0,92.8904423076923,86.798,2.0,43.138775510204,27.734693877551,0.0,1.36122448979591
20,MAG,Kevin Magnussen,Haas F1 Team,16.0,16.0,+1 Lap,0.0,2022,16,Italian Grand Prix,0,0,0,19.0,92.9260961538461,86.798,2.0,43.138775510204,27.734693877551,0.0,1.36122448979591
3,RIC,Daniel Ricciardo,McLaren,4.0,17.0,Oil leak,0.0,2022,16,Italian Grand Prix,1,0,0,8.0,88.4885333333333,86.603,1.0,43.138775510204,27.734693877551,0.0,1.36122448979591
18,STR,Lance Stroll,Aston Martin,12.0,18.0,Engine,0.0,2022,16,Italian Grand Prix,1,0,0,18.0,89.4911025641025,87.467,1.0,43.138775510204,27.734693877551,0.0,1.36122448979591
14,ALO,Fernando Alonso,Alpine,6.0,19.0,Water pressure,0.0,2022,16,Italian Grand Prix,1,0,0,10.0,88.7844838709677,87.203,0.0,43.138775510204,27.734693877551,0.0,1.36122448979591
5,VET,Sebastian Vettel,Aston Martin,11.0,20.0,Engine,0.0,2022,16,Italian Grand Prix,1,0,0,17.0,88.8225,87.501,0.0,43.138775510204,27.734693877551,0.0,1.36122448979591
11,PER,Sergio Perez,Red Bull Racing,2.0,1.0,Finished,25.0,2022,17,Singapore Grand Prix,0,1,1,2.0,117.18531372549,108.165,0.0,28.9733333333333,26.2325490196078,0.180392156862745,0.929803921568627
16,LEC,Charles Leclerc,Ferrari,1.0,2.0,Finished,18.0,2022,17,Singapore Grand Prix,0,0,1,1.0,118.342807692307,108.753,1.0,28.9733333333333,26.2325490196078,0.180392156862745,0.929803921568627
55,SAI,Carlos Sainz,Ferrari,4.0,3.0,Finished,15.0,2022,17,Singapore Grand Prix,0,0,1,4.0,118.132274509803,108.414,0.0,28.9733333333333,26.2325490196078,0.180392156862745,0.929803921568627
4,NOR,Lando Norris,McLaren,6.0,4.0,Finished,12.0,2022,17,Singapore Grand Prix,0,0,0,6.0,119.797264150943,109.212,0.0,28.9733333333333,26.2325490196078,0.180392156862745,0.929803921568627
3,RIC,Daniel Ricciardo,McLaren,16.0,5.0,Finished,10.0,2022,17,Singapore Grand Prix,0,0,0,17.0,121.350679245283,111.006,0.0,28.9733333333333,26.2325490196078,0.180392156862745,0.929803921568627
18,STR,Lance Stroll,Aston Martin,11.0,6.0,Finished,8.0,2022,17,Singapore Grand Prix,0,0,0,12.0,121.370490566037,110.283,0.0,28.9733333333333,26.2325490196078,0.180392156862745,0.929803921568627
1,VER,Max Verstappen,Red Bull Racing,8.0,7.0,Finished,6.0,2022,17,Singapore Grand Prix,0,0,0,8.0,120.415538461538,109.142,1.0,28.9733333333333,26.2325490196078,0.180392156862745,0.929803921568627
5,VET,Sebastian Vettel,Aston Martin,13.0,8.0,Finished,4.0,2022,17,Singapore Grand Prix,0,0,0,14.0,121.100192307692,110.669,1.0,28.9733333333333,26.2325490196078,0.180392156862745,0.929803921568627
44,HAM,Lewis Hamilton,Mercedes,3.0,9.0,Finished,2.0,2022,17,Singapore Grand Prix,0,0,0,3.0,119.844882352941,110.622,0.0,28.9733333333333,26.2325490196078,0.180392156862745,0.929803921568627
10,GAS,Pierre Gasly,AlphaTauri,7.0,10.0,Finished,1.0,2022,17,Singapore Grand Prix,0,0,0,7.0,121.21623076923,110.569,1.0,28.9733333333333,26.2325490196078,0.180392156862745,0.929803921568627
77,BOT,Valtteri Bottas,Alfa Romeo,15.0,11.0,Finished,0.0,2022,17,Singapore Grand Prix,0,0,0,16.0,123.223759259259,111.864,0.0,28.9733333333333,26.2325490196078,0.180392156862745,0.929803921568627
20,MAG,Kevin Magnussen,Haas F1 Team,9.0,12.0,Finished,0.0,2022,17,Singapore Grand Prix,0,0,0,9.0,122.758685185185,112.067,0.0,28.9733333333333,26.2325490196078,0.180392156862745,0.929803921568627
47,MSC,Mick Schumacher,Haas F1 Team,12.0,13.0,+1 Lap,0.0,2022,17,Singapore Grand Prix,0,0,0,13.0,122.96768,110.29,0.0,28.9733333333333,26.2325490196078,0.180392156862745,0.929803921568627
63,RUS,George Russell,Mercedes,0.0,14.0,+2 Laps,0.0,2022,17,Singapore Grand Prix,0,0,0,11.0,124.810769230769,106.458,3.0,28.9733333333333,26.2325490196078,0.180392156862745,0.929803921568627
22,TSU,Yuki Tsunoda,AlphaTauri,10.0,15.0,Accident,0.0,2022,17,Singapore Grand Prix,1,0,0,10.0,126.818733333333,118.716,0.0,28.9733333333333,26.2325490196078,0.180392156862745,0.929803921568627
31,OCO,Esteban Ocon,Alpine,17.0,16.0,Engine,0.0,2022,17,Singapore Grand Prix,1,0,0,18.0,127.645333333333,121.105,0.0,28.9733333333333,26.2325490196078,0.180392156862745,0.929803921568627
23,ALB,Alexander Albon,Williams,18.0,17.0,Collision damage,0.0,2022,17,Singapore Grand Prix,1,0,0,19.0,129.044782608695,122.121,0.0,28.9733333333333,26.2325490196078,0.180392156862745,0.929803921568627
14,ALO,Fernando Alonso,Alpine,5.0,18.0,Engine,0.0,2022,17,Singapore Grand Prix,1,0,0,5.0,123.477555555555,120.463,0.0,28.9733333333333,26.2325490196078,0.180392156862745,0.929803921568627
6,LAT,Nicholas Latifi,Williams,19.0,19.0,Collision damage,0.0,2022,17,Singapore Grand Prix,1,0,0,20.0,129.881833333333,125.585,0.0,28.9733333333333,26.2325490196078,0.180392156862745,0.929803921568627
24,ZHO,Guanyu Zhou,Alfa Romeo,14.0,20.0,Collision,0.0,2022,17,Singapore Grand Prix,1,0,0,15.0,129.933333333333,125.556,0.0,28.9733333333333,26.2325490196078,0.180392156862745,0.929803921568627
1,VER,Max Verstappen,Red Bull Racing,1.0,1.0,Finished,25.0,2022,18,Japanese Grand Prix,0,1,1,1.0,109.074291666666,104.911,1.0,19.9305882352941,16.7176470588235,0.980392156862745,2.04078431372549
11,PER,Sergio Perez,Red Bull Racing,4.0,2.0,Finished,18.0,2022,18,Japanese Grand Prix,0,0,1,4.0,110.338208333333,106.12,1.0,19.9305882352941,16.7176470588235,0.980392156862745,2.04078431372549
16,LEC,Charles Leclerc,Ferrari,2.0,3.0,Finished,15.0,2022,18,Japanese Grand Prix,0,0,1,2.0,110.268083333333,104.489,1.0,19.9305882352941,16.7176470588235,0.980392156862745,2.04078431372549
31,OCO,Esteban Ocon,Alpine,5.0,4.0,Finished,12.0,2022,18,Japanese Grand Prix,0,0,0,5.0,111.059,106.559,1.0,19.9305882352941,16.7176470588235,0.980392156862745,2.04078431372549
44,HAM,Lewis Hamilton,Mercedes,6.0,5.0,Finished,10.0,2022,18,Japanese Grand Prix,0,0,0,6.0,111.226708333333,105.53,1.0,19.9305882352941,16.7176470588235,0.980392156862745,2.04078431372549
5,VET,Sebastian Vettel,Aston Martin,9.0,6.0,Finished,8.0,2022,18,Japanese Grand Prix,0,0,0,9.0,112.042833333333,106.964,1.0,19.9305882352941,16.7176470588235,0.980392156862745,2.04078431372549
14,ALO,Fernando Alonso,Alpine,7.0,7.0,Finished,6.0,2022,18,Japanese Grand Prix,0,0,0,7.0,111.57175,104.412,2.0,19.9305882352941,16.7176470588235,0.980392156862745,2.04078431372549
63,RUS,George Russell,Mercedes,8.0,8.0,Finished,4.0,2022,18,Japanese Grand Prix,0,0,0,8.0,111.736208333333,107.004,1.0,19.9305882352941,16.7176470588235,0.980392156862745,2.04078431372549
6,LAT,Nicholas Latifi,Williams,20.0,9.0,Finished,2.0,2022,18,Japanese Grand Prix,0,0,0,20.0,112.907083333333,108.371,1.0,19.9305882352941,16.7176470588235,0.980392156862745,2.04078431372549
4,NOR,Lando Norris,McLaren,10.0,10.0,Finished,1.0,2022,18,Japanese Grand Prix,0,0,0,10.0,113.002666666666,108.175,1.0,19.9305882352941,16.7176470588235,0.980392156862745,2.04078431372549
3,RIC,Daniel Ricciardo,McLaren,11.0,11.0,Finished,0.0,2022,18,Japanese Grand Prix,0,0,0,11.0,112.861041666666,107.843,1.0,19.9305882352941,16.7176470588235,0.980392156862745,2.04078431372549
18,STR,Lance Stroll,Aston Martin,19.0,12.0,Finished,0.0,2022,18,Japanese Grand Prix,0,0,0,19.0,113.059874999999,105.205,2.0,19.9305882352941,16.7176470588235,0.980392156862745,2.04078431372549
22,TSU,Yuki Tsunoda,AlphaTauri,13.0,13.0,Finished,0.0,2022,18,Japanese Grand Prix,0,0,0,13.0,113.056625,105.893,2.0,19.9305882352941,16.7176470588235,0.980392156862745,2.04078431372549
20,MAG,Kevin Magnussen,Haas F1 Team,18.0,14.0,Finished,0.0,2022,18,Japanese Grand Prix,0,0,0,18.0,113.604166666666,108.072,1.0,19.9305882352941,16.7176470588235,0.980392156862745,2.04078431372549
77,BOT,Valtteri Bottas,Alfa Romeo,12.0,15.0,Finished,0.0,2022,18,Japanese Grand Prix,0,0,0,12.0,113.641666666666,107.82,1.0,19.9305882352941,16.7176470588235,0.980392156862745,2.04078431372549
24,ZHO,Guanyu Zhou,Alfa Romeo,14.0,16.0,Finished,0.0,2022,18,Japanese Grand Prix,0,0,0,14.0,114.03075,104.411,2.0,19.9305882352941,16.7176470588235,0.980392156862745,2.04078431372549
47,MSC,Mick Schumacher,Haas F1 Team,15.0,17.0,Finished,0.0,2022,18,Japanese Grand Prix,0,0,0,15.0,113.78825,106.545,1.0,19.9305882352941,16.7176470588235,0.980392156862745,2.04078431372549
10,GAS,Pierre Gasly,AlphaTauri,17.0,18.0,Finished,0.0,2022,18,Japanese Grand Prix,0,0,0,17.0,114.168083333333,105.387,3.0,19.9305882352941,16.7176470588235,0.980392156862745,2.04078431372549
55,SAI,Carlos Sainz,Ferrari,3.0,19.0,Accident,0.0,2022,18,Japanese Grand Prix,1,0,0,3.0,,,,19.9305882352941,16.7176470588235,0.980392156862745,2.04078431372549
23,ALB,Alexander Albon,Williams,16.0,20.0,Hydraulics,0.0,2022,18,Japanese Grand Prix,1,0,0,16.0,,,,19.9305882352941,16.7176470588235,0.980392156862745,2.04078431372549
1,VER,Max Verstappen,Red Bull Racing,2.0,1.0,Finished,25.0,2022,19,United States Grand Prix,0,1,1,3.0,102.95738,99.541,2.0,35.5235294117647,29.285294117647,0.0,5.48705882352941
44,HAM,Lewis Hamilton,Mercedes,3.0,2.0,Finished,18.0,2022,19,United States Grand Prix,0,0,1,5.0,103.15706,99.83,2.0,35.5235294117647,29.285294117647,0.0,5.48705882352941
16,LEC,Charles Leclerc,Ferrari,12.0,3.0,Finished,15.0,2022,19,United States Grand Prix,0,0,1,2.0,103.09034,99.731,1.0,35.5235294117647,29.285294117647,0.0,5.48705882352941
11,PER,Sergio Perez,Red Bull Racing,9.0,4.0,Finished,12.0,2022,19,United States Grand Prix,0,0,0,4.0,103.41772,99.563,2.0,35.5235294117647,29.285294117647,0.0,5.48705882352941
63,RUS,George Russell,Mercedes,4.0,5.0,Finished,11.0,2022,19,United States Grand Prix,0,0,0,6.0,104.32752,98.788,3.0,35.5235294117647,29.285294117647,0.0,5.48705882352941
4,NOR,Lando Norris,McLaren,6.0,6.0,Finished,8.0,2022,19,United States Grand Prix,0,0,0,8.0,107.362339622641,101.322,2.0,35.5235294117647,29.285294117647,0.0,5.48705882352941
14,ALO,Fernando Alonso,Alpine,14.0,7.0,Finished,6.0,2022,19,United States Grand Prix,0,0,0,9.0,106.302134615384,101.804,0.0,35.5235294117647,29.285294117647,0.0,5.48705882352941
5,VET,Sebastian Vettel,Aston Martin,10.0,8.0,Finished,4.0,2022,19,United States Grand Prix,0,0,0,12.0,104.4283,101.538,1.0,35.5235294117647,29.285294117647,0.0,5.48705882352941
20,MAG,Kevin Magnussen,Haas F1 Team,13.0,9.0,Finished,2.0,2022,19,United States Grand Prix,0,0,0,16.0,107.418150943396,102.546,0.0,35.5235294117647,29.285294117647,0.0,5.48705882352941
22,TSU,Yuki Tsunoda,AlphaTauri,19.0,10.0,Finished,1.0,2022,19,United States Grand Prix,0,0,0,15.0,107.702830188679,102.206,2.0,35.5235294117647,29.285294117647,0.0,5.48705882352941
31,OCO,Esteban Ocon,Alpine,0.0,11.0,Finished,0.0,2022,19,United States Grand Prix,0,0,0,18.0,107.646018867924,101.243,2.0,35.5235294117647,29.285294117647,0.0,5.48705882352941
24,ZHO,Guanyu Zhou,Alfa Romeo,18.0,12.0,Finished,0.0,2022,19,United States Grand Prix,0,0,0,14.0,108.410759259259,102.394,1.0,35.5235294117647,29.285294117647,0.0,5.48705882352941
23,ALB,Alexander Albon,Williams,8.0,13.0,Finished,0.0,2022,19,United States Grand Prix,0,0,0,11.0,107.645452830188,102.471,1.0,35.5235294117647,29.285294117647,0.0,5.48705882352941
10,GAS,Pierre Gasly,AlphaTauri,11.0,14.0,Finished,0.0,2022,19,United States Grand Prix,0,0,0,13.0,106.012666666666,101.674,2.0,35.5235294117647,29.285294117647,0.0,5.48705882352941
47,MSC,Mick Schumacher,Haas F1 Team,16.0,15.0,Finished,0.0,2022,19,United States Grand Prix,0,0,0,19.0,107.745452830188,102.32,1.0,35.5235294117647,29.285294117647,0.0,5.48705882352941
3,RIC,Daniel Ricciardo,McLaren,15.0,16.0,Finished,0.0,2022,19,United States Grand Prix,0,0,0,17.0,108.883796296296,102.42,2.0,35.5235294117647,29.285294117647,0.0,5.48705882352941
6,LAT,Nicholas Latifi,Williams,17.0,17.0,Finished,0.0,2022,19,United States Grand Prix,0,0,0,20.0,108.123811320754,103.485,1.0,35.5235294117647,29.285294117647,0.0,5.48705882352941
18,STR,Lance Stroll,Aston Martin,5.0,18.0,Collision,0.0,2022,19,United States Grand Prix,1,0,0,7.0,108.429157894736,103.08,1.0,35.5235294117647,29.285294117647,0.0,5.48705882352941
77,BOT,Valtteri Bottas,Alfa Romeo,7.0,19.0,Spun off,0.0,2022,19,United States Grand Prix,1,0,0,10.0,105.7689375,103.391,1.0,35.5235294117647,29.285294117647,0.0,5.48705882352941
55,SAI,Carlos Sainz,Ferrari,1.0,20.0,Collision damage,0.0,2022,19,United States Grand Prix,1,0,0,1.0,115.016,115.016,0.0,35.5235294117647,29.285294117647,0.0,5.48705882352941
1,VER,Max Verstappen,Red Bull Racing,1.0,1.0,Finished,25.0,2022,20,Mexico City Grand Prix,0,1,1,1.0,83.3342112676056,82.046,1.0,41.6890909090909,24.3127272727272,0.0,1.33696969696969
44,HAM,Lewis Hamilton,Mercedes,3.0,2.0,Finished,18.0,2022,20,Mexico City Grand Prix,0,0,1,3.0,83.5480985915492,82.062,1.0,41.6890909090909,24.3127272727272,0.0,1.33696969696969
11,PER,Sergio Perez,Red Bull Racing,4.0,3.0,Finished,15.0,2022,20,Mexico City Grand Prix,0,0,1,4.0,83.5890985915493,81.775,1.0,41.6890909090909,24.3127272727272,0.0,1.33696969696969
63,RUS,George Russell,Mercedes,2.0,4.0,Finished,13.0,2022,20,Mexico City Grand Prix,0,0,0,2.0,84.0304225352112,80.153,2.0,41.6890909090909,24.3127272727272,0.0,1.33696969696969
55,SAI,Carlos Sainz,Ferrari,5.0,5.0,Finished,10.0,2022,20,Mexico City Grand Prix,0,0,0,5.0,84.1528450704225,82.199,1.0,41.6890909090909,24.3127272727272,0.0,1.33696969696969
16,LEC,Charles Leclerc,Ferrari,7.0,6.0,Finished,8.0,2022,20,Mexico City Grand Prix,0,0,0,7.0,84.3028591549295,82.603,1.0,41.6890909090909,24.3127272727272,0.0,1.33696969696969
3,RIC,Daniel Ricciardo,McLaren,11.0,7.0,+1 Lap,6.0,2022,20,Mexico City Grand Prix,0,0,0,11.0,84.8466571428571,82.022,1.0,41.6890909090909,24.3127272727272,0.0,1.33696969696969
31,OCO,Esteban Ocon,Alpine,10.0,8.0,+1 Lap,4.0,2022,20,Mexico City Grand Prix,0,0,0,10.0,85.0208285714285,83.279,1.0,41.6890909090909,24.3127272727272,0.0,1.33696969696969
4,NOR,Lando Norris,McLaren,8.0,9.0,+1 Lap,2.0,2022,20,Mexico City Grand Prix,0,0,0,8.0,85.0817571428571,83.402,1.0,41.6890909090909,24.3127272727272,0.0,1.33696969696969
77,BOT,Valtteri Bottas,Alfa Romeo,6.0,10.0,+1 Lap,1.0,2022,20,Mexico City Grand Prix,0,0,0,6.0,85.1301142857142,83.363,1.0,41.6890909090909,24.3127272727272,0.0,1.33696969696969
10,GAS,Pierre Gasly,AlphaTauri,14.0,11.0,+1 Lap,0.0,2022,20,Mexico City Grand Prix,0,0,0,14.0,85.1390428571428,82.277,1.0,41.6890909090909,24.3127272727272,0.0,1.33696969696969
23,ALB,Alexander Albon,Williams,17.0,12.0,+1 Lap,0.0,2022,20,Mexico City Grand Prix,0,0,0,19.0,85.1661714285714,82.914,1.0,41.6890909090909,24.3127272727272,0.0,1.33696969696969
24,ZHO,Guanyu Zhou,Alfa Romeo,12.0,13.0,+1 Lap,0.0,2022,20,Mexico City Grand Prix,0,0,0,12.0,85.3251571428571,82.26,1.0,41.6890909090909,24.3127272727272,0.0,1.33696969696969
5,VET,Sebastian Vettel,Aston Martin,16.0,14.0,+1 Lap,0.0,2022,20,Mexico City Grand Prix,0,0,0,17.0,85.3746714285714,83.086,1.0,41.6890909090909,24.3127272727272,0.0,1.33696969696969
18,STR,Lance Stroll,Aston Martin,20.0,15.0,+1 Lap,0.0,2022,20,Mexico City Grand Prix,0,0,0,18.0,85.5240285714285,82.463,2.0,41.6890909090909,24.3127272727272,0.0,1.33696969696969
47,MSC,Mick Schumacher,Haas F1 Team,15.0,16.0,+1 Lap,0.0,2022,20,Mexico City Grand Prix,0,0,0,16.0,85.6516142857142,83.641,1.0,41.6890909090909,24.3127272727272,0.0,1.33696969696969
20,MAG,Kevin Magnussen,Haas F1 Team,19.0,17.0,+1 Lap,0.0,2022,20,Mexico City Grand Prix,0,0,0,15.0,85.6735,83.3,1.0,41.6890909090909,24.3127272727272,0.0,1.33696969696969
6,LAT,Nicholas Latifi,Williams,18.0,18.0,+2 Laps,0.0,2022,20,Mexico City Grand Prix,0,0,0,20.0,86.5456811594203,83.709,2.0,41.6890909090909,24.3127272727272,0.0,1.33696969696969
14,ALO,Fernando Alonso,Alpine,9.0,19.0,Engine,0.0,2022,20,Mexico City Grand Prix,1,0,0,9.0,84.9216507936508,82.866,1.0,41.6890909090909,24.3127272727272,0.0,1.33696969696969
22,TSU,Yuki Tsunoda,AlphaTauri,13.0,20.0,Collision damage,0.0,2022,20,Mexico City Grand Prix,1,0,0,13.0,85.627,83.403,1.0,41.6890909090909,24.3127272727272,0.0,1.33696969696969
63,RUS,George Russell,Mercedes,1.0,1.0,Finished,26.0,2022,21,S√£o Paulo Grand Prix,0,1,1,3.0,83.2963943661971,73.785,2.0,46.0491017964071,23.0107784431137,0.0,1.4443113772455
44,HAM,Lewis Hamilton,Mercedes,2.0,2.0,Finished,18.0,2022,21,S√£o Paulo Grand Prix,0,0,1,8.0,83.3179295774648,73.942,2.0,46.0491017964071,23.0107784431137,0.0,1.4443113772455
55,SAI,Carlos Sainz,Ferrari,7.0,3.0,Finished,15.0,2022,21,S√£o Paulo Grand Prix,0,0,1,5.0,83.3534507042253,73.953,3.0,46.0491017964071,23.0107784431137,0.0,1.4443113772455
16,LEC,Charles Leclerc,Ferrari,5.0,4.0,Finished,12.0,2022,21,S√£o Paulo Grand Prix,0,0,0,10.0,83.4152816901408,74.253,3.0,46.0491017964071,23.0107784431137,0.0,1.4443113772455
14,ALO,Fernando Alonso,Alpine,17.0,5.0,Finished,10.0,2022,21,S√£o Paulo Grand Prix,0,0,0,7.0,83.4310563380281,74.164,3.0,46.0491017964071,23.0107784431137,0.0,1.4443113772455
1,VER,Max Verstappen,Red Bull Racing,3.0,6.0,Finished,8.0,2022,21,S√£o Paulo Grand Prix,0,0,0,2.0,83.438028169014,74.195,3.0,46.0491017964071,23.0107784431137,0.0,1.4443113772455
11,PER,Sergio Perez,Red Bull Racing,4.0,7.0,Finished,6.0,2022,21,S√£o Paulo Grand Prix,0,0,0,9.0,83.4947042253521,74.283,2.0,46.0491017964071,23.0107784431137,0.0,1.4443113772455
31,OCO,Esteban Ocon,Alpine,16.0,8.0,Finished,4.0,2022,21,S√£o Paulo Grand Prix,0,0,0,6.0,83.5596338028169,75.093,2.0,46.0491017964071,23.0107784431137,0.0,1.4443113772455
77,BOT,Valtteri Bottas,Alfa Romeo,14.0,9.0,Finished,2.0,2022,21,S√£o Paulo Grand Prix,0,0,0,18.0,83.614028169014,75.511,2.0,46.0491017964071,23.0107784431137,0.0,1.4443113772455
18,STR,Lance Stroll,Aston Martin,15.0,10.0,Finished,1.0,2022,21,S√£o Paulo Grand Prix,0,0,0,15.0,83.6281126760563,74.831,2.0,46.0491017964071,23.0107784431137,0.0,1.4443113772455
5,VET,Sebastian Vettel,Aston Martin,9.0,11.0,Finished,0.0,2022,21,S√£o Paulo Grand Prix,0,0,0,13.0,83.6651690140845,75.549,2.0,46.0491017964071,23.0107784431137,0.0,1.4443113772455
24,ZHO,Guanyu Zhou,Alfa Romeo,13.0,12.0,Finished,0.0,2022,21,S√£o Paulo Grand Prix,0,0,0,17.0,83.7094225352112,75.802,2.0,46.0491017964071,23.0107784431137,0.0,1.4443113772455
47,MSC,Mick Schumacher,Haas F1 Team,12.0,13.0,Finished,0.0,2022,21,S√£o Paulo Grand Prix,0,0,0,20.0,83.7175070422535,75.251,2.0,46.0491017964071,23.0107784431137,0.0,1.4443113772455
10,GAS,Pierre Gasly,AlphaTauri,10.0,14.0,Finished,0.0,2022,21,S√£o Paulo Grand Prix,0,0,0,12.0,83.6748028169014,75.327,3.0,46.0491017964071,23.0107784431137,0.0,1.4443113772455
23,ALB,Alexander Albon,Williams,19.0,15.0,Finished,0.0,2022,21,S√£o Paulo Grand Prix,0,0,0,11.0,83.8036619718309,75.613,3.0,46.0491017964071,23.0107784431137,0.0,1.4443113772455
6,LAT,Nicholas Latifi,Williams,18.0,16.0,Finished,0.0,2022,21,S√£o Paulo Grand Prix,0,0,0,16.0,83.8180563380281,75.327,3.0,46.0491017964071,23.0107784431137,0.0,1.4443113772455
22,TSU,Yuki Tsunoda,AlphaTauri,0.0,17.0,+1 Lap,0.0,2022,21,S√£o Paulo Grand Prix,0,0,0,19.0,84.9477857142857,75.508,4.0,46.0491017964071,23.0107784431137,0.0,1.4443113772455
4,NOR,Lando Norris,McLaren,6.0,18.0,Gearbox,0.0,2022,21,S√£o Paulo Grand Prix,1,0,0,4.0,82.71164,75.855,2.0,46.0491017964071,23.0107784431137,0.0,1.4443113772455
20,MAG,Kevin Magnussen,Haas F1 Team,8.0,19.0,Collision,0.0,2022,21,S√£o Paulo Grand Prix,1,0,0,1.0,,,,46.0491017964071,23.0107784431137,0.0,1.4443113772455
3,RIC,Daniel Ricciardo,McLaren,11.0,20.0,Collision,0.0,2022,21,S√£o Paulo Grand Prix,1,0,0,14.0,,,,46.0491017964071,23.0107784431137,0.0,1.4443113772455
1,VER,Max Verstappen,Red Bull Racing,1.0,1.0,Finished,25.0,2022,22,Abu Dhabi Grand Prix,0,1,1,1.0,90.7916206896551,89.392,1.0,34.3103225806451,28.5754838709677,0.0,2.60838709677419
16,LEC,Charles Leclerc,Ferrari,3.0,2.0,Finished,18.0,2022,22,Abu Dhabi Grand Prix,0,0,1,3.0,90.9428448275862,89.719,1.0,34.3103225806451,28.5754838709677,0.0,2.60838709677419
11,PER,Sergio Perez,Red Bull Racing,2.0,3.0,Finished,15.0,2022,22,Abu Dhabi Grand Prix,0,0,1,2.0,90.9656379310344,88.972,2.0,34.3103225806451,28.5754838709677,0.0,2.60838709677419
55,SAI,Carlos Sainz,Ferrari,4.0,4.0,Finished,12.0,2022,22,Abu Dhabi Grand Prix,0,0,0,4.0,91.2207931034482,88.879,2.0,34.3103225806451,28.5754838709677,0.0,2.60838709677419
63,RUS,George Russell,Mercedes,6.0,5.0,Finished,10.0,2022,22,Abu Dhabi Grand Prix,0,0,0,6.0,91.4103793103448,88.836,2.0,34.3103225806451,28.5754838709677,0.0,2.60838709677419
4,NOR,Lando Norris,McLaren,7.0,6.0,Finished,9.0,2022,22,Abu Dhabi Grand Prix,0,0,0,7.0,91.7611724137931,88.391,2.0,34.3103225806451,28.5754838709677,0.0,2.60838709677419
31,OCO,Esteban Ocon,Alpine,8.0,7.0,Finished,6.0,2022,22,Abu Dhabi Grand Prix,0,0,0,8.0,91.7785172413793,89.333,2.0,34.3103225806451,28.5754838709677,0.0,2.60838709677419
18,STR,Lance Stroll,Aston Martin,14.0,8.0,Finished,4.0,2022,22,Abu Dhabi Grand Prix,0,0,0,14.0,92.1180172413793,89.62,2.0,34.3103225806451,28.5754838709677,0.0,2.60838709677419
3,RIC,Daniel Ricciardo,McLaren,13.0,9.0,Finished,2.0,2022,22,Abu Dhabi Grand Prix,0,0,0,10.0,92.2272758620689,90.785,1.0,34.3103225806451,28.5754838709677,0.0,2.60838709677419
5,VET,Sebastian Vettel,Aston Martin,9.0,10.0,Finished,1.0,2022,22,Abu Dhabi Grand Prix,0,0,0,9.0,92.2381379310344,90.312,1.0,34.3103225806451,28.5754838709677,0.0,2.60838709677419
22,TSU,Yuki Tsunoda,AlphaTauri,11.0,11.0,Finished,0.0,2022,22,Abu Dhabi Grand Prix,0,0,0,12.0,92.3325,89.489,2.0,34.3103225806451,28.5754838709677,0.0,2.60838709677419
24,ZHO,Guanyu Zhou,Alfa Romeo,15.0,12.0,+1 Lap,0.0,2022,22,Abu Dhabi Grand Prix,0,0,0,15.0,92.7186666666666,89.6,2.0,34.3103225806451,28.5754838709677,0.0,2.60838709677419
23,ALB,Alexander Albon,Williams,19.0,13.0,+1 Lap,0.0,2022,22,Abu Dhabi Grand Prix,0,0,0,19.0,92.7341052631579,89.939,2.0,34.3103225806451,28.5754838709677,0.0,2.60838709677419
10,GAS,Pierre Gasly,AlphaTauri,17.0,14.0,+1 Lap,0.0,2022,22,Abu Dhabi Grand Prix,0,0,0,17.0,92.7449649122807,91.018,1.0,34.3103225806451,28.5754838709677,0.0,2.60838709677419
77,BOT,Valtteri Bottas,Alfa Romeo,18.0,15.0,+1 Lap,0.0,2022,22,Abu Dhabi Grand Prix,0,0,0,18.0,92.9055614035087,90.352,1.0,34.3103225806451,28.5754838709677,0.0,2.60838709677419
47,MSC,Mick Schumacher,Haas F1 Team,12.0,16.0,+1 Lap,0.0,2022,22,Abu Dhabi Grand Prix,0,0,0,13.0,93.0698947368421,89.833,2.0,34.3103225806451,28.5754838709677,0.0,2.60838709677419
20,MAG,Kevin Magnussen,Haas F1 Team,16.0,17.0,+1 Lap,0.0,2022,22,Abu Dhabi Grand Prix,0,0,0,16.0,93.2744210526315,91.158,1.0,34.3103225806451,28.5754838709677,0.0,2.60838709677419
44,HAM,Lewis Hamilton,Mercedes,5.0,18.0,Hydraulics,0.0,2022,22,Abu Dhabi Grand Prix,1,0,0,5.0,91.9452181818181,89.788,1.0,34.3103225806451,28.5754838709677,0.0,2.60838709677419
6,LAT,Nicholas Latifi,Williams,20.0,19.0,Collision damage,0.0,2022,22,Abu Dhabi Grand Prix,1,0,0,20.0,94.4725090909091,90.309,2.0,34.3103225806451,28.5754838709677,0.0,2.60838709677419
14,ALO,Fernando Alonso,Alpine,10.0,20.0,Water leak,0.0,2022,22,Abu Dhabi Grand Prix,1,0,0,11.0,93.0946296296296,90.579,1.0,34.3103225806451,28.5754838709677,0.0,2.60838709677419
1,VER,Max Verstappen,Red Bull Racing,1.0,1.0,Finished,25.0,2023,1,Bahrain Grand Prix,0,1,1,1.0,98.8901052631578,96.236,2.0,31.011801242236,27.4316770186335,0.0,0.683229813664596
11,PER,Sergio Perez,Red Bull Racing,2.0,2.0,Finished,18.0,2023,1,Bahrain Grand Prix,0,0,1,2.0,99.1004035087719,96.344,2.0,31.011801242236,27.4316770186335,0.0,0.683229813664596
14,ALO,Fernando Alonso,Aston Martin,5.0,3.0,Finished,15.0,2023,1,Bahrain Grand Prix,0,0,1,5.0,99.567947368421,96.156,2.0,31.011801242236,27.4316770186335,0.0,0.683229813664596
55,SAI,Carlos Sainz,Ferrari,4.0,4.0,Finished,12.0,2023,1,Bahrain Grand Prix,0,0,0,4.0,99.7331228070175,97.13,2.0,31.011801242236,27.4316770186335,0.0,0.683229813664596
44,HAM,Lewis Hamilton,Mercedes,7.0,5.0,Finished,10.0,2023,1,Bahrain Grand Prix,0,0,0,7.0,99.7844385964912,96.546,2.0,31.011801242236,27.4316770186335,0.0,0.683229813664596
18,STR,Lance Stroll,Aston Martin,8.0,6.0,Finished,8.0,2023,1,Bahrain Grand Prix,0,0,0,8.0,99.8462807017544,96.546,2.0,31.011801242236,27.4316770186335,0.0,0.683229813664596
63,RUS,George Russell,Mercedes,6.0,7.0,Finished,6.0,2023,1,Bahrain Grand Prix,0,0,0,6.0,99.8703333333333,97.035,2.0,31.011801242236,27.4316770186335,0.0,0.683229813664596
77,BOT,Valtteri Bottas,Alfa Romeo,12.0,8.0,Finished,4.0,2023,1,Bahrain Grand Prix,0,0,0,12.0,100.164614035087,97.379,2.0,31.011801242236,27.4316770186335,0.0,0.683229813664596
10,GAS,Pierre Gasly,Alpine,20.0,9.0,Finished,2.0,2023,1,Bahrain Grand Prix,0,0,0,20.0,100.184017543859,95.068,3.0,31.011801242236,27.4316770186335,0.0,0.683229813664596
23,ALB,Alexander Albon,Williams,15.0,10.0,Finished,1.0,2023,1,Bahrain Grand Prix,0,0,0,15.0,100.465087719298,97.144,3.0,31.011801242236,27.4316770186335,0.0,0.683229813664596
22,TSU,Yuki Tsunoda,AlphaTauri,14.0,11.0,Finished,0.0,2023,1,Bahrain Grand Prix,0,0,0,14.0,100.484315789473,96.637,3.0,31.011801242236,27.4316770186335,0.0,0.683229813664596
2,SAR,Logan Sargeant,Williams,16.0,12.0,Lapped,0.0,2023,1,Bahrain Grand Prix,1,0,0,16.0,100.676285714285,96.037,3.0,31.011801242236,27.4316770186335,0.0,0.683229813664596
20,MAG,Kevin Magnussen,Haas F1 Team,17.0,13.0,Lapped,0.0,2023,1,Bahrain Grand Prix,1,0,0,17.0,100.955232142857,96.471,3.0,31.011801242236,27.4316770186335,0.0,0.683229813664596
21,DEV,Nyck De Vries,AlphaTauri,19.0,14.0,Lapped,0.0,2023,1,Bahrain Grand Prix,1,0,0,19.0,101.058196428571,97.709,2.0,31.011801242236,27.4316770186335,0.0,0.683229813664596
27,HUL,Nico Hulkenberg,Haas F1 Team,10.0,15.0,Lapped,0.0,2023,1,Bahrain Grand Prix,1,0,0,10.0,101.082982142857,96.616,3.0,31.011801242236,27.4316770186335,0.0,0.683229813664596
24,ZHO,Guanyu Zhou,Alfa Romeo,13.0,16.0,Lapped,0.0,2023,1,Bahrain Grand Prix,1,0,0,13.0,101.364017857142,93.996,3.0,31.011801242236,27.4316770186335,0.0,0.683229813664596
4,NOR,Lando Norris,McLaren,11.0,17.0,Lapped,0.0,2023,1,Bahrain Grand Prix,1,0,0,11.0,102.606763636363,95.257,6.0,31.011801242236,27.4316770186335,0.0,0.683229813664596
31,OCO,Esteban Ocon,Alpine,9.0,18.0,Retired,0.0,2023,1,Bahrain Grand Prix,1,0,0,9.0,102.916243902439,96.797,3.0,31.011801242236,27.4316770186335,0.0,0.683229813664596
16,LEC,Charles Leclerc,Ferrari,3.0,19.0,Retired,0.0,2023,1,Bahrain Grand Prix,1,0,0,3.0,99.6440512820512,97.17,2.0,31.011801242236,27.4316770186335,0.0,0.683229813664596
81,PIA,Oscar Piastri,McLaren,18.0,20.0,Retired,0.0,2023,1,Bahrain Grand Prix,1,0,0,18.0,103.275769230769,100.691,0.0,31.011801242236,27.4316770186335,0.0,0.683229813664596
11,PER,Sergio Perez,Red Bull Racing,1.0,1.0,Finished,25.0,2023,2,Saudi Arabian Grand Prix,0,1,1,1.0,94.2450208333333,92.188,0.0,31.7925675675675,26.0918918918918,0.0,1.77229729729729
1,VER,Max Verstappen,Red Bull Racing,15.0,2.0,Finished,19.0,2023,2,Saudi Arabian Grand Prix,0,0,1,15.0,94.9266458333333,91.906,0.0,31.7925675675675,26.0918918918918,0.0,1.77229729729729
14,ALO,Fernando Alonso,Aston Martin,2.0,3.0,Finished,15.0,2023,2,Saudi Arabian Grand Prix,0,0,1,3.0,94.835875,92.24,0.0,31.7925675675675,26.0918918918918,0.0,1.77229729729729
63,RUS,George Russell,Mercedes,3.0,4.0,Finished,12.0,2023,2,Saudi Arabian Grand Prix,0,0,0,4.0,95.1603541666666,92.433,0.0,31.7925675675675,26.0918918918918,0.0,1.77229729729729
44,HAM,Lewis Hamilton,Mercedes,7.0,5.0,Finished,10.0,2023,2,Saudi Arabian Grand Prix,0,0,0,8.0,95.643625,92.941,0.0,31.7925675675675,26.0918918918918,0.0,1.77229729729729
55,SAI,Carlos Sainz,Ferrari,4.0,6.0,Finished,8.0,2023,2,Saudi Arabian Grand Prix,0,0,0,5.0,97.046387755102,92.822,1.0,31.7925675675675,26.0918918918918,0.0,1.77229729729729
16,LEC,Charles Leclerc,Ferrari,12.0,7.0,Finished,6.0,2023,2,Saudi Arabian Grand Prix,0,0,0,2.0,97.243,93.056,1.0,31.7925675675675,26.0918918918918,0.0,1.77229729729729
31,OCO,Esteban Ocon,Alpine,6.0,8.0,Finished,4.0,2023,2,Saudi Arabian Grand Prix,0,0,0,7.0,97.4653469387755,93.222,1.0,31.7925675675675,26.0918918918918,0.0,1.77229729729729
10,GAS,Pierre Gasly,Alpine,9.0,9.0,Finished,2.0,2023,2,Saudi Arabian Grand Prix,0,0,0,10.0,97.5307959183673,93.392,1.0,31.7925675675675,26.0918918918918,0.0,1.77229729729729
20,MAG,Kevin Magnussen,Haas F1 Team,13.0,10.0,Finished,1.0,2023,2,Saudi Arabian Grand Prix,0,0,0,13.0,98.7944,93.374,1.0,31.7925675675675,26.0918918918918,0.0,1.77229729729729
22,TSU,Yuki Tsunoda,AlphaTauri,16.0,11.0,Finished,0.0,2023,2,Saudi Arabian Grand Prix,0,0,0,16.0,97.7548367346938,93.931,1.0,31.7925675675675,26.0918918918918,0.0,1.77229729729729
27,HUL,Nico Hulkenberg,Haas F1 Team,10.0,12.0,Finished,0.0,2023,2,Saudi Arabian Grand Prix,0,0,0,11.0,98.90964,93.78,1.0,31.7925675675675,26.0918918918918,0.0,1.77229729729729
24,ZHO,Guanyu Zhou,Alfa Romeo,11.0,13.0,Finished,0.0,2023,2,Saudi Arabian Grand Prix,0,0,0,12.0,99.0190799999999,93.894,2.0,31.7925675675675,26.0918918918918,0.0,1.77229729729729
21,DEV,Nyck De Vries,AlphaTauri,18.0,14.0,Finished,0.0,2023,2,Saudi Arabian Grand Prix,0,0,0,18.0,99.04744,93.609,1.0,31.7925675675675,26.0918918918918,0.0,1.77229729729729
81,PIA,Oscar Piastri,McLaren,8.0,15.0,Finished,0.0,2023,2,Saudi Arabian Grand Prix,0,0,0,9.0,99.1983,94.287,1.0,31.7925675675675,26.0918918918918,0.0,1.77229729729729
2,SAR,Logan Sargeant,Williams,20.0,16.0,Finished,0.0,2023,2,Saudi Arabian Grand Prix,0,0,0,20.0,99.2237399999999,94.469,1.0,31.7925675675675,26.0918918918918,0.0,1.77229729729729
4,NOR,Lando Norris,McLaren,19.0,17.0,Finished,0.0,2023,2,Saudi Arabian Grand Prix,0,0,0,19.0,99.22678,94.122,2.0,31.7925675675675,26.0918918918918,0.0,1.77229729729729
77,BOT,Valtteri Bottas,Alfa Romeo,14.0,18.0,Lapped,0.0,2023,2,Saudi Arabian Grand Prix,1,0,0,14.0,99.0276666666666,94.384,2.0,31.7925675675675,26.0918918918918,0.0,1.77229729729729
23,ALB,Alexander Albon,Williams,17.0,19.0,Retired,0.0,2023,2,Saudi Arabian Grand Prix,1,0,0,17.0,100.94432,95.567,0.0,31.7925675675675,26.0918918918918,0.0,1.77229729729729
18,STR,Lance Stroll,Aston Martin,5.0,20.0,Retired,0.0,2023,2,Saudi Arabian Grand Prix,1,0,0,6.0,97.324,95.14,1.0,31.7925675675675,26.0918918918918,0.0,1.77229729729729
1,VER,Max Verstappen,Red Bull Racing,1.0,1.0,Finished,25.0,2023,3,Australian Grand Prix,0,1,1,1.0,85.4693846153846,80.342,0.0,30.1396396396396,17.4495495495495,0.0,1.12702702702702
44,HAM,Lewis Hamilton,Mercedes,3.0,2.0,Finished,18.0,2023,3,Australian Grand Prix,0,0,1,3.0,87.4888867924528,80.613,0.0,30.1396396396396,17.4495495495495,0.0,1.12702702702702
14,ALO,Fernando Alonso,Aston Martin,4.0,3.0,Finished,15.0,2023,3,Australian Grand Prix,0,0,1,4.0,85.7737307692307,80.476,0.0,30.1396396396396,17.4495495495495,0.0,1.12702702702702
18,STR,Lance Stroll,Aston Martin,6.0,4.0,Finished,12.0,2023,3,Australian Grand Prix,0,0,0,6.0,86.1212692307692,80.934,0.0,30.1396396396396,17.4495495495495,0.0,1.12702702702702
11,PER,Sergio Perez,Red Bull Racing,20.0,5.0,Finished,11.0,2023,3,Australian Grand Prix,0,0,0,20.0,86.3803461538461,80.235,3.0,30.1396396396396,17.4495495495495,0.0,1.12702702702702
4,NOR,Lando Norris,McLaren,13.0,6.0,Finished,8.0,2023,3,Australian Grand Prix,0,0,0,13.0,86.561673076923,81.173,0.0,30.1396396396396,17.4495495495495,0.0,1.12702702702702
27,HUL,Nico Hulkenberg,Haas F1 Team,10.0,7.0,Finished,6.0,2023,3,Australian Grand Prix,0,0,0,10.0,86.5293653846153,81.124,0.0,30.1396396396396,17.4495495495495,0.0,1.12702702702702
81,PIA,Oscar Piastri,McLaren,16.0,8.0,Finished,4.0,2023,3,Australian Grand Prix,0,0,0,16.0,87.2793076923077,81.335,0.0,30.1396396396396,17.4495495495495,0.0,1.12702702702702
24,ZHO,Guanyu Zhou,Alfa Romeo,17.0,9.0,Finished,2.0,2023,3,Australian Grand Prix,0,0,0,17.0,87.8501346153846,81.819,1.0,30.1396396396396,17.4495495495495,0.0,1.12702702702702
22,TSU,Yuki Tsunoda,AlphaTauri,12.0,10.0,Finished,1.0,2023,3,Australian Grand Prix,0,0,0,12.0,87.7983461538461,81.789,0.0,30.1396396396396,17.4495495495495,0.0,1.12702702702702
77,BOT,Valtteri Bottas,Alfa Romeo,19.0,11.0,Finished,0.0,2023,3,Australian Grand Prix,0,0,0,19.0,87.8648431372549,82.233,2.0,30.1396396396396,17.4495495495495,0.0,1.12702702702702
55,SAI,Carlos Sainz,Ferrari,5.0,12.0,Finished,0.0,2023,3,Australian Grand Prix,0,0,0,5.0,86.0938076923076,80.467,0.0,30.1396396396396,17.4495495495495,0.0,1.12702702702702
10,GAS,Pierre Gasly,Alpine,9.0,13.0,Retired,0.0,2023,3,Australian Grand Prix,1,0,0,9.0,86.08175,80.995,0.0,30.1396396396396,17.4495495495495,0.0,1.12702702702702
31,OCO,Esteban Ocon,Alpine,11.0,14.0,Retired,0.0,2023,3,Australian Grand Prix,1,0,0,11.0,86.7491538461538,81.203,1.0,30.1396396396396,17.4495495495495,0.0,1.12702702702702
21,DEV,Nyck De Vries,AlphaTauri,15.0,15.0,Retired,0.0,2023,3,Australian Grand Prix,1,0,0,15.0,88.3906078431372,81.183,1.0,30.1396396396396,17.4495495495495,0.0,1.12702702702702
2,SAR,Logan Sargeant,Williams,18.0,16.0,Retired,0.0,2023,3,Australian Grand Prix,1,0,0,18.0,88.2158431372549,81.456,3.0,30.1396396396396,17.4495495495495,0.0,1.12702702702702
20,MAG,Kevin Magnussen,Haas F1 Team,14.0,17.0,Retired,0.0,2023,3,Australian Grand Prix,1,0,0,14.0,87.23292,81.685,0.0,30.1396396396396,17.4495495495495,0.0,1.12702702702702
63,RUS,George Russell,Mercedes,2.0,18.0,Retired,0.0,2023,3,Australian Grand Prix,1,0,0,2.0,93.6108,82.68,0.0,30.1396396396396,17.4495495495495,0.0,1.12702702702702
23,ALB,Alexander Albon,Williams,8.0,19.0,Retired,0.0,2023,3,Australian Grand Prix,1,0,0,8.0,102.9735,83.349,0.0,30.1396396396396,17.4495495495495,0.0,1.12702702702702
16,LEC,Charles Leclerc,Ferrari,7.0,20.0,Retired,0.0,2023,3,Australian Grand Prix,1,0,0,7.0,,,,30.1396396396396,17.4495495495495,0.0,1.12702702702702
11,PER,Sergio Perez,Red Bull Racing,3.0,1.0,Finished,25.0,2023,4,Azerbaijan Grand Prix,0,1,1,3.0,106.544897959183,104.589,0.0,41.2099999999999,24.860625,0.0,1.083125
1,VER,Max Verstappen,Red Bull Racing,2.0,2.0,Finished,18.0,2023,4,Azerbaijan Grand Prix,0,0,1,2.0,105.890395833333,104.232,0.0,41.2099999999999,24.860625,0.0,1.083125
16,LEC,Charles Leclerc,Ferrari,1.0,3.0,Finished,15.0,2023,4,Azerbaijan Grand Prix,0,0,1,1.0,107.078571428571,104.561,0.0,41.2099999999999,24.860625,0.0,1.083125
14,ALO,Fernando Alonso,Aston Martin,6.0,4.0,Finished,12.0,2023,4,Azerbaijan Grand Prix,0,0,0,6.0,107.282448979591,104.241,0.0,41.2099999999999,24.860625,0.0,1.083125
55,SAI,Carlos Sainz,Ferrari,4.0,5.0,Finished,10.0,2023,4,Azerbaijan Grand Prix,0,0,0,4.0,106.84575,105.175,0.0,41.2099999999999,24.860625,0.0,1.083125
44,HAM,Lewis Hamilton,Mercedes,5.0,6.0,Finished,8.0,2023,4,Azerbaijan Grand Prix,0,0,0,5.0,109.08368,105.346,1.0,41.2099999999999,24.860625,0.0,1.083125
18,STR,Lance Stroll,Aston Martin,9.0,7.0,Finished,6.0,2023,4,Azerbaijan Grand Prix,0,0,0,9.0,107.0551875,105.627,0.0,41.2099999999999,24.860625,0.0,1.083125
63,RUS,George Russell,Mercedes,11.0,8.0,Finished,5.0,2023,4,Azerbaijan Grand Prix,0,0,0,11.0,107.597041666666,103.37,1.0,41.2099999999999,24.860625,0.0,1.083125
4,NOR,Lando Norris,McLaren,7.0,9.0,Finished,2.0,2023,4,Azerbaijan Grand Prix,0,0,0,7.0,109.7893,105.738,1.0,41.2099999999999,24.860625,0.0,1.083125
22,TSU,Yuki Tsunoda,AlphaTauri,8.0,10.0,Finished,1.0,2023,4,Azerbaijan Grand Prix,0,0,0,8.0,109.88802,105.727,1.0,41.2099999999999,24.860625,0.0,1.083125
81,PIA,Oscar Piastri,McLaren,10.0,11.0,Finished,0.0,2023,4,Azerbaijan Grand Prix,0,0,0,10.0,109.96768,105.631,1.0,41.2099999999999,24.860625,0.0,1.083125
23,ALB,Alexander Albon,Williams,12.0,12.0,Finished,0.0,2023,4,Azerbaijan Grand Prix,0,0,0,13.0,110.805078431372,105.925,1.0,41.2099999999999,24.860625,0.0,1.083125
20,MAG,Kevin Magnussen,Haas F1 Team,16.0,13.0,Finished,0.0,2023,4,Azerbaijan Grand Prix,0,0,0,18.0,109.52422,105.85,0.0,41.2099999999999,24.860625,0.0,1.083125
10,GAS,Pierre Gasly,Alpine,17.0,14.0,Finished,0.0,2023,4,Azerbaijan Grand Prix,0,0,0,19.0,110.858196078431,105.54,2.0,41.2099999999999,24.860625,0.0,1.083125
31,OCO,Esteban Ocon,Alpine,19.0,15.0,Finished,0.0,2023,4,Azerbaijan Grand Prix,0,0,0,12.0,109.258040816326,105.908,2.0,41.2099999999999,24.860625,0.0,1.083125
2,SAR,Logan Sargeant,Williams,14.0,16.0,Finished,0.0,2023,4,Azerbaijan Grand Prix,0,0,0,15.0,110.17868,106.501,1.0,41.2099999999999,24.860625,0.0,1.083125
27,HUL,Nico Hulkenberg,Haas F1 Team,20.0,17.0,Lapped,0.0,2023,4,Azerbaijan Grand Prix,1,0,0,17.0,109.712645833333,106.731,2.0,41.2099999999999,24.860625,0.0,1.083125
77,BOT,Valtteri Bottas,Alfa Romeo,13.0,18.0,Lapped,0.0,2023,4,Azerbaijan Grand Prix,1,0,0,14.0,110.794306122448,106.304,3.0,41.2099999999999,24.860625,0.0,1.083125
24,ZHO,Guanyu Zhou,Alfa Romeo,15.0,19.0,Retired,0.0,2023,4,Azerbaijan Grand Prix,1,0,0,16.0,110.378235294117,107.553,0.0,41.2099999999999,24.860625,0.0,1.083125
21,DEV,Nyck De Vries,AlphaTauri,18.0,20.0,Retired,0.0,2023,4,Azerbaijan Grand Prix,1,0,0,20.0,110.627,108.781,0.0,41.2099999999999,24.860625,0.0,1.083125
1,VER,Max Verstappen,Red Bull Racing,9.0,1.0,Finished,26.0,2023,5,Miami Grand Prix,0,1,1,9.0,92.2498421052631,89.708,1.0,36.6890322580645,27.1174193548387,0.0,3.97032258064516
11,PER,Sergio Perez,Red Bull Racing,1.0,2.0,Finished,18.0,2023,5,Miami Grand Prix,0,0,1,1.0,92.344298245614,90.56,1.0,36.6890322580645,27.1174193548387,0.0,3.97032258064516
14,ALO,Fernando Alonso,Aston Martin,2.0,3.0,Finished,15.0,2023,5,Miami Grand Prix,0,0,1,2.0,92.7113333333333,90.519,1.0,36.6890322580645,27.1174193548387,0.0,3.97032258064516
63,RUS,George Russell,Mercedes,6.0,4.0,Finished,12.0,2023,5,Miami Grand Prix,0,0,0,6.0,92.8328070175438,91.015,1.0,36.6890322580645,27.1174193548387,0.0,3.97032258064516
55,SAI,Carlos Sainz,Ferrari,3.0,5.0,Finished,10.0,2023,5,Miami Grand Prix,0,0,0,3.0,92.9079298245614,91.362,1.0,36.6890322580645,27.1174193548387,0.0,3.97032258064516
44,HAM,Lewis Hamilton,Mercedes,13.0,6.0,Finished,8.0,2023,5,Miami Grand Prix,0,0,0,13.0,93.148947368421,90.669,1.0,36.6890322580645,27.1174193548387,0.0,3.97032258064516
16,LEC,Charles Leclerc,Ferrari,7.0,7.0,Finished,6.0,2023,5,Miami Grand Prix,0,0,0,7.0,93.1794561403508,91.434,1.0,36.6890322580645,27.1174193548387,0.0,3.97032258064516
10,GAS,Pierre Gasly,Alpine,5.0,8.0,Finished,4.0,2023,5,Miami Grand Prix,0,0,0,5.0,93.2265087719298,91.971,1.0,36.6890322580645,27.1174193548387,0.0,3.97032258064516
31,OCO,Esteban Ocon,Alpine,8.0,9.0,Finished,2.0,2023,5,Miami Grand Prix,0,0,0,8.0,93.2695438596491,91.143,1.0,36.6890322580645,27.1174193548387,0.0,3.97032258064516
20,MAG,Kevin Magnussen,Haas F1 Team,4.0,10.0,Finished,1.0,2023,5,Miami Grand Prix,0,0,0,4.0,93.3541403508771,91.691,1.0,36.6890322580645,27.1174193548387,0.0,3.97032258064516
22,TSU,Yuki Tsunoda,AlphaTauri,17.0,11.0,Finished,0.0,2023,5,Miami Grand Prix,0,0,0,17.0,93.3780701754386,91.038,1.0,36.6890322580645,27.1174193548387,0.0,3.97032258064516
18,STR,Lance Stroll,Aston Martin,18.0,12.0,Finished,0.0,2023,5,Miami Grand Prix,0,0,0,18.0,93.3858771929824,90.862,1.0,36.6890322580645,27.1174193548387,0.0,3.97032258064516
77,BOT,Valtteri Bottas,Alfa Romeo,10.0,13.0,Finished,0.0,2023,5,Miami Grand Prix,0,0,0,10.0,93.5066315789473,91.838,1.0,36.6890322580645,27.1174193548387,0.0,3.97032258064516
23,ALB,Alexander Albon,Williams,11.0,14.0,Finished,0.0,2023,5,Miami Grand Prix,0,0,0,11.0,93.5281052631579,91.852,1.0,36.6890322580645,27.1174193548387,0.0,3.97032258064516
27,HUL,Nico Hulkenberg,Haas F1 Team,12.0,15.0,Finished,0.0,2023,5,Miami Grand Prix,0,0,0,12.0,93.5647543859649,90.901,1.0,36.6890322580645,27.1174193548387,0.0,3.97032258064516
24,ZHO,Guanyu Zhou,Alfa Romeo,14.0,16.0,Finished,0.0,2023,5,Miami Grand Prix,0,0,0,14.0,93.6259824561403,91.736,1.0,36.6890322580645,27.1174193548387,0.0,3.97032258064516
4,NOR,Lando Norris,McLaren,16.0,17.0,Finished,0.0,2023,5,Miami Grand Prix,0,0,0,16.0,93.7887368421052,92.401,1.0,36.6890322580645,27.1174193548387,0.0,3.97032258064516
21,DEV,Nyck De Vries,AlphaTauri,15.0,18.0,Finished,0.0,2023,5,Miami Grand Prix,0,0,0,15.0,93.8103508771929,91.562,1.0,36.6890322580645,27.1174193548387,0.0,3.97032258064516
81,PIA,Oscar Piastri,McLaren,19.0,19.0,Lapped,0.0,2023,5,Miami Grand Prix,1,0,0,19.0,94.2634107142857,92.006,1.0,36.6890322580645,27.1174193548387,0.0,3.97032258064516
2,SAR,Logan Sargeant,Williams,20.0,20.0,Lapped,0.0,2023,5,Miami Grand Prix,1,0,0,20.0,94.5112321428571,92.384,1.0,36.6890322580645,27.1174193548387,0.0,3.97032258064516
1,VER,Max Verstappen,Red Bull Racing,1.0,1.0,Finished,25.0,2023,6,Monaco Grand Prix,0,1,1,1.0,83.7433333333333,76.604,1.0,39.2556818181818,25.065909090909,0.147727272727272,1.00568181818181
14,ALO,Fernando Alonso,Aston Martin,2.0,2.0,Finished,18.0,2023,6,Monaco Grand Prix,0,0,1,2.0,84.1012948717948,76.674,2.0,39.2556818181818,25.065909090909,0.147727272727272,1.00568181818181
31,OCO,Esteban Ocon,Alpine,3.0,3.0,Finished,15.0,2023,6,Monaco Grand Prix,0,0,1,4.0,84.2175641025641,76.528,2.0,39.2556818181818,25.065909090909,0.147727272727272,1.00568181818181
44,HAM,Lewis Hamilton,Mercedes,5.0,4.0,Finished,13.0,2023,6,Monaco Grand Prix,0,0,0,6.0,84.2441282051282,75.65,2.0,39.2556818181818,25.065909090909,0.147727272727272,1.00568181818181
63,RUS,George Russell,Mercedes,8.0,5.0,Finished,10.0,2023,6,Monaco Grand Prix,0,0,0,8.0,84.4008205128205,76.798,1.0,39.2556818181818,25.065909090909,0.147727272727272,1.00568181818181
16,LEC,Charles Leclerc,Ferrari,6.0,6.0,Finished,8.0,2023,6,Monaco Grand Prix,0,0,0,3.0,84.5367948717948,75.773,2.0,39.2556818181818,25.065909090909,0.147727272727272,1.00568181818181
10,GAS,Pierre Gasly,Alpine,7.0,7.0,Finished,6.0,2023,6,Monaco Grand Prix,0,0,0,7.0,84.5428461538461,75.831,2.0,39.2556818181818,25.065909090909,0.147727272727272,1.00568181818181
55,SAI,Carlos Sainz,Ferrari,4.0,8.0,Finished,4.0,2023,6,Monaco Grand Prix,0,0,0,5.0,84.5560384615384,76.449,2.0,39.2556818181818,25.065909090909,0.147727272727272,1.00568181818181
4,NOR,Lando Norris,McLaren,10.0,9.0,Lapped,2.0,2023,6,Monaco Grand Prix,1,0,0,10.0,84.8836493506493,77.844,2.0,39.2556818181818,25.065909090909,0.147727272727272,1.00568181818181
81,PIA,Oscar Piastri,McLaren,11.0,10.0,Lapped,1.0,2023,6,Monaco Grand Prix,1,0,0,11.0,85.0121948051948,77.513,1.0,39.2556818181818,25.065909090909,0.147727272727272,1.00568181818181
77,BOT,Valtteri Bottas,Alfa Romeo,15.0,11.0,Lapped,0.0,2023,6,Monaco Grand Prix,1,0,0,15.0,85.2070519480519,77.824,1.0,39.2556818181818,25.065909090909,0.147727272727272,1.00568181818181
21,DEV,Nyck De Vries,AlphaTauri,12.0,12.0,Lapped,0.0,2023,6,Monaco Grand Prix,1,0,0,12.0,85.5752857142857,77.561,1.0,39.2556818181818,25.065909090909,0.147727272727272,1.00568181818181
24,ZHO,Guanyu Zhou,Alfa Romeo,19.0,13.0,Lapped,0.0,2023,6,Monaco Grand Prix,1,0,0,19.0,85.7640519480519,76.926,2.0,39.2556818181818,25.065909090909,0.147727272727272,1.00568181818181
23,ALB,Alexander Albon,Williams,13.0,14.0,Lapped,0.0,2023,6,Monaco Grand Prix,1,0,0,13.0,85.8596103896104,76.672,2.0,39.2556818181818,25.065909090909,0.147727272727272,1.00568181818181
22,TSU,Yuki Tsunoda,AlphaTauri,9.0,15.0,Lapped,0.0,2023,6,Monaco Grand Prix,1,0,0,9.0,86.0463815789473,77.68,1.0,39.2556818181818,25.065909090909,0.147727272727272,1.00568181818181
11,PER,Sergio Perez,Red Bull Racing,20.0,16.0,Lapped,0.0,2023,6,Monaco Grand Prix,1,0,0,20.0,86.5921578947368,76.269,5.0,39.2556818181818,25.065909090909,0.147727272727272,1.00568181818181
27,HUL,Nico Hulkenberg,Haas F1 Team,18.0,17.0,Lapped,0.0,2023,6,Monaco Grand Prix,1,0,0,18.0,86.5853421052631,76.991,3.0,39.2556818181818,25.065909090909,0.147727272727272,1.00568181818181
2,SAR,Logan Sargeant,Williams,16.0,18.0,Lapped,0.0,2023,6,Monaco Grand Prix,1,0,0,16.0,86.9074078947368,77.302,3.0,39.2556818181818,25.065909090909,0.147727272727272,1.00568181818181
20,MAG,Kevin Magnussen,Haas F1 Team,17.0,19.0,Retired,0.0,2023,6,Monaco Grand Prix,1,0,0,17.0,86.4454492753623,78.351,1.0,39.2556818181818,25.065909090909,0.147727272727272,1.00568181818181
18,STR,Lance Stroll,Aston Martin,14.0,20.0,Retired,0.0,2023,6,Monaco Grand Prix,1,0,0,14.0,80.7824716981132,77.769,1.0,39.2556818181818,25.065909090909,0.147727272727272,1.00568181818181
1,VER,Max Verstappen,Red Bull Racing,1.0,1.0,Finished,26.0,2023,7,Spanish Grand Prix,0,1,1,1.0,79.9687878787878,76.33,2.0,33.838961038961,22.6740259740259,0.0,1.86948051948051
44,HAM,Lewis Hamilton,Mercedes,4.0,2.0,Finished,18.0,2023,7,Spanish Grand Prix,0,0,1,5.0,80.3337878787878,76.676,2.0,33.838961038961,22.6740259740259,0.0,1.86948051948051
63,RUS,George Russell,Mercedes,12.0,3.0,Finished,15.0,2023,7,Spanish Grand Prix,0,0,1,12.0,80.4595303030303,77.875,2.0,33.838961038961,22.6740259740259,0.0,1.86948051948051
11,PER,Sergio Perez,Red Bull Racing,11.0,4.0,Finished,12.0,2023,7,Spanish Grand Prix,0,0,0,11.0,80.5113939393939,76.666,2.0,33.838961038961,22.6740259740259,0.0,1.86948051948051
55,SAI,Carlos Sainz,Ferrari,2.0,5.0,Finished,10.0,2023,7,Spanish Grand Prix,0,0,0,2.0,80.6611818181818,78.403,2.0,33.838961038961,22.6740259740259,0.0,1.86948051948051
18,STR,Lance Stroll,Aston Martin,5.0,6.0,Finished,8.0,2023,7,Spanish Grand Prix,0,0,0,6.0,80.9281818181818,78.722,2.0,33.838961038961,22.6740259740259,0.0,1.86948051948051
14,ALO,Fernando Alonso,Aston Martin,8.0,7.0,Finished,6.0,2023,7,Spanish Grand Prix,0,0,0,9.0,80.940409090909,78.083,2.0,33.838961038961,22.6740259740259,0.0,1.86948051948051
31,OCO,Esteban Ocon,Alpine,6.0,8.0,Finished,4.0,2023,7,Spanish Grand Prix,0,0,0,7.0,81.017909090909,78.946,2.0,33.838961038961,22.6740259740259,0.0,1.86948051948051
24,ZHO,Guanyu Zhou,Alfa Romeo,13.0,9.0,Finished,2.0,2023,7,Spanish Grand Prix,0,0,0,13.0,81.0578484848484,78.753,2.0,33.838961038961,22.6740259740259,0.0,1.86948051948051
10,GAS,Pierre Gasly,Alpine,10.0,10.0,Finished,1.0,2023,7,Spanish Grand Prix,0,0,0,4.0,81.0828787878788,78.375,2.0,33.838961038961,22.6740259740259,0.0,1.86948051948051
16,LEC,Charles Leclerc,Ferrari,19.0,11.0,Finished,0.0,2023,7,Spanish Grand Prix,0,0,0,19.0,81.0963484848484,78.357,3.0,33.838961038961,22.6740259740259,0.0,1.86948051948051
22,TSU,Yuki Tsunoda,AlphaTauri,15.0,12.0,Finished,0.0,2023,7,Spanish Grand Prix,0,0,0,15.0,81.0356969696969,78.904,2.0,33.838961038961,22.6740259740259,0.0,1.86948051948051
81,PIA,Oscar Piastri,McLaren,9.0,13.0,Lapped,0.0,2023,7,Spanish Grand Prix,1,0,0,10.0,81.2648461538461,78.679,2.0,33.838961038961,22.6740259740259,0.0,1.86948051948051
21,DEV,Nyck De Vries,AlphaTauri,14.0,14.0,Lapped,0.0,2023,7,Spanish Grand Prix,1,0,0,14.0,81.2810307692307,78.594,2.0,33.838961038961,22.6740259740259,0.0,1.86948051948051
27,HUL,Nico Hulkenberg,Haas F1 Team,7.0,15.0,Lapped,0.0,2023,7,Spanish Grand Prix,1,0,0,8.0,81.4651846153846,78.776,3.0,33.838961038961,22.6740259740259,0.0,1.86948051948051
23,ALB,Alexander Albon,Williams,18.0,16.0,Lapped,0.0,2023,7,Spanish Grand Prix,1,0,0,18.0,81.6253538461538,79.133,2.0,33.838961038961,22.6740259740259,0.0,1.86948051948051
4,NOR,Lando Norris,McLaren,3.0,17.0,Lapped,0.0,2023,7,Spanish Grand Prix,1,0,0,3.0,81.6666153846153,77.182,3.0,33.838961038961,22.6740259740259,0.0,1.86948051948051
20,MAG,Kevin Magnussen,Haas F1 Team,17.0,18.0,Lapped,0.0,2023,7,Spanish Grand Prix,1,0,0,17.0,81.784923076923,78.069,3.0,33.838961038961,22.6740259740259,0.0,1.86948051948051
77,BOT,Valtteri Bottas,Alfa Romeo,16.0,19.0,Lapped,0.0,2023,7,Spanish Grand Prix,1,0,0,16.0,81.9674307692307,78.242,2.0,33.838961038961,22.6740259740259,0.0,1.86948051948051
2,SAR,Logan Sargeant,Williams,20.0,20.0,Lapped,0.0,2023,7,Spanish Grand Prix,1,0,0,20.0,81.9941076923077,79.247,3.0,33.838961038961,22.6740259740259,0.0,1.86948051948051
1,VER,Max Verstappen,Red Bull Racing,1.0,1.0,Finished,25.0,2023,8,Canadian Grand Prix,0,1,1,1.0,80.5478285714285,75.594,2.0,30.5932098765432,18.5302469135802,0.0,1.94197530864197
14,ALO,Fernando Alonso,Aston Martin,2.0,2.0,Finished,18.0,2023,8,Canadian Grand Prix,0,0,1,3.0,80.6845428571428,75.779,2.0,30.5932098765432,18.5302469135802,0.0,1.94197530864197
44,HAM,Lewis Hamilton,Mercedes,3.0,3.0,Finished,15.0,2023,8,Canadian Grand Prix,0,0,1,4.0,80.7502285714285,75.396,2.0,30.5932098765432,18.5302469135802,0.0,1.94197530864197
16,LEC,Charles Leclerc,Ferrari,10.0,4.0,Finished,12.0,2023,8,Canadian Grand Prix,0,0,0,11.0,80.8142285714285,75.907,1.0,30.5932098765432,18.5302469135802,0.0,1.94197530864197
55,SAI,Carlos Sainz,Ferrari,11.0,5.0,Finished,10.0,2023,8,Canadian Grand Prix,0,0,0,8.0,80.8555428571428,75.911,1.0,30.5932098765432,18.5302469135802,0.0,1.94197530864197
11,PER,Sergio Perez,Red Bull Racing,12.0,6.0,Finished,9.0,2023,8,Canadian Grand Prix,0,0,0,12.0,81.2768,74.481,2.0,30.5932098765432,18.5302469135802,0.0,1.94197530864197
23,ALB,Alexander Albon,Williams,9.0,7.0,Finished,6.0,2023,8,Canadian Grand Prix,0,0,0,10.0,81.4165857142857,76.917,1.0,30.5932098765432,18.5302469135802,0.0,1.94197530864197
31,OCO,Esteban Ocon,Alpine,6.0,8.0,Finished,4.0,2023,8,Canadian Grand Prix,0,0,0,6.0,81.4291428571428,76.782,2.0,30.5932098765432,18.5302469135802,0.0,1.94197530864197
18,STR,Lance Stroll,Aston Martin,16.0,9.0,Finished,2.0,2023,8,Canadian Grand Prix,0,0,0,13.0,81.4678571428571,76.564,2.0,30.5932098765432,18.5302469135802,0.0,1.94197530864197
77,BOT,Valtteri Bottas,Alfa Romeo,14.0,10.0,Finished,1.0,2023,8,Canadian Grand Prix,0,0,0,15.0,81.4682857142857,76.625,1.0,30.5932098765432,18.5302469135802,0.0,1.94197530864197
81,PIA,Oscar Piastri,McLaren,8.0,11.0,Finished,0.0,2023,8,Canadian Grand Prix,0,0,0,9.0,81.4778428571428,76.598,2.0,30.5932098765432,18.5302469135802,0.0,1.94197530864197
10,GAS,Pierre Gasly,Alpine,15.0,12.0,Finished,0.0,2023,8,Canadian Grand Prix,0,0,0,17.0,81.4799571428571,76.425,2.0,30.5932098765432,18.5302469135802,0.0,1.94197530864197
4,NOR,Lando Norris,McLaren,7.0,13.0,Finished,0.0,2023,8,Canadian Grand Prix,0,0,0,7.0,81.4530142857142,76.374,2.0,30.5932098765432,18.5302469135802,0.0,1.94197530864197
22,TSU,Yuki Tsunoda,AlphaTauri,19.0,14.0,Finished,0.0,2023,8,Canadian Grand Prix,0,0,0,16.0,81.5967285714285,76.666,2.0,30.5932098765432,18.5302469135802,0.0,1.94197530864197
27,HUL,Nico Hulkenberg,Haas F1 Team,5.0,15.0,Lapped,0.0,2023,8,Canadian Grand Prix,1,0,0,2.0,81.9607391304347,77.232,2.0,30.5932098765432,18.5302469135802,0.0,1.94197530864197
24,ZHO,Guanyu Zhou,Alfa Romeo,20.0,16.0,Lapped,0.0,2023,8,Canadian Grand Prix,1,0,0,20.0,81.9670289855072,77.09,2.0,30.5932098765432,18.5302469135802,0.0,1.94197530864197
20,MAG,Kevin Magnussen,Haas F1 Team,13.0,17.0,Lapped,0.0,2023,8,Canadian Grand Prix,1,0,0,14.0,82.7334347826087,76.126,2.0,30.5932098765432,18.5302469135802,0.0,1.94197530864197
21,DEV,Nyck De Vries,AlphaTauri,17.0,18.0,Lapped,0.0,2023,8,Canadian Grand Prix,1,0,0,18.0,82.8016666666666,76.656,2.0,30.5932098765432,18.5302469135802,0.0,1.94197530864197
63,RUS,George Russell,Mercedes,4.0,19.0,Retired,0.0,2023,8,Canadian Grand Prix,1,0,0,5.0,80.1798461538461,77.097,1.0,30.5932098765432,18.5302469135802,0.0,1.94197530864197
2,SAR,Logan Sargeant,Williams,18.0,20.0,Retired,0.0,2023,8,Canadian Grand Prix,1,0,0,19.0,81.6786666666666,78.437,0.0,30.5932098765432,18.5302469135802,0.0,1.94197530864197
1,VER,Max Verstappen,Red Bull Racing,1.0,1.0,Finished,26.0,2023,9,Austrian Grand Prix,0,1,1,1.0,72.3043239436619,67.012,4.0,32.054248366013,22.3980392156862,0.0196078431372549,1.09738562091503
16,LEC,Charles Leclerc,Ferrari,2.0,2.0,Finished,18.0,2023,9,Austrian Grand Prix,0,0,1,2.0,72.3769295774647,68.82,3.0,32.054248366013,22.3980392156862,0.0196078431372549,1.09738562091503
11,PER,Sergio Perez,Red Bull Racing,15.0,3.0,Finished,15.0,2023,9,Austrian Grand Prix,0,0,1,15.0,72.5464084507042,68.111,3.0,32.054248366013,22.3980392156862,0.0196078431372549,1.09738562091503
4,NOR,Lando Norris,McLaren,4.0,4.0,Finished,12.0,2023,9,Austrian Grand Prix,0,0,0,4.0,72.6751267605633,68.739,3.0,32.054248366013,22.3980392156862,0.0196078431372549,1.09738562091503
14,ALO,Fernando Alonso,Aston Martin,7.0,5.0,Finished,10.0,2023,9,Austrian Grand Prix,0,0,0,7.0,72.7313239436619,69.108,3.0,32.054248366013,22.3980392156862,0.0196078431372549,1.09738562091503
55,SAI,Carlos Sainz,Ferrari,3.0,6.0,Finished,8.0,2023,9,Austrian Grand Prix,0,0,0,3.0,72.6054084507042,68.88,3.0,32.054248366013,22.3980392156862,0.0196078431372549,1.09738562091503
63,RUS,George Russell,Mercedes,11.0,7.0,Finished,6.0,2023,9,Austrian Grand Prix,0,0,0,11.0,72.9860563380281,69.283,3.0,32.054248366013,22.3980392156862,0.0196078431372549,1.09738562091503
44,HAM,Lewis Hamilton,Mercedes,5.0,8.0,Finished,4.0,2023,9,Austrian Grand Prix,0,0,0,5.0,72.8563802816901,69.16,3.0,32.054248366013,22.3980392156862,0.0196078431372549,1.09738562091503
18,STR,Lance Stroll,Aston Martin,6.0,9.0,Finished,2.0,2023,9,Austrian Grand Prix,0,0,0,6.0,73.1359154929577,68.463,4.0,32.054248366013,22.3980392156862,0.0196078431372549,1.09738562091503
10,GAS,Pierre Gasly,Alpine,9.0,10.0,Finished,1.0,2023,9,Austrian Grand Prix,0,0,0,9.0,73.1165352112676,69.046,3.0,32.054248366013,22.3980392156862,0.0196078431372549,1.09738562091503
23,ALB,Alexander Albon,Williams,10.0,11.0,Finished,0.0,2023,9,Austrian Grand Prix,0,0,0,10.0,73.2869577464788,69.56,3.0,32.054248366013,22.3980392156862,0.0196078431372549,1.09738562091503
24,ZHO,Guanyu Zhou,Alfa Romeo,17.0,12.0,Lapped,0.0,2023,9,Austrian Grand Prix,1,0,0,17.0,73.6891428571428,69.786,3.0,32.054248366013,22.3980392156862,0.0196078431372549,1.09738562091503
2,SAR,Logan Sargeant,Williams,18.0,13.0,Lapped,0.0,2023,9,Austrian Grand Prix,1,0,0,18.0,73.5713,69.611,3.0,32.054248366013,22.3980392156862,0.0196078431372549,1.09738562091503
31,OCO,Esteban Ocon,Alpine,12.0,14.0,Lapped,0.0,2023,9,Austrian Grand Prix,1,0,0,12.0,73.5106714285714,69.797,3.0,32.054248366013,22.3980392156862,0.0196078431372549,1.09738562091503
77,BOT,Valtteri Bottas,Alfa Romeo,14.0,15.0,Lapped,0.0,2023,9,Austrian Grand Prix,1,0,0,14.0,73.9483428571428,69.94,3.0,32.054248366013,22.3980392156862,0.0196078431372549,1.09738562091503
81,PIA,Oscar Piastri,McLaren,13.0,16.0,Lapped,0.0,2023,9,Austrian Grand Prix,1,0,0,13.0,74.0025142857143,69.862,4.0,32.054248366013,22.3980392156862,0.0196078431372549,1.09738562091503
21,DEV,Nyck De Vries,AlphaTauri,20.0,17.0,Lapped,0.0,2023,9,Austrian Grand Prix,1,0,0,20.0,73.7615714285714,69.852,4.0,32.054248366013,22.3980392156862,0.0196078431372549,1.09738562091503
20,MAG,Kevin Magnussen,Haas F1 Team,19.0,18.0,Lapped,0.0,2023,9,Austrian Grand Prix,1,0,0,19.0,74.02,70.176,4.0,32.054248366013,22.3980392156862,0.0196078431372549,1.09738562091503
22,TSU,Yuki Tsunoda,AlphaTauri,16.0,19.0,Lapped,0.0,2023,9,Austrian Grand Prix,1,0,0,16.0,73.9782857142857,69.62,4.0,32.054248366013,22.3980392156862,0.0196078431372549,1.09738562091503
27,HUL,Nico Hulkenberg,Haas F1 Team,8.0,20.0,Retired,0.0,2023,9,Austrian Grand Prix,1,0,0,8.0,82.0479166666666,71.066,2.0,32.054248366013,22.3980392156862,0.0196078431372549,1.09738562091503
1,VER,Max Verstappen,Red Bull Racing,1.0,1.0,Finished,26.0,2023,10,British Grand Prix,0,1,1,1.0,96.8326862745098,90.275,0.0,30.941059602649,21.4735099337748,0.0,3.02384105960264
4,NOR,Lando Norris,McLaren,2.0,2.0,Finished,18.0,2023,10,British Grand Prix,0,0,1,2.0,97.163431372549,90.543,0.0,30.941059602649,21.4735099337748,0.0,3.02384105960264
44,HAM,Lewis Hamilton,Mercedes,7.0,3.0,Finished,15.0,2023,10,British Grand Prix,0,0,1,7.0,97.4896862745098,90.545,0.0,30.941059602649,21.4735099337748,0.0,3.02384105960264
81,PIA,Oscar Piastri,McLaren,3.0,4.0,Finished,12.0,2023,10,British Grand Prix,0,0,0,3.0,98.5521923076923,90.85,1.0,30.941059602649,21.4735099337748,0.0,3.02384105960264
63,RUS,George Russell,Mercedes,6.0,5.0,Finished,10.0,2023,10,British Grand Prix,0,0,0,6.0,98.6181538461538,91.124,1.0,30.941059602649,21.4735099337748,0.0,3.02384105960264
11,PER,Sergio Perez,Red Bull Racing,15.0,6.0,Finished,8.0,2023,10,British Grand Prix,0,0,0,15.0,98.6503846153846,90.914,1.0,30.941059602649,21.4735099337748,0.0,3.02384105960264
14,ALO,Fernando Alonso,Aston Martin,9.0,7.0,Finished,6.0,2023,10,British Grand Prix,0,0,0,9.0,98.7332884615384,91.338,1.0,30.941059602649,21.4735099337748,0.0,3.02384105960264
23,ALB,Alexander Albon,Williams,8.0,8.0,Finished,4.0,2023,10,British Grand Prix,0,0,0,8.0,98.7464615384615,91.273,1.0,30.941059602649,21.4735099337748,0.0,3.02384105960264
16,LEC,Charles Leclerc,Ferrari,4.0,9.0,Finished,2.0,2023,10,British Grand Prix,0,0,0,4.0,98.7620576923077,91.255,2.0,30.941059602649,21.4735099337748,0.0,3.02384105960264
55,SAI,Carlos Sainz,Ferrari,5.0,10.0,Finished,1.0,2023,10,British Grand Prix,0,0,0,5.0,98.7766538461538,91.366,1.0,30.941059602649,21.4735099337748,0.0,3.02384105960264
2,SAR,Logan Sargeant,Williams,14.0,11.0,Finished,0.0,2023,10,British Grand Prix,0,0,0,14.0,98.8571153846153,91.699,1.0,30.941059602649,21.4735099337748,0.0,3.02384105960264
77,BOT,Valtteri Bottas,Alfa Romeo,20.0,12.0,Finished,0.0,2023,10,British Grand Prix,0,0,0,15.0,98.8993846153846,91.852,1.0,30.941059602649,21.4735099337748,0.0,3.02384105960264
27,HUL,Nico Hulkenberg,Haas F1 Team,11.0,13.0,Finished,0.0,2023,10,British Grand Prix,0,0,0,11.0,98.9154038461538,91.776,2.0,30.941059602649,21.4735099337748,0.0,3.02384105960264
18,STR,Lance Stroll,Aston Martin,12.0,14.0,Finished,0.0,2023,10,British Grand Prix,0,0,0,12.0,98.8350192307692,91.508,1.0,30.941059602649,21.4735099337748,0.0,3.02384105960264
24,ZHO,Guanyu Zhou,Alfa Romeo,17.0,15.0,Finished,0.0,2023,10,British Grand Prix,0,0,0,17.0,98.9761153846153,91.769,3.0,30.941059602649,21.4735099337748,0.0,3.02384105960264
22,TSU,Yuki Tsunoda,AlphaTauri,16.0,16.0,Finished,0.0,2023,10,British Grand Prix,0,0,0,16.0,99.0031346153846,92.084,2.0,30.941059602649,21.4735099337748,0.0,3.02384105960264
21,DEV,Nyck De Vries,AlphaTauri,18.0,17.0,Finished,0.0,2023,10,British Grand Prix,0,0,0,18.0,99.0397307692307,92.353,2.0,30.941059602649,21.4735099337748,0.0,3.02384105960264
10,GAS,Pierre Gasly,Alpine,10.0,18.0,Retired,0.0,2023,10,British Grand Prix,1,0,0,10.0,99.9912888888888,91.539,1.0,30.941059602649,21.4735099337748,0.0,3.02384105960264
20,MAG,Kevin Magnussen,Haas F1 Team,19.0,19.0,Retired,0.0,2023,10,British Grand Prix,1,0,0,19.0,94.7066129032258,93.356,0.0,30.941059602649,21.4735099337748,0.0,3.02384105960264
31,OCO,Esteban Ocon,Alpine,13.0,20.0,Retired,0.0,2023,10,British Grand Prix,1,0,0,13.0,95.1501111111111,93.846,0.0,30.941059602649,21.4735099337748,0.0,3.02384105960264
1,VER,Max Verstappen,Red Bull Racing,2.0,1.0,Finished,26.0,2023,11,Hungarian Grand Prix,0,1,1,2.0,84.1233428571428,80.504,2.0,48.5792682926829,28.8085365853658,0.0,1.44085365853658
4,NOR,Lando Norris,McLaren,3.0,2.0,Finished,18.0,2023,11,Hungarian Grand Prix,0,0,1,3.0,84.6052142857142,82.178,2.0,48.5792682926829,28.8085365853658,0.0,1.44085365853658
11,PER,Sergio Perez,Red Bull Racing,9.0,3.0,Finished,15.0,2023,11,Hungarian Grand Prix,0,0,1,9.0,84.6605285714285,82.295,2.0,48.5792682926829,28.8085365853658,0.0,1.44085365853658
44,HAM,Lewis Hamilton,Mercedes,1.0,4.0,Finished,12.0,2023,11,Hungarian Grand Prix,0,0,0,1.0,84.6824,81.601,2.0,48.5792682926829,28.8085365853658,0.0,1.44085365853658
81,PIA,Oscar Piastri,McLaren,4.0,5.0,Finished,10.0,2023,11,Hungarian Grand Prix,0,0,0,4.0,85.0172285714285,82.736,2.0,48.5792682926829,28.8085365853658,0.0,1.44085365853658
63,RUS,George Russell,Mercedes,18.0,6.0,Finished,8.0,2023,11,Hungarian Grand Prix,0,0,0,18.0,85.0637,82.158,2.0,48.5792682926829,28.8085365853658,0.0,1.44085365853658
16,LEC,Charles Leclerc,Ferrari,6.0,7.0,Finished,6.0,2023,11,Hungarian Grand Prix,0,0,0,6.0,85.0564428571428,82.469,2.0,48.5792682926829,28.8085365853658,0.0,1.44085365853658
55,SAI,Carlos Sainz,Ferrari,11.0,8.0,Finished,4.0,2023,11,Hungarian Grand Prix,0,0,0,11.0,85.1386714285714,82.584,2.0,48.5792682926829,28.8085365853658,0.0,1.44085365853658
14,ALO,Fernando Alonso,Aston Martin,8.0,9.0,Finished,2.0,2023,11,Hungarian Grand Prix,0,0,0,8.0,85.2049,82.745,2.0,48.5792682926829,28.8085365853658,0.0,1.44085365853658
18,STR,Lance Stroll,Aston Martin,14.0,10.0,Lapped,1.0,2023,11,Hungarian Grand Prix,1,0,0,14.0,85.5543333333333,83.425,2.0,48.5792682926829,28.8085365853658,0.0,1.44085365853658
23,ALB,Alexander Albon,Williams,16.0,11.0,Lapped,0.0,2023,11,Hungarian Grand Prix,1,0,0,16.0,85.7640724637681,84.051,2.0,48.5792682926829,28.8085365853658,0.0,1.44085365853658
77,BOT,Valtteri Bottas,Alfa Romeo,7.0,12.0,Lapped,0.0,2023,11,Hungarian Grand Prix,1,0,0,7.0,85.7784492753623,83.651,2.0,48.5792682926829,28.8085365853658,0.0,1.44085365853658
3,RIC,Daniel Ricciardo,AlphaTauri,13.0,13.0,Lapped,0.0,2023,11,Hungarian Grand Prix,1,0,0,13.0,85.8679855072463,83.934,2.0,48.5792682926829,28.8085365853658,0.0,1.44085365853658
27,HUL,Nico Hulkenberg,Haas F1 Team,10.0,14.0,Lapped,0.0,2023,11,Hungarian Grand Prix,1,0,0,10.0,86.0859710144927,83.573,2.0,48.5792682926829,28.8085365853658,0.0,1.44085365853658
22,TSU,Yuki Tsunoda,AlphaTauri,17.0,15.0,Lapped,0.0,2023,11,Hungarian Grand Prix,1,0,0,17.0,86.0895217391304,83.269,2.0,48.5792682926829,28.8085365853658,0.0,1.44085365853658
24,ZHO,Guanyu Zhou,Alfa Romeo,5.0,16.0,Lapped,0.0,2023,11,Hungarian Grand Prix,1,0,0,5.0,86.2192028985507,83.743,2.0,48.5792682926829,28.8085365853658,0.0,1.44085365853658
20,MAG,Kevin Magnussen,Haas F1 Team,19.0,17.0,Lapped,0.0,2023,11,Hungarian Grand Prix,1,0,0,19.0,86.5360144927536,83.864,2.0,48.5792682926829,28.8085365853658,0.0,1.44085365853658
2,SAR,Logan Sargeant,Williams,20.0,18.0,Retired,0.0,2023,11,Hungarian Grand Prix,1,0,0,20.0,86.4063283582089,83.496,2.0,48.5792682926829,28.8085365853658,0.0,1.44085365853658
31,OCO,Esteban Ocon,Alpine,12.0,19.0,Retired,0.0,2023,11,Hungarian Grand Prix,1,0,0,12.0,104.073,101.181,0.0,48.5792682926829,28.8085365853658,0.0,1.44085365853658
10,GAS,Pierre Gasly,Alpine,15.0,20.0,Retired,0.0,2023,11,Hungarian Grand Prix,1,0,0,15.0,124.981,124.981,0.0,48.5792682926829,28.8085365853658,0.0,1.44085365853658
1,VER,Max Verstappen,Red Bull Racing,6.0,1.0,Finished,25.0,2023,12,Belgian Grand Prix,0,1,1,1.0,112.510227272727,108.922,2.0,28.2406666666666,17.8733333333333,0.0733333333333333,1.59466666666666
11,PER,Sergio Perez,Red Bull Racing,2.0,2.0,Finished,18.0,2023,12,Belgian Grand Prix,0,0,1,3.0,113.017159090909,110.308,2.0,28.2406666666666,17.8733333333333,0.0733333333333333,1.59466666666666
16,LEC,Charles Leclerc,Ferrari,1.0,3.0,Finished,15.0,2023,12,Belgian Grand Prix,0,0,1,2.0,113.243386363636,110.436,2.0,28.2406666666666,17.8733333333333,0.0733333333333333,1.59466666666666
44,HAM,Lewis Hamilton,Mercedes,3.0,4.0,Finished,13.0,2023,12,Belgian Grand Prix,0,0,0,4.0,113.639113636363,107.305,3.0,28.2406666666666,17.8733333333333,0.0733333333333333,1.59466666666666
14,ALO,Fernando Alonso,Aston Martin,9.0,5.0,Finished,10.0,2023,12,Belgian Grand Prix,0,0,0,9.0,113.787136363636,110.938,2.0,28.2406666666666,17.8733333333333,0.0733333333333333,1.59466666666666
63,RUS,George Russell,Mercedes,8.0,6.0,Finished,8.0,2023,12,Belgian Grand Prix,0,0,0,8.0,113.94434090909,110.603,1.0,28.2406666666666,17.8733333333333,0.0733333333333333,1.59466666666666
4,NOR,Lando Norris,McLaren,7.0,7.0,Finished,6.0,2023,12,Belgian Grand Prix,0,0,0,7.0,114.185659090909,111.682,2.0,28.2406666666666,17.8733333333333,0.0733333333333333,1.59466666666666
31,OCO,Esteban Ocon,Alpine,14.0,8.0,Finished,4.0,2023,12,Belgian Grand Prix,0,0,0,15.0,114.208386363636,110.439,2.0,28.2406666666666,17.8733333333333,0.0733333333333333,1.59466666666666
18,STR,Lance Stroll,Aston Martin,10.0,9.0,Finished,2.0,2023,12,Belgian Grand Prix,0,0,0,10.0,114.313409090909,111.297,1.0,28.2406666666666,17.8733333333333,0.0733333333333333,1.59466666666666
22,TSU,Yuki Tsunoda,AlphaTauri,11.0,10.0,Finished,1.0,2023,12,Belgian Grand Prix,0,0,0,11.0,114.333431818181,111.394,2.0,28.2406666666666,17.8733333333333,0.0733333333333333,1.59466666666666
10,GAS,Pierre Gasly,Alpine,12.0,11.0,Finished,0.0,2023,12,Belgian Grand Prix,0,0,0,12.0,114.3985,110.911,1.0,28.2406666666666,17.8733333333333,0.0733333333333333,1.59466666666666
77,BOT,Valtteri Bottas,Alfa Romeo,13.0,12.0,Finished,0.0,2023,12,Belgian Grand Prix,0,0,0,14.0,114.446386363636,110.515,2.0,28.2406666666666,17.8733333333333,0.0733333333333333,1.59466666666666
24,ZHO,Guanyu Zhou,Alfa Romeo,17.0,13.0,Finished,0.0,2023,12,Belgian Grand Prix,0,0,0,17.0,114.67934090909,110.188,2.0,28.2406666666666,17.8733333333333,0.0733333333333333,1.59466666666666
23,ALB,Alexander Albon,Williams,15.0,14.0,Finished,0.0,2023,12,Belgian Grand Prix,0,0,0,16.0,114.696227272727,109.841,3.0,28.2406666666666,17.8733333333333,0.0733333333333333,1.59466666666666
20,MAG,Kevin Magnussen,Haas F1 Team,16.0,15.0,Finished,0.0,2023,12,Belgian Grand Prix,0,0,0,13.0,114.822818181818,110.993,2.0,28.2406666666666,17.8733333333333,0.0733333333333333,1.59466666666666
3,RIC,Daniel Ricciardo,AlphaTauri,19.0,16.0,Finished,0.0,2023,12,Belgian Grand Prix,0,0,0,19.0,114.85275,110.994,2.0,28.2406666666666,17.8733333333333,0.0733333333333333,1.59466666666666
2,SAR,Logan Sargeant,Williams,18.0,17.0,Finished,0.0,2023,12,Belgian Grand Prix,0,0,0,18.0,114.884681818181,110.236,3.0,28.2406666666666,17.8733333333333,0.0733333333333333,1.59466666666666
27,HUL,Nico Hulkenberg,Haas F1 Team,20.0,18.0,Finished,0.0,2023,12,Belgian Grand Prix,0,0,0,20.0,115.020454545454,109.907,3.0,28.2406666666666,17.8733333333333,0.0733333333333333,1.59466666666666
55,SAI,Carlos Sainz,Ferrari,4.0,19.0,Retired,0.0,2023,12,Belgian Grand Prix,1,0,0,5.0,117.123695652173,113.138,1.0,28.2406666666666,17.8733333333333,0.0733333333333333,1.59466666666666
81,PIA,Oscar Piastri,McLaren,5.0,20.0,Retired,0.0,2023,12,Belgian Grand Prix,1,0,0,6.0,,,,28.2406666666666,17.8733333333333,0.0733333333333333,1.59466666666666
1,VER,Max Verstappen,Red Bull Racing,1.0,1.0,Finished,25.0,2023,13,Dutch Grand Prix,0,1,1,1.0,84.7728169014084,73.889,5.0,24.9411483253588,16.7918660287081,0.229665071770334,2.82153110047846
14,ALO,Fernando Alonso,Aston Martin,5.0,2.0,Finished,19.0,2023,13,Dutch Grand Prix,0,0,1,5.0,85.2467746478873,73.837,4.0,24.9411483253588,16.7918660287081,0.229665071770334,2.82153110047846
10,GAS,Pierre Gasly,Alpine,12.0,3.0,Finished,15.0,2023,13,Dutch Grand Prix,0,0,1,12.0,84.4893,74.441,4.0,24.9411483253588,16.7918660287081,0.229665071770334,2.82153110047846
11,PER,Sergio Perez,Red Bull Racing,7.0,4.0,Finished,12.0,2023,13,Dutch Grand Prix,0,0,0,7.0,84.4973857142857,74.231,4.0,24.9411483253588,16.7918660287081,0.229665071770334,2.82153110047846
55,SAI,Carlos Sainz,Ferrari,6.0,5.0,Finished,10.0,2023,13,Dutch Grand Prix,0,0,0,6.0,84.5915428571428,74.934,4.0,24.9411483253588,16.7918660287081,0.229665071770334,2.82153110047846
44,HAM,Lewis Hamilton,Mercedes,13.0,6.0,Finished,8.0,2023,13,Dutch Grand Prix,0,0,0,13.0,84.6532714285714,73.904,4.0,24.9411483253588,16.7918660287081,0.229665071770334,2.82153110047846
4,NOR,Lando Norris,McLaren,2.0,7.0,Finished,6.0,2023,13,Dutch Grand Prix,0,0,0,2.0,84.8869571428571,74.39,4.0,24.9411483253588,16.7918660287081,0.229665071770334,2.82153110047846
23,ALB,Alexander Albon,Williams,4.0,8.0,Finished,4.0,2023,13,Dutch Grand Prix,0,0,0,4.0,84.9885142857142,74.468,2.0,24.9411483253588,16.7918660287081,0.229665071770334,2.82153110047846
81,PIA,Oscar Piastri,McLaren,8.0,9.0,Finished,2.0,2023,13,Dutch Grand Prix,0,0,0,8.0,85.1408,74.299,3.0,24.9411483253588,16.7918660287081,0.229665071770334,2.82153110047846
31,OCO,Esteban Ocon,Alpine,16.0,10.0,Finished,1.0,2023,13,Dutch Grand Prix,0,0,0,17.0,85.2077428571428,74.57,4.0,24.9411483253588,16.7918660287081,0.229665071770334,2.82153110047846
18,STR,Lance Stroll,Aston Martin,11.0,11.0,Finished,0.0,2023,13,Dutch Grand Prix,0,0,0,11.0,85.5910142857142,75.171,5.0,24.9411483253588,16.7918660287081,0.229665071770334,2.82153110047846
27,HUL,Nico Hulkenberg,Haas F1 Team,14.0,12.0,Finished,0.0,2023,13,Dutch Grand Prix,0,0,0,15.0,85.6183857142857,74.472,3.0,24.9411483253588,16.7918660287081,0.229665071770334,2.82153110047846
40,LAW,Liam Lawson,AlphaTauri,19.0,13.0,Finished,0.0,2023,13,Dutch Grand Prix,0,0,0,20.0,85.9213142857142,74.82,5.0,24.9411483253588,16.7918660287081,0.229665071770334,2.82153110047846
77,BOT,Valtteri Bottas,Alfa Romeo,18.0,14.0,Finished,0.0,2023,13,Dutch Grand Prix,0,0,0,19.0,85.7747571428571,74.698,3.0,24.9411483253588,16.7918660287081,0.229665071770334,2.82153110047846
22,TSU,Yuki Tsunoda,AlphaTauri,17.0,15.0,Finished,0.0,2023,13,Dutch Grand Prix,0,0,0,14.0,85.5754571428571,76.253,3.0,24.9411483253588,16.7918660287081,0.229665071770334,2.82153110047846
20,MAG,Kevin Magnussen,Haas F1 Team,0.0,16.0,Finished,0.0,2023,13,Dutch Grand Prix,0,0,0,18.0,86.8557183098591,75.489,6.0,24.9411483253588,16.7918660287081,0.229665071770334,2.82153110047846
63,RUS,George Russell,Mercedes,3.0,17.0,Finished,0.0,2023,13,Dutch Grand Prix,0,0,0,3.0,85.5031571428571,75.124,5.0,24.9411483253588,16.7918660287081,0.229665071770334,2.82153110047846
24,ZHO,Guanyu Zhou,Alfa Romeo,15.0,18.0,Accident,0.0,2023,13,Dutch Grand Prix,1,0,0,16.0,84.2151612903225,75.417,4.0,24.9411483253588,16.7918660287081,0.229665071770334,2.82153110047846
16,LEC,Charles Leclerc,Ferrari,9.0,19.0,Undertray,0.0,2023,13,Dutch Grand Prix,1,0,0,9.0,87.3498780487805,77.277,2.0,24.9411483253588,16.7918660287081,0.229665071770334,2.82153110047846
2,SAR,Logan Sargeant,Williams,10.0,20.0,Accident,0.0,2023,13,Dutch Grand Prix,1,0,0,10.0,93.0305714285714,77.399,0.0,24.9411483253588,16.7918660287081,0.229665071770334,2.82153110047846
1,VER,Max Verstappen,Red Bull Racing,2.0,1.0,Finished,25.0,2023,14,Italian Grand Prix,0,1,1,2.0,86.6890784313725,85.24,1.0,42.9282051282051,29.3301282051282,0.0,1.13974358974359
11,PER,Sergio Perez,Red Bull Racing,5.0,2.0,Finished,18.0,2023,14,Italian Grand Prix,0,0,1,5.0,86.8079803921568,85.522,1.0,42.9282051282051,29.3301282051282,0.0,1.13974358974359
55,SAI,Carlos Sainz,Ferrari,1.0,3.0,Finished,15.0,2023,14,Italian Grand Prix,0,0,1,1.0,86.9085490196078,85.501,1.0,42.9282051282051,29.3301282051282,0.0,1.13974358974359
16,LEC,Charles Leclerc,Ferrari,3.0,4.0,Finished,12.0,2023,14,Italian Grand Prix,0,0,0,3.0,86.912156862745,85.58,1.0,42.9282051282051,29.3301282051282,0.0,1.13974358974359
63,RUS,George Russell,Mercedes,4.0,5.0,Finished,10.0,2023,14,Italian Grand Prix,0,0,0,4.0,87.0425686274509,85.847,1.0,42.9282051282051,29.3301282051282,0.0,1.13974358974359
44,HAM,Lewis Hamilton,Mercedes,8.0,6.0,Finished,8.0,2023,14,Italian Grand Prix,0,0,0,8.0,87.4278823529411,85.582,1.0,42.9282051282051,29.3301282051282,0.0,1.13974358974359
23,ALB,Alexander Albon,Williams,6.0,7.0,Finished,6.0,2023,14,Italian Grand Prix,0,0,0,6.0,87.5735098039215,86.389,1.0,42.9282051282051,29.3301282051282,0.0,1.13974358974359
4,NOR,Lando Norris,McLaren,9.0,8.0,Finished,4.0,2023,14,Italian Grand Prix,0,0,0,9.0,87.5802352941176,86.144,1.0,42.9282051282051,29.3301282051282,0.0,1.13974358974359
14,ALO,Fernando Alonso,Aston Martin,10.0,9.0,Finished,2.0,2023,14,Italian Grand Prix,0,0,0,10.0,87.5968039215686,86.105,1.0,42.9282051282051,29.3301282051282,0.0,1.13974358974359
77,BOT,Valtteri Bottas,Alfa Romeo,14.0,10.0,Finished,1.0,2023,14,Italian Grand Prix,0,0,0,14.0,87.9625,85.988,1.0,42.9282051282051,29.3301282051282,0.0,1.13974358974359
40,LAW,Liam Lawson,AlphaTauri,12.0,11.0,Finished,0.0,2023,14,Italian Grand Prix,0,0,0,12.0,88.09858,85.842,2.0,42.9282051282051,29.3301282051282,0.0,1.13974358974359
81,PIA,Oscar Piastri,McLaren,7.0,12.0,Finished,0.0,2023,14,Italian Grand Prix,0,0,0,7.0,88.06116,85.072,2.0,42.9282051282051,29.3301282051282,0.0,1.13974358974359
2,SAR,Logan Sargeant,Williams,15.0,13.0,Finished,0.0,2023,14,Italian Grand Prix,0,0,0,15.0,88.12498,86.84,1.0,42.9282051282051,29.3301282051282,0.0,1.13974358974359
24,ZHO,Guanyu Zhou,Alfa Romeo,16.0,14.0,Finished,0.0,2023,14,Italian Grand Prix,0,0,0,16.0,88.27812,85.983,2.0,42.9282051282051,29.3301282051282,0.0,1.13974358974359
10,GAS,Pierre Gasly,Alpine,17.0,15.0,Finished,0.0,2023,14,Italian Grand Prix,0,0,0,17.0,88.29672,85.758,2.0,42.9282051282051,29.3301282051282,0.0,1.13974358974359
18,STR,Lance Stroll,Aston Martin,20.0,16.0,Finished,0.0,2023,14,Italian Grand Prix,0,0,0,20.0,88.3549599999999,86.617,1.0,42.9282051282051,29.3301282051282,0.0,1.13974358974359
27,HUL,Nico Hulkenberg,Haas F1 Team,13.0,17.0,Lapped,0.0,2023,14,Italian Grand Prix,1,0,0,13.0,88.46472,85.894,2.0,42.9282051282051,29.3301282051282,0.0,1.13974358974359
20,MAG,Kevin Magnussen,Haas F1 Team,19.0,18.0,Lapped,0.0,2023,14,Italian Grand Prix,1,0,0,19.0,88.6753399999999,86.278,2.0,42.9282051282051,29.3301282051282,0.0,1.13974358974359
31,OCO,Esteban Ocon,Alpine,18.0,19.0,Retired,0.0,2023,14,Italian Grand Prix,1,0,0,18.0,89.1019743589743,86.963,1.0,42.9282051282051,29.3301282051282,0.0,1.13974358974359
22,TSU,Yuki Tsunoda,AlphaTauri,11.0,20.0,Did not start,0.0,2023,14,Italian Grand Prix,1,0,0,11.0,,,,42.9282051282051,29.3301282051282,0.0,1.13974358974359
55,SAI,Carlos Sainz,Ferrari,1.0,1.0,Finished,25.0,2023,15,Singapore Grand Prix,0,1,1,1.0,100.9673,97.666,0.0,36.422159090909,29.8443181818181,0.0,1.41590909090909
4,NOR,Lando Norris,McLaren,4.0,2.0,Finished,18.0,2023,15,Singapore Grand Prix,0,0,1,4.0,101.916704918032,98.046,0.0,36.422159090909,29.8443181818181,0.0,1.41590909090909
44,HAM,Lewis Hamilton,Mercedes,5.0,3.0,Finished,16.0,2023,15,Singapore Grand Prix,0,0,1,5.0,101.91575409836,95.867,1.0,36.422159090909,29.8443181818181,0.0,1.41590909090909
16,LEC,Charles Leclerc,Ferrari,3.0,4.0,Finished,12.0,2023,15,Singapore Grand Prix,0,0,0,3.0,102.193918032786,98.275,0.0,36.422159090909,29.8443181818181,0.0,1.41590909090909
1,VER,Max Verstappen,Red Bull Racing,11.0,5.0,Finished,10.0,2023,15,Singapore Grand Prix,0,0,0,11.0,102.406180327868,96.575,1.0,36.422159090909,29.8443181818181,0.0,1.41590909090909
10,GAS,Pierre Gasly,Alpine,12.0,6.0,Finished,8.0,2023,15,Singapore Grand Prix,0,0,0,12.0,102.723967213114,98.277,0.0,36.422159090909,29.8443181818181,0.0,1.41590909090909
81,PIA,Oscar Piastri,McLaren,17.0,7.0,Finished,6.0,2023,15,Singapore Grand Prix,0,0,0,17.0,102.805459016393,98.492,0.0,36.422159090909,29.8443181818181,0.0,1.41590909090909
11,PER,Sergio Perez,Red Bull Racing,13.0,8.0,Finished,4.0,2023,15,Singapore Grand Prix,0,0,0,13.0,103.103459016393,97.108,1.0,36.422159090909,29.8443181818181,0.0,1.41590909090909
40,LAW,Liam Lawson,AlphaTauri,10.0,9.0,Finished,2.0,2023,15,Singapore Grand Prix,0,0,0,10.0,103.136196721311,99.028,0.0,36.422159090909,29.8443181818181,0.0,1.41590909090909
20,MAG,Kevin Magnussen,Haas F1 Team,6.0,10.0,Finished,1.0,2023,15,Singapore Grand Prix,0,0,0,6.0,102.347083333333,98.107,0.0,36.422159090909,29.8443181818181,0.0,1.41590909090909
23,ALB,Alexander Albon,Williams,14.0,11.0,Finished,0.0,2023,15,Singapore Grand Prix,0,0,0,14.0,102.392816666666,97.342,0.0,36.422159090909,29.8443181818181,0.0,1.41590909090909
24,ZHO,Guanyu Zhou,Alfa Romeo,19.0,12.0,Finished,0.0,2023,15,Singapore Grand Prix,0,0,0,19.0,103.68568852459,99.316,2.0,36.422159090909,29.8443181818181,0.0,1.41590909090909
27,HUL,Nico Hulkenberg,Haas F1 Team,9.0,13.0,Finished,0.0,2023,15,Singapore Grand Prix,0,0,0,9.0,103.405557377049,99.923,0.0,36.422159090909,29.8443181818181,0.0,1.41590909090909
2,SAR,Logan Sargeant,Williams,18.0,14.0,Finished,0.0,2023,15,Singapore Grand Prix,0,0,0,18.0,102.33605,98.531,0.0,36.422159090909,29.8443181818181,0.0,1.41590909090909
14,ALO,Fernando Alonso,Aston Martin,7.0,15.0,Finished,0.0,2023,15,Singapore Grand Prix,0,0,0,7.0,103.405885245901,96.456,1.0,36.422159090909,29.8443181818181,0.0,1.41590909090909
63,RUS,George Russell,Mercedes,2.0,16.0,Retired,0.0,2023,15,Singapore Grand Prix,1,0,0,2.0,101.961383333333,96.273,1.0,36.422159090909,29.8443181818181,0.0,1.41590909090909
77,BOT,Valtteri Bottas,Alfa Romeo,16.0,17.0,Retired,0.0,2023,15,Singapore Grand Prix,1,0,0,16.0,104.46482,98.075,1.0,36.422159090909,29.8443181818181,0.0,1.41590909090909
31,OCO,Esteban Ocon,Alpine,8.0,18.0,Retired,0.0,2023,15,Singapore Grand Prix,1,0,0,8.0,102.653658536585,99.93,0.0,36.422159090909,29.8443181818181,0.0,1.41590909090909
22,TSU,Yuki Tsunoda,AlphaTauri,15.0,19.0,Retired,0.0,2023,15,Singapore Grand Prix,1,0,0,15.0,,,,36.422159090909,29.8443181818181,0.0,1.41590909090909
18,STR,Lance Stroll,Aston Martin,,,Withdrew,0.0,2023,15,Singapore Grand Prix,1,0,0,20.0,,,,36.422159090909,29.8443181818181,0.0,1.41590909090909
1,VER,Max Verstappen,Red Bull Racing,1.0,1.0,Finished,26.0,2023,16,Japanese Grand Prix,0,1,1,1.0,99.06016,94.183,2.0,42.0702531645569,27.2886075949367,0.0,1.82974683544303
4,NOR,Lando Norris,McLaren,3.0,2.0,Finished,18.0,2023,16,Japanese Grand Prix,0,0,1,3.0,99.4957,95.247,2.0,42.0702531645569,27.2886075949367,0.0,1.82974683544303
81,PIA,Oscar Piastri,McLaren,2.0,3.0,Finished,15.0,2023,16,Japanese Grand Prix,0,0,1,2.0,99.8579,96.328,2.0,42.0702531645569,27.2886075949367,0.0,1.82974683544303
16,LEC,Charles Leclerc,Ferrari,4.0,4.0,Finished,12.0,2023,16,Japanese Grand Prix,0,0,0,4.0,100.03676,96.362,2.0,42.0702531645569,27.2886075949367,0.0,1.82974683544303
44,HAM,Lewis Hamilton,Mercedes,7.0,5.0,Finished,10.0,2023,16,Japanese Grand Prix,0,0,0,7.0,100.20878,95.611,2.0,42.0702531645569,27.2886075949367,0.0,1.82974683544303
55,SAI,Carlos Sainz,Ferrari,6.0,6.0,Finished,8.0,2023,16,Japanese Grand Prix,0,0,0,6.0,100.17446,96.187,2.0,42.0702531645569,27.2886075949367,0.0,1.82974683544303
63,RUS,George Russell,Mercedes,8.0,7.0,Finished,6.0,2023,16,Japanese Grand Prix,0,0,0,8.0,100.41562,97.653,1.0,42.0702531645569,27.2886075949367,0.0,1.82974683544303
14,ALO,Fernando Alonso,Aston Martin,10.0,8.0,Finished,4.0,2023,16,Japanese Grand Prix,0,0,0,10.0,100.68494,97.203,2.0,42.0702531645569,27.2886075949367,0.0,1.82974683544303
31,OCO,Esteban Ocon,Alpine,14.0,9.0,Finished,2.0,2023,16,Japanese Grand Prix,0,0,0,14.0,102.175960784313,97.398,2.0,42.0702531645569,27.2886075949367,0.0,1.82974683544303
10,GAS,Pierre Gasly,Alpine,12.0,10.0,Finished,1.0,2023,16,Japanese Grand Prix,0,0,0,12.0,101.03768,96.371,2.0,42.0702531645569,27.2886075949367,0.0,1.82974683544303
40,LAW,Liam Lawson,AlphaTauri,11.0,11.0,Lapped,0.0,2023,16,Japanese Grand Prix,1,0,0,11.0,101.392979591836,98.267,2.0,42.0702531645569,27.2886075949367,0.0,1.82974683544303
22,TSU,Yuki Tsunoda,AlphaTauri,9.0,12.0,Lapped,0.0,2023,16,Japanese Grand Prix,1,0,0,9.0,101.432571428571,97.768,2.0,42.0702531645569,27.2886075949367,0.0,1.82974683544303
24,ZHO,Guanyu Zhou,Alfa Romeo,19.0,13.0,Lapped,0.0,2023,16,Japanese Grand Prix,1,0,0,19.0,101.666183673469,97.791,2.0,42.0702531645569,27.2886075949367,0.0,1.82974683544303
27,HUL,Nico Hulkenberg,Haas F1 Team,18.0,14.0,Lapped,0.0,2023,16,Japanese Grand Prix,1,0,0,18.0,101.597306122448,97.25,3.0,42.0702531645569,27.2886075949367,0.0,1.82974683544303
20,MAG,Kevin Magnussen,Haas F1 Team,15.0,15.0,Lapped,0.0,2023,16,Japanese Grand Prix,1,0,0,15.0,102.016163265306,97.842,2.0,42.0702531645569,27.2886075949367,0.0,1.82974683544303
23,ALB,Alexander Albon,Williams,13.0,16.0,Retired,0.0,2023,16,Japanese Grand Prix,1,0,0,13.0,105.336782608695,99.185,1.0,42.0702531645569,27.2886075949367,0.0,1.82974683544303
2,SAR,Logan Sargeant,Williams,20.0,17.0,Retired,0.0,2023,16,Japanese Grand Prix,1,0,0,20.0,108.365210526315,98.848,3.0,42.0702531645569,27.2886075949367,0.0,1.82974683544303
18,STR,Lance Stroll,Aston Martin,17.0,18.0,Retired,0.0,2023,16,Japanese Grand Prix,1,0,0,17.0,104.807529411764,99.05,1.0,42.0702531645569,27.2886075949367,0.0,1.82974683544303
11,PER,Sergio Perez,Red Bull Racing,5.0,19.0,Retired,0.0,2023,16,Japanese Grand Prix,1,0,0,5.0,108.7092,99.704,1.0,42.0702531645569,27.2886075949367,0.0,1.82974683544303
77,BOT,Valtteri Bottas,Alfa Romeo,16.0,20.0,Retired,0.0,2023,16,Japanese Grand Prix,1,0,0,16.0,136.214,106.852,0.0,42.0702531645569,27.2886075949367,0.0,1.82974683544303
1,VER,Max Verstappen,Red Bull Racing,1.0,1.0,Finished,26.0,2023,17,Qatar Grand Prix,0,1,1,1.0,91.1787321428571,84.319,3.0,36.9320754716981,31.462893081761,0.0,0.889937106918239
81,PIA,Oscar Piastri,McLaren,6.0,2.0,Finished,18.0,2023,17,Qatar Grand Prix,0,0,1,6.0,91.260625,84.921,3.0,36.9320754716981,31.462893081761,0.0,0.889937106918239
4,NOR,Lando Norris,McLaren,10.0,3.0,Finished,15.0,2023,17,Qatar Grand Prix,0,0,1,10.0,92.3708245614035,84.842,3.0,36.9320754716981,31.462893081761,0.0,0.889937106918239
63,RUS,George Russell,Mercedes,2.0,4.0,Finished,12.0,2023,17,Qatar Grand Prix,0,0,0,2.0,92.8646842105263,85.77,4.0,36.9320754716981,31.462893081761,0.0,0.889937106918239
16,LEC,Charles Leclerc,Ferrari,5.0,5.0,Finished,10.0,2023,17,Qatar Grand Prix,0,0,0,5.0,91.9101607142857,84.992,3.0,36.9320754716981,31.462893081761,0.0,0.889937106918239
14,ALO,Fernando Alonso,Aston Martin,4.0,6.0,Finished,8.0,2023,17,Qatar Grand Prix,0,0,0,4.0,92.0644107142857,86.045,3.0,36.9320754716981,31.462893081761,0.0,0.889937106918239
31,OCO,Esteban Ocon,Alpine,8.0,7.0,Finished,6.0,2023,17,Qatar Grand Prix,0,0,0,8.0,92.3401607142857,86.45,3.0,36.9320754716981,31.462893081761,0.0,0.889937106918239
77,BOT,Valtteri Bottas,Alfa Romeo,9.0,8.0,Finished,4.0,2023,17,Qatar Grand Prix,0,0,0,9.0,93.4338771929824,86.652,3.0,36.9320754716981,31.462893081761,0.0,0.889937106918239
24,ZHO,Guanyu Zhou,Alfa Romeo,19.0,9.0,Finished,2.0,2023,17,Qatar Grand Prix,0,0,0,20.0,93.6016666666666,86.323,3.0,36.9320754716981,31.462893081761,0.0,0.889937106918239
11,PER,Sergio Perez,Red Bull Racing,20.0,10.0,Finished,1.0,2023,17,Qatar Grand Prix,0,0,0,13.0,93.5850701754386,86.22,4.0,36.9320754716981,31.462893081761,0.0,0.889937106918239
18,STR,Lance Stroll,Aston Martin,16.0,11.0,Finished,0.0,2023,17,Qatar Grand Prix,0,0,0,17.0,93.5231578947368,86.352,3.0,36.9320754716981,31.462893081761,0.0,0.889937106918239
10,GAS,Pierre Gasly,Alpine,7.0,12.0,Finished,0.0,2023,17,Qatar Grand Prix,0,0,0,7.0,93.5345263157894,85.793,3.0,36.9320754716981,31.462893081761,0.0,0.889937106918239
23,ALB,Alexander Albon,Williams,13.0,13.0,Finished,0.0,2023,17,Qatar Grand Prix,0,0,0,14.0,93.6874035087719,86.666,3.0,36.9320754716981,31.462893081761,0.0,0.889937106918239
20,MAG,Kevin Magnussen,Haas F1 Team,18.0,14.0,Lapped,0.0,2023,17,Qatar Grand Prix,1,0,0,19.0,93.9359642857142,87.067,3.0,36.9320754716981,31.462893081761,0.0,0.889937106918239
22,TSU,Yuki Tsunoda,AlphaTauri,11.0,15.0,Lapped,0.0,2023,17,Qatar Grand Prix,1,0,0,11.0,94.0736785714285,87.174,3.0,36.9320754716981,31.462893081761,0.0,0.889937106918239
27,HUL,Nico Hulkenberg,Haas F1 Team,14.0,16.0,Lapped,0.0,2023,17,Qatar Grand Prix,1,0,0,15.0,94.1830892857142,86.444,3.0,36.9320754716981,31.462893081761,0.0,0.889937106918239
40,LAW,Liam Lawson,AlphaTauri,17.0,17.0,Lapped,0.0,2023,17,Qatar Grand Prix,1,0,0,18.0,94.3977857142857,87.113,3.0,36.9320754716981,31.462893081761,0.0,0.889937106918239
2,SAR,Logan Sargeant,Williams,15.0,18.0,Retired,0.0,2023,17,Qatar Grand Prix,1,0,0,16.0,96.70515,87.983,2.0,36.9320754716981,31.462893081761,0.0,0.889937106918239
44,HAM,Lewis Hamilton,Mercedes,3.0,19.0,Retired,0.0,2023,17,Qatar Grand Prix,1,0,0,3.0,,,,36.9320754716981,31.462893081761,0.0,0.889937106918239
55,SAI,Carlos Sainz,Ferrari,12.0,20.0,Did not start,0.0,2023,17,Qatar Grand Prix,1,0,0,12.0,,,,36.9320754716981,31.462893081761,0.0,0.889937106918239
1,VER,Max Verstappen,Red Bull Racing,6.0,1.0,Finished,25.0,2023,18,United States Grand Prix,0,1,1,6.0,102.167178571428,100.028,2.0,40.6285714285714,29.960119047619,0.0,3.31428571428571
4,NOR,Lando Norris,McLaren,2.0,2.0,Finished,18.0,2023,18,United States Grand Prix,0,0,1,2.0,102.358785714285,99.985,2.0,40.6285714285714,29.960119047619,0.0,3.31428571428571
55,SAI,Carlos Sainz,Ferrari,4.0,3.0,Finished,15.0,2023,18,United States Grand Prix,0,0,1,4.0,102.437428571428,100.034,2.0,40.6285714285714,29.960119047619,0.0,3.31428571428571
11,PER,Sergio Perez,Red Bull Racing,9.0,4.0,Finished,12.0,2023,18,United States Grand Prix,0,0,0,9.0,102.496821428571,99.737,2.0,40.6285714285714,29.960119047619,0.0,3.31428571428571
63,RUS,George Russell,Mercedes,5.0,5.0,Finished,10.0,2023,18,United States Grand Prix,0,0,0,5.0,102.613589285714,99.393,2.0,40.6285714285714,29.960119047619,0.0,3.31428571428571
10,GAS,Pierre Gasly,Alpine,7.0,6.0,Finished,8.0,2023,18,United States Grand Prix,0,0,0,7.0,103.02425,100.412,2.0,40.6285714285714,29.960119047619,0.0,3.31428571428571
18,STR,Lance Stroll,Aston Martin,20.0,7.0,Finished,6.0,2023,18,United States Grand Prix,0,0,0,19.0,103.03675,99.908,3.0,40.6285714285714,29.960119047619,0.0,3.31428571428571
22,TSU,Yuki Tsunoda,AlphaTauri,11.0,8.0,Finished,5.0,2023,18,United States Grand Prix,0,0,0,11.0,103.495482142857,98.139,3.0,40.6285714285714,29.960119047619,0.0,3.31428571428571
23,ALB,Alexander Albon,Williams,15.0,9.0,Finished,2.0,2023,18,United States Grand Prix,0,0,0,18.0,103.626357142857,101.318,2.0,40.6285714285714,29.960119047619,0.0,3.31428571428571
2,SAR,Logan Sargeant,Williams,16.0,10.0,Finished,1.0,2023,18,United States Grand Prix,0,0,0,20.0,103.738571428571,101.238,2.0,40.6285714285714,29.960119047619,0.0,3.31428571428571
27,HUL,Nico Hulkenberg,Haas F1 Team,18.0,11.0,Finished,0.0,2023,18,United States Grand Prix,0,0,0,16.0,103.772607142857,100.925,3.0,40.6285714285714,29.960119047619,0.0,3.31428571428571
77,BOT,Valtteri Bottas,Alfa Romeo,13.0,12.0,Finished,0.0,2023,18,United States Grand Prix,0,0,0,13.0,103.927910714285,101.972,2.0,40.6285714285714,29.960119047619,0.0,3.31428571428571
24,ZHO,Guanyu Zhou,Alfa Romeo,12.0,13.0,Lapped,0.0,2023,18,United States Grand Prix,1,0,0,12.0,104.089781818181,101.879,2.0,40.6285714285714,29.960119047619,0.0,3.31428571428571
20,MAG,Kevin Magnussen,Haas F1 Team,17.0,14.0,Lapped,0.0,2023,18,United States Grand Prix,1,0,0,14.0,104.171527272727,101.506,3.0,40.6285714285714,29.960119047619,0.0,3.31428571428571
3,RIC,Daniel Ricciardo,AlphaTauri,14.0,15.0,Lapped,0.0,2023,18,United States Grand Prix,1,0,0,15.0,104.185709090909,99.366,2.0,40.6285714285714,29.960119047619,0.0,3.31428571428571
14,ALO,Fernando Alonso,Aston Martin,19.0,16.0,Retired,0.0,2023,18,United States Grand Prix,1,0,0,17.0,103.637285714285,99.954,3.0,40.6285714285714,29.960119047619,0.0,3.31428571428571
81,PIA,Oscar Piastri,McLaren,10.0,17.0,Retired,0.0,2023,18,United States Grand Prix,1,0,0,10.0,105.9564,102.705,0.0,40.6285714285714,29.960119047619,0.0,3.31428571428571
31,OCO,Esteban Ocon,Alpine,8.0,18.0,Retired,0.0,2023,18,United States Grand Prix,1,0,0,8.0,108.074833333333,104.789,0.0,40.6285714285714,29.960119047619,0.0,3.31428571428571
44,HAM,Lewis Hamilton,Mercedes,3.0,19.0,Disqualified,0.0,2023,18,United States Grand Prix,1,0,0,3.0,102.206910714285,99.582,2.0,40.6285714285714,29.960119047619,0.0,3.31428571428571
16,LEC,Charles Leclerc,Ferrari,1.0,20.0,Disqualified,0.0,2023,18,United States Grand Prix,1,0,0,1.0,102.607571428571,101.025,1.0,40.6285714285714,29.960119047619,0.0,3.31428571428571
1,VER,Max Verstappen,Red Bull Racing,3.0,1.0,Finished,25.0,2023,19,Mexico City Grand Prix,0,1,1,3.0,83.6025882352941,81.644,1.0,45.6394736842105,25.5473684210526,0.0,1.49
44,HAM,Lewis Hamilton,Mercedes,6.0,2.0,Finished,19.0,2023,19,Mexico City Grand Prix,0,0,1,6.0,84.1154852941176,81.334,1.0,45.6394736842105,25.5473684210526,0.0,1.49
16,LEC,Charles Leclerc,Ferrari,1.0,3.0,Finished,15.0,2023,19,Mexico City Grand Prix,0,0,1,1.0,84.1916029411764,82.332,1.0,45.6394736842105,25.5473684210526,0.0,1.49
55,SAI,Carlos Sainz,Ferrari,2.0,4.0,Finished,12.0,2023,19,Mexico City Grand Prix,0,0,0,2.0,84.400544117647,82.539,1.0,45.6394736842105,25.5473684210526,0.0,1.49
4,NOR,Lando Norris,McLaren,17.0,5.0,Finished,10.0,2023,19,Mexico City Grand Prix,0,0,0,19.0,86.3475285714285,81.944,2.0,45.6394736842105,25.5473684210526,0.0,1.49
63,RUS,George Russell,Mercedes,8.0,6.0,Finished,8.0,2023,19,Mexico City Grand Prix,0,0,0,8.0,86.4893714285714,82.78,1.0,45.6394736842105,25.5473684210526,0.0,1.49
3,RIC,Daniel Ricciardo,AlphaTauri,4.0,7.0,Finished,6.0,2023,19,Mexico City Grand Prix,0,0,0,4.0,85.5674927536231,82.679,1.0,45.6394736842105,25.5473684210526,0.0,1.49
81,PIA,Oscar Piastri,McLaren,7.0,8.0,Finished,4.0,2023,19,Mexico City Grand Prix,0,0,0,7.0,86.5155142857142,82.76,1.0,45.6394736842105,25.5473684210526,0.0,1.49
23,ALB,Alexander Albon,Williams,14.0,9.0,Finished,2.0,2023,19,Mexico City Grand Prix,0,0,0,14.0,85.640768115942,82.773,0.0,45.6394736842105,25.5473684210526,0.0,1.49
31,OCO,Esteban Ocon,Alpine,15.0,10.0,Finished,1.0,2023,19,Mexico City Grand Prix,0,0,0,16.0,86.7628,82.976,0.0,45.6394736842105,25.5473684210526,0.0,1.49
10,GAS,Pierre Gasly,Alpine,11.0,11.0,Finished,0.0,2023,19,Mexico City Grand Prix,0,0,0,11.0,86.8190142857142,83.23,1.0,45.6394736842105,25.5473684210526,0.0,1.49
22,TSU,Yuki Tsunoda,AlphaTauri,18.0,12.0,Finished,0.0,2023,19,Mexico City Grand Prix,0,0,0,15.0,87.0570142857142,82.501,1.0,45.6394736842105,25.5473684210526,0.0,1.49
27,HUL,Nico Hulkenberg,Haas F1 Team,12.0,13.0,Finished,0.0,2023,19,Mexico City Grand Prix,0,0,0,12.0,87.0459,83.222,1.0,45.6394736842105,25.5473684210526,0.0,1.49
24,ZHO,Guanyu Zhou,Alfa Romeo,10.0,14.0,Finished,0.0,2023,19,Mexico City Grand Prix,0,0,0,10.0,87.0628714285714,83.567,1.0,45.6394736842105,25.5473684210526,0.0,1.49
77,BOT,Valtteri Bottas,Alfa Romeo,9.0,15.0,Finished,0.0,2023,19,Mexico City Grand Prix,0,0,0,9.0,87.0281571428571,83.166,1.0,45.6394736842105,25.5473684210526,0.0,1.49
2,SAR,Logan Sargeant,Williams,19.0,16.0,Retired,0.0,2023,19,Mexico City Grand Prix,1,0,0,20.0,86.995884057971,83.003,1.0,45.6394736842105,25.5473684210526,0.0,1.49
18,STR,Lance Stroll,Aston Martin,0.0,17.0,Collision damage,0.0,2023,19,Mexico City Grand Prix,1,0,0,18.0,87.452123076923,83.257,2.0,45.6394736842105,25.5473684210526,0.0,1.49
14,ALO,Fernando Alonso,Aston Martin,13.0,18.0,Withdrew,0.0,2023,19,Mexico City Grand Prix,1,0,0,13.0,88.6859347826087,83.531,1.0,45.6394736842105,25.5473684210526,0.0,1.49
20,MAG,Kevin Magnussen,Haas F1 Team,16.0,19.0,Accident,0.0,2023,19,Mexico City Grand Prix,1,0,0,17.0,86.6455806451612,83.146,1.0,45.6394736842105,25.5473684210526,0.0,1.49
11,PER,Sergio Perez,Red Bull Racing,5.0,20.0,Collision damage,0.0,2023,19,Mexico City Grand Prix,1,0,0,5.0,103.446,103.446,0.0,45.6394736842105,25.5473684210526,0.0,1.49
1,VER,Max Verstappen,Red Bull Racing,1.0,1.0,Finished,25.0,2023,20,S√£o Paulo Grand Prix,0,1,1,1.0,78.3389142857142,73.422,3.0,46.775956284153,20.4601092896174,0.00546448087431694,1.30928961748633
4,NOR,Lando Norris,McLaren,6.0,2.0,Finished,19.0,2023,20,S√£o Paulo Grand Prix,0,0,1,7.0,78.4389714285714,72.486,3.0,46.775956284153,20.4601092896174,0.00546448087431694,1.30928961748633
14,ALO,Fernando Alonso,Aston Martin,4.0,3.0,Finished,15.0,2023,20,S√£o Paulo Grand Prix,0,0,1,4.0,78.7431857142857,74.442,3.0,46.775956284153,20.4601092896174,0.00546448087431694,1.30928961748633
11,PER,Sergio Perez,Red Bull Racing,9.0,4.0,Finished,12.0,2023,20,S√£o Paulo Grand Prix,0,0,0,9.0,78.7408,74.124,3.0,46.775956284153,20.4601092896174,0.00546448087431694,1.30928961748633
18,STR,Lance Stroll,Aston Martin,3.0,5.0,Finished,10.0,2023,20,S√£o Paulo Grand Prix,0,0,0,3.0,78.8465,74.007,3.0,46.775956284153,20.4601092896174,0.00546448087431694,1.30928961748633
55,SAI,Carlos Sainz,Ferrari,7.0,6.0,Finished,8.0,2023,20,S√£o Paulo Grand Prix,0,0,0,8.0,78.9382714285714,74.406,3.0,46.775956284153,20.4601092896174,0.00546448087431694,1.30928961748633
10,GAS,Pierre Gasly,Alpine,15.0,7.0,Finished,6.0,2023,20,S√£o Paulo Grand Prix,0,0,0,13.0,78.6712857142857,74.521,3.0,46.775956284153,20.4601092896174,0.00546448087431694,1.30928961748633
44,HAM,Lewis Hamilton,Mercedes,5.0,8.0,Finished,4.0,2023,20,S√£o Paulo Grand Prix,0,0,0,5.0,79.1555142857142,74.739,3.0,46.775956284153,20.4601092896174,0.00546448087431694,1.30928961748633
22,TSU,Yuki Tsunoda,AlphaTauri,16.0,9.0,Finished,2.0,2023,20,S√£o Paulo Grand Prix,0,0,0,16.0,78.8404285714285,74.231,3.0,46.775956284153,20.4601092896174,0.00546448087431694,1.30928961748633
31,OCO,Esteban Ocon,Alpine,14.0,10.0,Lapped,1.0,2023,20,S√£o Paulo Grand Prix,1,0,0,12.0,79.0707826086956,74.206,4.0,46.775956284153,20.4601092896174,0.00546448087431694,1.30928961748633
2,SAR,Logan Sargeant,Williams,19.0,11.0,Lapped,0.0,2023,20,S√£o Paulo Grand Prix,1,0,0,19.0,79.4660579710145,75.738,3.0,46.775956284153,20.4601092896174,0.00546448087431694,1.30928961748633
27,HUL,Nico Hulkenberg,Haas F1 Team,11.0,12.0,Lapped,0.0,2023,20,S√£o Paulo Grand Prix,1,0,0,11.0,79.5768405797101,75.036,3.0,46.775956284153,20.4601092896174,0.00546448087431694,1.30928961748633
3,RIC,Daniel Ricciardo,AlphaTauri,17.0,13.0,Lapped,0.0,2023,20,S√£o Paulo Grand Prix,1,0,0,17.0,78.2571449275362,73.866,3.0,46.775956284153,20.4601092896174,0.00546448087431694,1.30928961748633
81,PIA,Oscar Piastri,McLaren,10.0,14.0,Lapped,0.0,2023,20,S√£o Paulo Grand Prix,1,0,0,10.0,78.3486617647058,74.31,3.0,46.775956284153,20.4601092896174,0.00546448087431694,1.30928961748633
63,RUS,George Russell,Mercedes,8.0,15.0,Retired,0.0,2023,20,S√£o Paulo Grand Prix,1,0,0,6.0,80.7306964285714,74.934,3.0,46.775956284153,20.4601092896174,0.00546448087431694,1.30928961748633
77,BOT,Valtteri Bottas,Alfa Romeo,18.0,16.0,Retired,0.0,2023,20,S√£o Paulo Grand Prix,1,0,0,18.0,81.4395526315789,75.731,2.0,46.775956284153,20.4601092896174,0.00546448087431694,1.30928961748633
24,ZHO,Guanyu Zhou,Alfa Romeo,20.0,17.0,Retired,0.0,2023,20,S√£o Paulo Grand Prix,1,0,0,20.0,85.5807142857142,76.232,2.0,46.775956284153,20.4601092896174,0.00546448087431694,1.30928961748633
20,MAG,Kevin Magnussen,Haas F1 Team,12.0,18.0,Retired,0.0,2023,20,S√£o Paulo Grand Prix,1,0,0,14.0,,,,46.775956284153,20.4601092896174,0.00546448087431694,1.30928961748633
23,ALB,Alexander Albon,Williams,13.0,19.0,Retired,0.0,2023,20,S√£o Paulo Grand Prix,1,0,0,15.0,,,,46.775956284153,20.4601092896174,0.00546448087431694,1.30928961748633
16,LEC,Charles Leclerc,Ferrari,2.0,20.0,Did not start,0.0,2023,20,S√£o Paulo Grand Prix,1,0,0,2.0,,,,46.775956284153,20.4601092896174,0.00546448087431694,1.30928961748633
1,VER,Max Verstappen,Red Bull Racing,2.0,1.0,Finished,25.0,2023,21,Las Vegas Grand Prix,0,1,1,3.0,99.9578666666666,95.614,1.0,17.9944444444444,18.05,0.0,2.30092592592592
16,LEC,Charles Leclerc,Ferrari,1.0,2.0,Finished,18.0,2023,21,Las Vegas Grand Prix,0,0,1,1.0,99.8696888888889,95.669,1.0,17.9944444444444,18.05,0.0,2.30092592592592
11,PER,Sergio Perez,Red Bull Racing,11.0,3.0,Finished,15.0,2023,21,Las Vegas Grand Prix,0,0,1,12.0,101.395630434782,95.939,1.0,17.9944444444444,18.05,0.0,2.30092592592592
31,OCO,Esteban Ocon,Alpine,16.0,4.0,Finished,12.0,2023,21,Las Vegas Grand Prix,0,0,0,17.0,100.759933333333,96.637,1.0,17.9944444444444,18.05,0.0,2.30092592592592
18,STR,Lance Stroll,Aston Martin,19.0,5.0,Finished,10.0,2023,21,Las Vegas Grand Prix,0,0,0,14.0,101.584499999999,96.584,0.0,17.9944444444444,18.05,0.0,2.30092592592592
55,SAI,Carlos Sainz,Ferrari,12.0,6.0,Finished,8.0,2023,21,Las Vegas Grand Prix,0,0,0,2.0,101.916956521739,95.984,0.0,17.9944444444444,18.05,0.0,2.30092592592592
44,HAM,Lewis Hamilton,Mercedes,10.0,7.0,Finished,6.0,2023,21,Las Vegas Grand Prix,0,0,0,11.0,102.537369565217,95.716,2.0,17.9944444444444,18.05,0.0,2.30092592592592
63,RUS,George Russell,Mercedes,3.0,8.0,Finished,4.0,2023,21,Las Vegas Grand Prix,0,0,0,4.0,100.396488888888,96.071,1.0,17.9944444444444,18.05,0.0,2.30092592592592
14,ALO,Fernando Alonso,Aston Martin,9.0,9.0,Finished,2.0,2023,21,Las Vegas Grand Prix,0,0,0,10.0,102.586608695652,96.559,1.0,17.9944444444444,18.05,0.0,2.30092592592592
81,PIA,Oscar Piastri,McLaren,18.0,10.0,Finished,2.0,2023,21,Las Vegas Grand Prix,0,0,0,19.0,101.140955555555,95.49,2.0,17.9944444444444,18.05,0.0,2.30092592592592
10,GAS,Pierre Gasly,Alpine,4.0,11.0,Finished,0.0,2023,21,Las Vegas Grand Prix,0,0,0,5.0,100.989355555555,96.913,1.0,17.9944444444444,18.05,0.0,2.30092592592592
23,ALB,Alexander Albon,Williams,5.0,12.0,Finished,0.0,2023,21,Las Vegas Grand Prix,0,0,0,6.0,101.280777777777,97.357,1.0,17.9944444444444,18.05,0.0,2.30092592592592
20,MAG,Kevin Magnussen,Haas F1 Team,8.0,13.0,Finished,0.0,2023,21,Las Vegas Grand Prix,0,0,0,9.0,101.701777777777,97.455,1.0,17.9944444444444,18.05,0.0,2.30092592592592
3,RIC,Daniel Ricciardo,AlphaTauri,14.0,14.0,Finished,0.0,2023,21,Las Vegas Grand Prix,0,0,0,15.0,103.032934782608,97.108,1.0,17.9944444444444,18.05,0.0,2.30092592592592
24,ZHO,Guanyu Zhou,Alfa Romeo,17.0,15.0,Finished,0.0,2023,21,Las Vegas Grand Prix,0,0,0,18.0,101.774355555555,97.375,0.0,17.9944444444444,18.05,0.0,2.30092592592592
2,SAR,Logan Sargeant,Williams,6.0,16.0,Finished,0.0,2023,21,Las Vegas Grand Prix,0,0,0,7.0,101.578311111111,97.74,1.0,17.9944444444444,18.05,0.0,2.30092592592592
77,BOT,Valtteri Bottas,Alfa Romeo,7.0,17.0,Finished,0.0,2023,21,Las Vegas Grand Prix,0,0,0,8.0,107.447020408163,97.562,2.0,17.9944444444444,18.05,0.0,2.30092592592592
22,TSU,Yuki Tsunoda,AlphaTauri,20.0,18.0,Retired,0.0,2023,21,Las Vegas Grand Prix,1,0,0,20.0,105.027976744186,97.587,2.0,17.9944444444444,18.05,0.0,2.30092592592592
27,HUL,Nico Hulkenberg,Haas F1 Team,13.0,19.0,Retired,0.0,2023,21,Las Vegas Grand Prix,1,0,0,13.0,103.429487804878,97.565,2.0,17.9944444444444,18.05,0.0,2.30092592592592
4,NOR,Lando Norris,McLaren,15.0,20.0,Retired,0.0,2023,21,Las Vegas Grand Prix,1,0,0,16.0,124.8445,119.327,0.0,17.9944444444444,18.05,0.0,2.30092592592592
1,VER,Max Verstappen,Red Bull Racing,1.0,1.0,Finished,26.0,2023,22,Abu Dhabi Grand Prix,0,1,1,1.0,90.0452413793103,86.993,2.0,33.4608974358974,26.9628205128205,0.0,1.79487179487179
16,LEC,Charles Leclerc,Ferrari,2.0,2.0,Finished,18.0,2023,22,Abu Dhabi Grand Prix,0,0,1,2.0,90.3554655172413,88.199,2.0,33.4608974358974,26.9628205128205,0.0,1.79487179487179
63,RUS,George Russell,Mercedes,4.0,3.0,Finished,15.0,2023,22,Abu Dhabi Grand Prix,0,0,1,4.0,90.395724137931,88.187,2.0,33.4608974358974,26.9628205128205,0.0,1.79487179487179
11,PER,Sergio Perez,Red Bull Racing,9.0,4.0,Finished,12.0,2023,22,Abu Dhabi Grand Prix,0,0,0,9.0,90.3289137931034,87.493,2.0,33.4608974358974,26.9628205128205,0.0,1.79487179487179
4,NOR,Lando Norris,McLaren,5.0,5.0,Finished,10.0,2023,22,Abu Dhabi Grand Prix,0,0,0,5.0,90.4639310344827,88.164,2.0,33.4608974358974,26.9628205128205,0.0,1.79487179487179
81,PIA,Oscar Piastri,McLaren,3.0,6.0,Finished,8.0,2023,22,Abu Dhabi Grand Prix,0,0,0,3.0,90.5881206896551,88.138,2.0,33.4608974358974,26.9628205128205,0.0,1.79487179487179
14,ALO,Fernando Alonso,Aston Martin,7.0,7.0,Finished,6.0,2023,22,Abu Dhabi Grand Prix,0,0,0,7.0,90.7264827586206,88.256,2.0,33.4608974358974,26.9628205128205,0.0,1.79487179487179
22,TSU,Yuki Tsunoda,AlphaTauri,6.0,8.0,Finished,4.0,2023,22,Abu Dhabi Grand Prix,0,0,0,6.0,90.7881379310344,89.256,1.0,33.4608974358974,26.9628205128205,0.0,1.79487179487179
44,HAM,Lewis Hamilton,Mercedes,11.0,9.0,Finished,2.0,2023,22,Abu Dhabi Grand Prix,0,0,0,11.0,90.8111724137931,88.372,2.0,33.4608974358974,26.9628205128205,0.0,1.79487179487179
18,STR,Lance Stroll,Aston Martin,13.0,10.0,Finished,1.0,2023,22,Abu Dhabi Grand Prix,0,0,0,13.0,91.0044137931034,88.05,2.0,33.4608974358974,26.9628205128205,0.0,1.79487179487179
3,RIC,Daniel Ricciardo,AlphaTauri,15.0,11.0,Finished,0.0,2023,22,Abu Dhabi Grand Prix,0,0,0,15.0,91.0147068965517,88.571,2.0,33.4608974358974,26.9628205128205,0.0,1.79487179487179
31,OCO,Esteban Ocon,Alpine,12.0,12.0,Finished,0.0,2023,22,Abu Dhabi Grand Prix,0,0,0,12.0,91.1896034482758,90.033,1.0,33.4608974358974,26.9628205128205,0.0,1.79487179487179
10,GAS,Pierre Gasly,Alpine,10.0,13.0,Finished,0.0,2023,22,Abu Dhabi Grand Prix,0,0,0,10.0,91.2583448275862,89.016,2.0,33.4608974358974,26.9628205128205,0.0,1.79487179487179
23,ALB,Alexander Albon,Williams,14.0,14.0,Finished,0.0,2023,22,Abu Dhabi Grand Prix,0,0,0,14.0,91.3070344827586,87.845,2.0,33.4608974358974,26.9628205128205,0.0,1.79487179487179
27,HUL,Nico Hulkenberg,Haas F1 Team,8.0,15.0,Finished,0.0,2023,22,Abu Dhabi Grand Prix,0,0,0,8.0,91.4882758620689,89.217,2.0,33.4608974358974,26.9628205128205,0.0,1.79487179487179
2,SAR,Logan Sargeant,Williams,20.0,16.0,Finished,0.0,2023,22,Abu Dhabi Grand Prix,0,0,0,20.0,91.5588793103448,88.58,2.0,33.4608974358974,26.9628205128205,0.0,1.79487179487179
24,ZHO,Guanyu Zhou,Alfa Romeo,19.0,17.0,Finished,0.0,2023,22,Abu Dhabi Grand Prix,0,0,0,19.0,91.587,88.746,2.0,33.4608974358974,26.9628205128205,0.0,1.79487179487179
55,SAI,Carlos Sainz,Ferrari,16.0,18.0,Retired,0.0,2023,22,Abu Dhabi Grand Prix,1,0,0,16.0,91.4197017543859,89.452,2.0,33.4608974358974,26.9628205128205,0.0,1.79487179487179
77,BOT,Valtteri Bottas,Alfa Romeo,18.0,19.0,Lapped,0.0,2023,22,Abu Dhabi Grand Prix,1,0,0,18.0,91.8427192982456,89.863,1.0,33.4608974358974,26.9628205128205,0.0,1.79487179487179
20,MAG,Kevin Magnussen,Haas F1 Team,17.0,20.0,Lapped,0.0,2023,22,Abu Dhabi Grand Prix,1,0,0,17.0,91.8859649122807,89.934,2.0,33.4608974358974,26.9628205128205,0.0,1.79487179487179
1,VER,Max Verstappen,Red Bull Racing,1.0,1.0,Finished,26.0,2024,1,Bahrain Grand Prix,0,1,1,1.0,96.5744210526315,92.608,2.0,23.6528662420382,18.2273885350318,0.0,0.785987261146496
11,PER,Sergio Perez,Red Bull Racing,5.0,2.0,Finished,18.0,2024,1,Bahrain Grand Prix,0,0,1,5.0,96.9684035087719,94.364,2.0,23.6528662420382,18.2273885350318,0.0,0.785987261146496
55,SAI,Carlos Sainz,Ferrari,4.0,3.0,Finished,15.0,2024,1,Bahrain Grand Prix,0,0,1,4.0,97.014947368421,94.507,2.0,23.6528662420382,18.2273885350318,0.0,0.785987261146496
16,LEC,Charles Leclerc,Ferrari,2.0,4.0,Finished,12.0,2024,1,Bahrain Grand Prix,0,0,0,2.0,97.2703684210526,94.09,2.0,23.6528662420382,18.2273885350318,0.0,0.785987261146496
63,RUS,George Russell,Mercedes,3.0,5.0,Finished,10.0,2024,1,Bahrain Grand Prix,0,0,0,3.0,97.3952631578947,95.065,2.0,23.6528662420382,18.2273885350318,0.0,0.785987261146496
4,NOR,Lando Norris,McLaren,7.0,6.0,Finished,8.0,2024,1,Bahrain Grand Prix,0,0,0,7.0,97.4245614035087,94.476,2.0,23.6528662420382,18.2273885350318,0.0,0.785987261146496
44,HAM,Lewis Hamilton,Mercedes,9.0,7.0,Finished,6.0,2024,1,Bahrain Grand Prix,0,0,0,9.0,97.457298245614,94.722,2.0,23.6528662420382,18.2273885350318,0.0,0.785987261146496
81,PIA,Oscar Piastri,McLaren,8.0,8.0,Finished,4.0,2024,1,Bahrain Grand Prix,0,0,0,8.0,97.5583157894736,94.774,2.0,23.6528662420382,18.2273885350318,0.0,0.785987261146496
14,ALO,Fernando Alonso,Aston Martin,6.0,9.0,Finished,2.0,2024,1,Bahrain Grand Prix,0,0,0,6.0,97.8882280701754,94.199,2.0,23.6528662420382,18.2273885350318,0.0,0.785987261146496
18,STR,Lance Stroll,Aston Martin,12.0,10.0,Finished,1.0,2024,1,Bahrain Grand Prix,0,0,0,12.0,98.2097894736842,95.632,2.0,23.6528662420382,18.2273885350318,0.0,0.785987261146496
24,ZHO,Guanyu Zhou,Kick Sauber,17.0,11.0,Lapped,0.0,2024,1,Bahrain Grand Prix,1,0,0,17.0,98.4196607142857,95.458,2.0,23.6528662420382,18.2273885350318,0.0,0.785987261146496
20,MAG,Kevin Magnussen,Haas F1 Team,15.0,12.0,Lapped,0.0,2024,1,Bahrain Grand Prix,1,0,0,15.0,98.4474642857142,95.57,2.0,23.6528662420382,18.2273885350318,0.0,0.785987261146496
3,RIC,Daniel Ricciardo,RB,14.0,13.0,Lapped,0.0,2024,1,Bahrain Grand Prix,1,0,0,14.0,98.4589285714285,95.163,2.0,23.6528662420382,18.2273885350318,0.0,0.785987261146496
22,TSU,Yuki Tsunoda,RB,11.0,14.0,Lapped,0.0,2024,1,Bahrain Grand Prix,1,0,0,11.0,98.4682857142857,95.833,2.0,23.6528662420382,18.2273885350318,0.0,0.785987261146496
23,ALB,Alexander Albon,Williams,13.0,15.0,Lapped,0.0,2024,1,Bahrain Grand Prix,1,0,0,13.0,98.5112142857142,95.723,2.0,23.6528662420382,18.2273885350318,0.0,0.785987261146496
27,HUL,Nico Hulkenberg,Haas F1 Team,10.0,16.0,Lapped,0.0,2024,1,Bahrain Grand Prix,1,0,0,10.0,98.6138214285714,94.834,3.0,23.6528662420382,18.2273885350318,0.0,0.785987261146496
31,OCO,Esteban Ocon,Alpine,19.0,17.0,Lapped,0.0,2024,1,Bahrain Grand Prix,1,0,0,19.0,98.8605714285714,96.226,2.0,23.6528662420382,18.2273885350318,0.0,0.785987261146496
10,GAS,Pierre Gasly,Alpine,20.0,18.0,Lapped,0.0,2024,1,Bahrain Grand Prix,1,0,0,20.0,98.8778392857142,94.805,3.0,23.6528662420382,18.2273885350318,0.0,0.785987261146496
77,BOT,Valtteri Bottas,Kick Sauber,16.0,19.0,Lapped,0.0,2024,1,Bahrain Grand Prix,1,0,0,16.0,98.5037454545454,96.202,1.0,23.6528662420382,18.2273885350318,0.0,0.785987261146496
2,SAR,Logan Sargeant,Williams,18.0,20.0,Lapped,0.0,2024,1,Bahrain Grand Prix,1,0,0,18.0,99.3273518518518,94.735,3.0,23.6528662420382,18.2273885350318,0.0,0.785987261146496
1,VER,Max Verstappen,Red Bull Racing,1.0,1.0,Finished,25.0,2024,2,Saudi Arabian Grand Prix,0,1,1,1.0,93.6082291666666,91.773,0.0,31.5931506849315,25.5280821917808,0.0,1.30273972602739
11,PER,Sergio Perez,Red Bull Racing,3.0,2.0,Finished,18.0,2024,2,Saudi Arabian Grand Prix,0,0,1,3.0,93.8677291666666,92.273,0.0,31.5931506849315,25.5280821917808,0.0,1.30273972602739
16,LEC,Charles Leclerc,Ferrari,2.0,3.0,Finished,16.0,2024,2,Saudi Arabian Grand Prix,0,0,1,2.0,94.1012083333333,91.632,0.0,31.5931506849315,25.5280821917808,0.0,1.30273972602739
81,PIA,Oscar Piastri,McLaren,5.0,4.0,Finished,12.0,2024,2,Saudi Arabian Grand Prix,0,0,0,5.0,94.4689375,92.31,0.0,31.5931506849315,25.5280821917808,0.0,1.30273972602739
14,ALO,Fernando Alonso,Aston Martin,4.0,5.0,Finished,10.0,2024,2,Saudi Arabian Grand Prix,0,0,0,4.0,94.55775,92.387,0.0,31.5931506849315,25.5280821917808,0.0,1.30273972602739
63,RUS,George Russell,Mercedes,7.0,6.0,Finished,8.0,2024,2,Saudi Arabian Grand Prix,0,0,0,7.0,94.7531875,92.254,0.0,31.5931506849315,25.5280821917808,0.0,1.30273972602739
38,BEA,Oliver Bearman,Ferrari,11.0,7.0,Finished,6.0,2024,2,Saudi Arabian Grand Prix,0,0,0,11.0,96.0482448979591,92.186,0.0,31.5931506849315,25.5280821917808,0.0,1.30273972602739
4,NOR,Lando Norris,McLaren,6.0,8.0,Finished,4.0,2024,2,Saudi Arabian Grand Prix,0,0,0,6.0,94.8580208333333,91.944,1.0,31.5931506849315,25.5280821917808,0.0,1.30273972602739
44,HAM,Lewis Hamilton,Mercedes,8.0,9.0,Finished,2.0,2024,2,Saudi Arabian Grand Prix,0,0,0,8.0,94.9550416666666,91.746,1.0,31.5931506849315,25.5280821917808,0.0,1.30273972602739
27,HUL,Nico Hulkenberg,Haas F1 Team,15.0,10.0,Finished,1.0,2024,2,Saudi Arabian Grand Prix,0,0,0,15.0,95.764625,92.366,1.0,31.5931506849315,25.5280821917808,0.0,1.30273972602739
23,ALB,Alexander Albon,Williams,12.0,11.0,Finished,0.0,2024,2,Saudi Arabian Grand Prix,0,0,0,12.0,96.9723265306122,92.307,0.0,31.5931506849315,25.5280821917808,0.0,1.30273972602739
20,MAG,Kevin Magnussen,Haas F1 Team,13.0,12.0,Finished,0.0,2024,2,Saudi Arabian Grand Prix,0,0,0,13.0,96.9180204081632,92.338,0.0,31.5931506849315,25.5280821917808,0.0,1.30273972602739
31,OCO,Esteban Ocon,Alpine,17.0,13.0,Lapped,0.0,2024,2,Saudi Arabian Grand Prix,1,0,0,17.0,97.3105416666666,93.481,0.0,31.5931506849315,25.5280821917808,0.0,1.30273972602739
2,SAR,Logan Sargeant,Williams,19.0,14.0,Lapped,0.0,2024,2,Saudi Arabian Grand Prix,1,0,0,19.0,97.349375,93.026,0.0,31.5931506849315,25.5280821917808,0.0,1.30273972602739
22,TSU,Yuki Tsunoda,RB,9.0,15.0,Lapped,0.0,2024,2,Saudi Arabian Grand Prix,1,0,0,9.0,97.2759166666666,93.523,0.0,31.5931506849315,25.5280821917808,0.0,1.30273972602739
3,RIC,Daniel Ricciardo,RB,14.0,16.0,Lapped,0.0,2024,2,Saudi Arabian Grand Prix,1,0,0,14.0,97.2974166666666,93.323,0.0,31.5931506849315,25.5280821917808,0.0,1.30273972602739
77,BOT,Valtteri Bottas,Kick Sauber,16.0,17.0,Lapped,0.0,2024,2,Saudi Arabian Grand Prix,1,0,0,16.0,97.6886666666666,92.706,1.0,31.5931506849315,25.5280821917808,0.0,1.30273972602739
24,ZHO,Guanyu Zhou,Kick Sauber,20.0,18.0,Lapped,0.0,2024,2,Saudi Arabian Grand Prix,1,0,0,20.0,98.0484791666666,92.208,1.0,31.5931506849315,25.5280821917808,0.0,1.30273972602739
18,STR,Lance Stroll,Aston Martin,10.0,19.0,Retired,0.0,2024,2,Saudi Arabian Grand Prix,1,0,0,10.0,97.1216,95.56,0.0,31.5931506849315,25.5280821917808,0.0,1.30273972602739
10,GAS,Pierre Gasly,Alpine,18.0,20.0,Retired,0.0,2024,2,Saudi Arabian Grand Prix,1,0,0,18.0,121.453,121.453,0.0,31.5931506849315,25.5280821917808,0.0,1.30273972602739
55,SAI,Carlos Sainz,Ferrari,2.0,1.0,Finished,25.0,2024,3,Australian Grand Prix,0,1,1,2.0,83.2214310344827,80.031,2.0,38.4020833333333,20.6222222222222,0.0,0.953472222222222
16,LEC,Charles Leclerc,Ferrari,4.0,2.0,Finished,19.0,2024,3,Australian Grand Prix,0,0,1,5.0,83.262224137931,79.813,2.0,38.4020833333333,20.6222222222222,0.0,0.953472222222222
4,NOR,Lando Norris,McLaren,3.0,3.0,Finished,15.0,2024,3,Australian Grand Prix,0,0,1,4.0,83.323224137931,79.915,2.0,38.4020833333333,20.6222222222222,0.0,0.953472222222222
81,PIA,Oscar Piastri,McLaren,5.0,4.0,Finished,12.0,2024,3,Australian Grand Prix,0,0,0,6.0,83.8381551724137,80.199,2.0,38.4020833333333,20.6222222222222,0.0,0.953472222222222
11,PER,Sergio Perez,Red Bull Racing,6.0,5.0,Finished,10.0,2024,3,Australian Grand Prix,0,0,0,3.0,84.1922758620689,80.388,2.0,38.4020833333333,20.6222222222222,0.0,0.953472222222222
18,STR,Lance Stroll,Aston Martin,9.0,6.0,Finished,8.0,2024,3,Australian Grand Prix,0,0,0,9.0,84.8287068965517,80.93,2.0,38.4020833333333,20.6222222222222,0.0,0.953472222222222
22,TSU,Yuki Tsunoda,RB,8.0,7.0,Finished,6.0,2024,3,Australian Grand Prix,0,0,0,8.0,84.869724137931,81.134,2.0,38.4020833333333,20.6222222222222,0.0,0.953472222222222
14,ALO,Fernando Alonso,Aston Martin,10.0,8.0,Finished,4.0,2024,3,Australian Grand Prix,0,0,0,10.0,84.6178448275862,80.493,2.0,38.4020833333333,20.6222222222222,0.0,0.953472222222222
27,HUL,Nico Hulkenberg,Haas F1 Team,16.0,9.0,Finished,2.0,2024,3,Australian Grand Prix,0,0,0,16.0,85.0240689655172,81.145,2.0,38.4020833333333,20.6222222222222,0.0,0.953472222222222
20,MAG,Kevin Magnussen,Haas F1 Team,14.0,10.0,Lapped,1.0,2024,3,Australian Grand Prix,1,0,0,14.0,84.7530526315789,81.082,2.0,38.4020833333333,20.6222222222222,0.0,0.953472222222222
23,ALB,Alexander Albon,Williams,12.0,11.0,Lapped,0.0,2024,3,Australian Grand Prix,1,0,0,12.0,84.7693333333333,81.618,2.0,38.4020833333333,20.6222222222222,0.0,0.953472222222222
3,RIC,Daniel Ricciardo,RB,18.0,12.0,Lapped,0.0,2024,3,Australian Grand Prix,1,0,0,18.0,84.8833508771929,81.239,2.0,38.4020833333333,20.6222222222222,0.0,0.953472222222222
10,GAS,Pierre Gasly,Alpine,17.0,13.0,Lapped,0.0,2024,3,Australian Grand Prix,1,0,0,17.0,85.3122105263158,81.09,2.0,38.4020833333333,20.6222222222222,0.0,0.953472222222222
77,BOT,Valtteri Bottas,Kick Sauber,13.0,14.0,Lapped,0.0,2024,3,Australian Grand Prix,1,0,0,13.0,85.4240175438596,81.422,2.0,38.4020833333333,20.6222222222222,0.0,0.953472222222222
24,ZHO,Guanyu Zhou,Kick Sauber,19.0,15.0,Lapped,0.0,2024,3,Australian Grand Prix,1,0,0,19.0,85.4585263157894,81.327,3.0,38.4020833333333,20.6222222222222,0.0,0.953472222222222
31,OCO,Esteban Ocon,Alpine,15.0,16.0,Lapped,0.0,2024,3,Australian Grand Prix,1,0,0,15.0,85.6284561403508,81.354,3.0,38.4020833333333,20.6222222222222,0.0,0.953472222222222
63,RUS,George Russell,Mercedes,7.0,17.0,Retired,0.0,2024,3,Australian Grand Prix,1,0,0,7.0,83.6559642857142,80.284,2.0,38.4020833333333,20.6222222222222,0.0,0.953472222222222
44,HAM,Lewis Hamilton,Mercedes,11.0,18.0,Retired,0.0,2024,3,Australian Grand Prix,1,0,0,11.0,85.2284,82.444,1.0,38.4020833333333,20.6222222222222,0.0,0.953472222222222
1,VER,Max Verstappen,Red Bull Racing,1.0,19.0,Retired,0.0,2024,3,Australian Grand Prix,1,0,0,1.0,84.8906666666666,83.115,0.0,38.4020833333333,20.6222222222222,0.0,0.953472222222222
1,VER,Max Verstappen,Red Bull Racing,1.0,1.0,Finished,26.0,2024,4,Japanese Grand Prix,0,1,1,1.0,97.6375098039215,93.706,2.0,37.5011049723756,21.6911602209944,0.0,2.24088397790055
11,PER,Sergio Perez,Red Bull Racing,2.0,2.0,Finished,18.0,2024,4,Japanese Grand Prix,0,0,1,2.0,97.9037058823529,93.945,2.0,37.5011049723756,21.6911602209944,0.0,2.24088397790055
55,SAI,Carlos Sainz,Ferrari,4.0,3.0,Finished,15.0,2024,4,Japanese Grand Prix,0,0,1,4.0,98.1351372549019,93.841,2.0,37.5011049723756,21.6911602209944,0.0,2.24088397790055
16,LEC,Charles Leclerc,Ferrari,8.0,4.0,Finished,12.0,2024,4,Japanese Grand Prix,0,0,0,8.0,98.5375882352941,95.044,1.0,37.5011049723756,21.6911602209944,0.0,2.24088397790055
4,NOR,Lando Norris,McLaren,3.0,5.0,Finished,10.0,2024,4,Japanese Grand Prix,0,0,0,3.0,98.2613921568627,95.186,2.0,37.5011049723756,21.6911602209944,0.0,2.24088397790055
14,ALO,Fernando Alonso,Aston Martin,5.0,6.0,Finished,8.0,2024,4,Japanese Grand Prix,0,0,0,5.0,98.6393137254901,94.726,2.0,37.5011049723756,21.6911602209944,0.0,2.24088397790055
63,RUS,George Russell,Mercedes,9.0,7.0,Finished,6.0,2024,4,Japanese Grand Prix,0,0,0,9.0,98.9789019607843,94.404,2.0,37.5011049723756,21.6911602209944,0.0,2.24088397790055
81,PIA,Oscar Piastri,McLaren,6.0,8.0,Finished,4.0,2024,4,Japanese Grand Prix,0,0,0,6.0,98.7609411764705,94.802,2.0,37.5011049723756,21.6911602209944,0.0,2.24088397790055
44,HAM,Lewis Hamilton,Mercedes,7.0,9.0,Finished,2.0,2024,4,Japanese Grand Prix,0,0,0,7.0,98.922862745098,93.952,2.0,37.5011049723756,21.6911602209944,0.0,2.24088397790055
22,TSU,Yuki Tsunoda,RB,10.0,10.0,Lapped,1.0,2024,4,Japanese Grand Prix,1,0,0,10.0,100.2397,96.342,2.0,37.5011049723756,21.6911602209944,0.0,2.24088397790055
27,HUL,Nico Hulkenberg,Haas F1 Team,12.0,11.0,Lapped,0.0,2024,4,Japanese Grand Prix,1,0,0,12.0,100.18244,95.325,2.0,37.5011049723756,21.6911602209944,0.0,2.24088397790055
18,STR,Lance Stroll,Aston Martin,16.0,12.0,Lapped,0.0,2024,4,Japanese Grand Prix,1,0,0,16.0,101.298843137254,95.798,3.0,37.5011049723756,21.6911602209944,0.0,2.24088397790055
20,MAG,Kevin Magnussen,Haas F1 Team,18.0,13.0,Lapped,0.0,2024,4,Japanese Grand Prix,1,0,0,18.0,101.488705882352,96.654,1.0,37.5011049723756,21.6911602209944,0.0,2.24088397790055
77,BOT,Valtteri Bottas,Kick Sauber,13.0,14.0,Lapped,0.0,2024,4,Japanese Grand Prix,1,0,0,13.0,101.448647058823,96.608,2.0,37.5011049723756,21.6911602209944,0.0,2.24088397790055
31,OCO,Esteban Ocon,Alpine,15.0,15.0,Lapped,0.0,2024,4,Japanese Grand Prix,1,0,0,15.0,101.825666666666,96.232,2.0,37.5011049723756,21.6911602209944,0.0,2.24088397790055
10,GAS,Pierre Gasly,Alpine,17.0,16.0,Lapped,0.0,2024,4,Japanese Grand Prix,1,0,0,17.0,102.096196078431,96.642,2.0,37.5011049723756,21.6911602209944,0.0,2.24088397790055
2,SAR,Logan Sargeant,Williams,19.0,17.0,Lapped,0.0,2024,4,Japanese Grand Prix,1,0,0,19.0,102.584352941176,94.9,3.0,37.5011049723756,21.6911602209944,0.0,2.24088397790055
24,ZHO,Guanyu Zhou,Kick Sauber,20.0,18.0,Retired,0.0,2024,4,Japanese Grand Prix,1,0,0,20.0,115.406272727272,97.16,2.0,37.5011049723756,21.6911602209944,0.0,2.24088397790055
3,RIC,Daniel Ricciardo,RB,11.0,19.0,Retired,0.0,2024,4,Japanese Grand Prix,1,0,0,11.0,,,,37.5011049723756,21.6911602209944,0.0,2.24088397790055
23,ALB,Alexander Albon,Williams,14.0,20.0,Retired,0.0,2024,4,Japanese Grand Prix,1,0,0,14.0,,,,37.5011049723756,21.6911602209944,0.0,2.24088397790055
1,VER,Max Verstappen,Red Bull Racing,1.0,1.0,Finished,25.0,2024,5,Chinese Grand Prix,0,1,1,1.0,105.235452830188,98.406,1.0,29.7927272727272,18.6393939393939,0.0,1.68
4,NOR,Lando Norris,McLaren,4.0,2.0,Finished,18.0,2024,5,Chinese Grand Prix,0,0,1,4.0,107.444545454545,98.751,1.0,29.7927272727272,18.6393939393939,0.0,1.68
11,PER,Sergio Perez,Red Bull Racing,2.0,3.0,Finished,15.0,2024,5,Chinese Grand Prix,0,0,1,2.0,105.899509433962,99.388,1.0,29.7927272727272,18.6393939393939,0.0,1.68
16,LEC,Charles Leclerc,Ferrari,6.0,4.0,Finished,12.0,2024,5,Chinese Grand Prix,0,0,0,6.0,106.020943396226,99.384,0.0,29.7927272727272,18.6393939393939,0.0,1.68
55,SAI,Carlos Sainz,Ferrari,7.0,5.0,Finished,10.0,2024,5,Chinese Grand Prix,0,0,0,7.0,107.085851851851,99.764,1.0,29.7927272727272,18.6393939393939,0.0,1.68
63,RUS,George Russell,Mercedes,8.0,6.0,Finished,8.0,2024,5,Chinese Grand Prix,0,0,0,8.0,107.987909090909,100.112,2.0,29.7927272727272,18.6393939393939,0.0,1.68
14,ALO,Fernando Alonso,Aston Martin,3.0,7.0,Finished,7.0,2024,5,Chinese Grand Prix,0,0,0,3.0,107.299648148148,97.81,3.0,29.7927272727272,18.6393939393939,0.0,1.68
81,PIA,Oscar Piastri,McLaren,5.0,8.0,Finished,4.0,2024,5,Chinese Grand Prix,0,0,0,5.0,108.321363636363,99.739,2.0,29.7927272727272,18.6393939393939,0.0,1.68
44,HAM,Lewis Hamilton,Mercedes,18.0,9.0,Finished,2.0,2024,5,Chinese Grand Prix,0,0,0,18.0,109.116785714285,100.835,2.0,29.7927272727272,18.6393939393939,0.0,1.68
27,HUL,Nico Hulkenberg,Haas F1 Team,9.0,10.0,Finished,1.0,2024,5,Chinese Grand Prix,0,0,0,9.0,108.411909090909,100.815,1.0,29.7927272727272,18.6393939393939,0.0,1.68
31,OCO,Esteban Ocon,Alpine,13.0,11.0,Finished,0.0,2024,5,Chinese Grand Prix,0,0,0,13.0,109.202964285714,100.937,2.0,29.7927272727272,18.6393939393939,0.0,1.68
23,ALB,Alexander Albon,Williams,14.0,12.0,Finished,0.0,2024,5,Chinese Grand Prix,0,0,0,14.0,109.251071428571,100.79,2.0,29.7927272727272,18.6393939393939,0.0,1.68
10,GAS,Pierre Gasly,Alpine,15.0,13.0,Finished,0.0,2024,5,Chinese Grand Prix,0,0,0,15.0,109.317446428571,99.198,3.0,29.7927272727272,18.6393939393939,0.0,1.68
24,ZHO,Guanyu Zhou,Kick Sauber,16.0,14.0,Finished,0.0,2024,5,Chinese Grand Prix,0,0,0,16.0,108.577672727272,98.633,2.0,29.7927272727272,18.6393939393939,0.0,1.68
18,STR,Lance Stroll,Aston Martin,11.0,15.0,Finished,0.0,2024,5,Chinese Grand Prix,0,0,0,11.0,105.803320754716,99.444,2.0,29.7927272727272,18.6393939393939,0.0,1.68
20,MAG,Kevin Magnussen,Haas F1 Team,17.0,16.0,Finished,0.0,2024,5,Chinese Grand Prix,0,0,0,17.0,108.536345454545,101.077,2.0,29.7927272727272,18.6393939393939,0.0,1.68
2,SAR,Logan Sargeant,Williams,20.0,17.0,Finished,0.0,2024,5,Chinese Grand Prix,0,0,0,20.0,109.601142857142,101.0,3.0,29.7927272727272,18.6393939393939,0.0,1.68
3,RIC,Daniel Ricciardo,RB,12.0,18.0,Retired,0.0,2024,5,Chinese Grand Prix,1,0,0,12.0,113.8971875,100.994,1.0,29.7927272727272,18.6393939393939,0.0,1.68
22,TSU,Yuki Tsunoda,RB,19.0,19.0,Retired,0.0,2024,5,Chinese Grand Prix,1,0,0,19.0,111.04673076923,101.593,2.0,29.7927272727272,18.6393939393939,0.0,1.68
77,BOT,Valtteri Bottas,Kick Sauber,10.0,20.0,Retired,0.0,2024,5,Chinese Grand Prix,1,0,0,10.0,104.132631578947,101.276,1.0,29.7927272727272,18.6393939393939,0.0,1.68
4,NOR,Lando Norris,McLaren,5.0,1.0,Finished,25.0,2024,6,Miami Grand Prix,0,1,1,5.0,94.5220714285714,90.98,1.0,44.664,28.5219999999999,0.0,3.08066666666666
1,VER,Max Verstappen,Red Bull Racing,1.0,2.0,Finished,18.0,2024,6,Miami Grand Prix,0,0,1,1.0,94.6866964285714,91.261,1.0,44.664,28.5219999999999,0.0,3.08066666666666
16,LEC,Charles Leclerc,Ferrari,2.0,3.0,Finished,15.0,2024,6,Miami Grand Prix,0,0,1,2.0,94.7808928571428,91.084,1.0,44.664,28.5219999999999,0.0,3.08066666666666
11,PER,Sergio Perez,Red Bull Racing,4.0,4.0,Finished,12.0,2024,6,Miami Grand Prix,0,0,0,4.0,95.8688771929824,90.855,2.0,44.664,28.5219999999999,0.0,3.08066666666666
55,SAI,Carlos Sainz,Ferrari,3.0,5.0,Finished,10.0,2024,6,Miami Grand Prix,0,0,0,3.0,95.8119824561403,90.928,1.0,44.664,28.5219999999999,0.0,3.08066666666666
44,HAM,Lewis Hamilton,Mercedes,8.0,6.0,Finished,8.0,2024,6,Miami Grand Prix,0,0,0,8.0,95.9028245614035,91.233,1.0,44.664,28.5219999999999,0.0,3.08066666666666
22,TSU,Yuki Tsunoda,RB,10.0,7.0,Finished,6.0,2024,6,Miami Grand Prix,0,0,0,10.0,96.071245614035,91.682,1.0,44.664,28.5219999999999,0.0,3.08066666666666
63,RUS,George Russell,Mercedes,7.0,8.0,Finished,4.0,2024,6,Miami Grand Prix,0,0,0,7.0,96.2221929824561,91.921,1.0,44.664,28.5219999999999,0.0,3.08066666666666
14,ALO,Fernando Alonso,Aston Martin,15.0,9.0,Finished,2.0,2024,6,Miami Grand Prix,0,0,0,15.0,96.2628596491228,91.727,1.0,44.664,28.5219999999999,0.0,3.08066666666666
31,OCO,Esteban Ocon,Alpine,13.0,10.0,Finished,1.0,2024,6,Miami Grand Prix,0,0,0,13.0,96.3091578947368,92.037,1.0,44.664,28.5219999999999,0.0,3.08066666666666
27,HUL,Nico Hulkenberg,Haas F1 Team,9.0,11.0,Finished,0.0,2024,6,Miami Grand Prix,0,0,0,9.0,96.3274561403508,91.941,2.0,44.664,28.5219999999999,0.0,3.08066666666666
10,GAS,Pierre Gasly,Alpine,12.0,12.0,Finished,0.0,2024,6,Miami Grand Prix,0,0,0,12.0,96.400596491228,92.055,1.0,44.664,28.5219999999999,0.0,3.08066666666666
81,PIA,Oscar Piastri,McLaren,6.0,13.0,Finished,0.0,2024,6,Miami Grand Prix,0,0,0,6.0,95.5212678571428,90.634,2.0,44.664,28.5219999999999,0.0,3.08066666666666
24,ZHO,Guanyu Zhou,Kick Sauber,19.0,14.0,Finished,0.0,2024,6,Miami Grand Prix,0,0,0,20.0,96.4886842105263,91.991,1.0,44.664,28.5219999999999,0.0,3.08066666666666
3,RIC,Daniel Ricciardo,RB,20.0,15.0,Finished,0.0,2024,6,Miami Grand Prix,0,0,0,18.0,96.5058245614035,92.122,1.0,44.664,28.5219999999999,0.0,3.08066666666666
77,BOT,Valtteri Bottas,Kick Sauber,16.0,16.0,Finished,0.0,2024,6,Miami Grand Prix,0,0,0,16.0,96.5303859649122,92.098,2.0,44.664,28.5219999999999,0.0,3.08066666666666
18,STR,Lance Stroll,Aston Martin,11.0,17.0,Finished,0.0,2024,6,Miami Grand Prix,0,0,0,11.0,96.4043684210526,91.588,2.0,44.664,28.5219999999999,0.0,3.08066666666666
23,ALB,Alexander Albon,Williams,14.0,18.0,Finished,0.0,2024,6,Miami Grand Prix,0,0,0,14.0,96.9467894736842,90.849,2.0,44.664,28.5219999999999,0.0,3.08066666666666
20,MAG,Kevin Magnussen,Haas F1 Team,18.0,19.0,Finished,0.0,2024,6,Miami Grand Prix,0,0,0,19.0,96.5712105263158,91.774,3.0,44.664,28.5219999999999,0.0,3.08066666666666
2,SAR,Logan Sargeant,Williams,17.0,20.0,Retired,0.0,2024,6,Miami Grand Prix,1,0,0,17.0,95.6866666666666,93.452,1.0,44.664,28.5219999999999,0.0,3.08066666666666
1,VER,Max Verstappen,Red Bull Racing,1.0,1.0,Finished,25.0,2024,7,Emilia Romagna Grand Prix,0,1,1,1.0,81.3532063492063,80.366,1.0,42.0237762237762,25.113986013986,0.0,2.14125874125874
4,NOR,Lando Norris,McLaren,2.0,2.0,Finished,18.0,2024,7,Emilia Romagna Grand Prix,0,0,1,3.0,81.3647142857142,79.994,1.0,42.0237762237762,25.113986013986,0.0,2.14125874125874
16,LEC,Charles Leclerc,Ferrari,3.0,3.0,Finished,15.0,2024,7,Emilia Romagna Grand Prix,0,0,1,4.0,81.4788571428571,79.935,1.0,42.0237762237762,25.113986013986,0.0,2.14125874125874
81,PIA,Oscar Piastri,McLaren,5.0,4.0,Finished,12.0,2024,7,Emilia Romagna Grand Prix,0,0,0,2.0,81.5775238095238,79.907,1.0,42.0237762237762,25.113986013986,0.0,2.14125874125874
55,SAI,Carlos Sainz,Ferrari,4.0,5.0,Finished,10.0,2024,7,Emilia Romagna Grand Prix,0,0,0,5.0,81.7075714285714,80.22,1.0,42.0237762237762,25.113986013986,0.0,2.14125874125874
44,HAM,Lewis Hamilton,Mercedes,8.0,6.0,Finished,8.0,2024,7,Emilia Romagna Grand Prix,0,0,0,8.0,81.9104126984127,80.331,1.0,42.0237762237762,25.113986013986,0.0,2.14125874125874
63,RUS,George Russell,Mercedes,6.0,7.0,Finished,7.0,2024,7,Emilia Romagna Grand Prix,0,0,0,6.0,82.1016825396825,78.589,2.0,42.0237762237762,25.113986013986,0.0,2.14125874125874
11,PER,Sergio Perez,Red Bull Racing,11.0,8.0,Finished,4.0,2024,7,Emilia Romagna Grand Prix,0,0,0,11.0,82.2226666666666,79.686,1.0,42.0237762237762,25.113986013986,0.0,2.14125874125874
18,STR,Lance Stroll,Aston Martin,13.0,9.0,Finished,2.0,2024,7,Emilia Romagna Grand Prix,0,0,0,13.0,82.616,80.57,1.0,42.0237762237762,25.113986013986,0.0,2.14125874125874
22,TSU,Yuki Tsunoda,RB,7.0,10.0,Lapped,1.0,2024,7,Emilia Romagna Grand Prix,1,0,0,7.0,82.9533548387096,80.936,1.0,42.0237762237762,25.113986013986,0.0,2.14125874125874
27,HUL,Nico Hulkenberg,Haas F1 Team,10.0,11.0,Lapped,0.0,2024,7,Emilia Romagna Grand Prix,1,0,0,10.0,83.0730483870967,81.7,1.0,42.0237762237762,25.113986013986,0.0,2.14125874125874
20,MAG,Kevin Magnussen,Haas F1 Team,18.0,12.0,Lapped,0.0,2024,7,Emilia Romagna Grand Prix,1,0,0,18.0,83.0917096774193,81.009,1.0,42.0237762237762,25.113986013986,0.0,2.14125874125874
3,RIC,Daniel Ricciardo,RB,9.0,13.0,Lapped,0.0,2024,7,Emilia Romagna Grand Prix,1,0,0,9.0,83.1114999999999,81.569,1.0,42.0237762237762,25.113986013986,0.0,2.14125874125874
31,OCO,Esteban Ocon,Alpine,12.0,14.0,Lapped,0.0,2024,7,Emilia Romagna Grand Prix,1,0,0,12.0,83.3735322580645,81.304,1.0,42.0237762237762,25.113986013986,0.0,2.14125874125874
24,ZHO,Guanyu Zhou,Kick Sauber,17.0,15.0,Lapped,0.0,2024,7,Emilia Romagna Grand Prix,1,0,0,17.0,83.3900806451612,81.016,1.0,42.0237762237762,25.113986013986,0.0,2.14125874125874
10,GAS,Pierre Gasly,Alpine,15.0,16.0,Lapped,0.0,2024,7,Emilia Romagna Grand Prix,1,0,0,15.0,83.4672096774193,81.371,2.0,42.0237762237762,25.113986013986,0.0,2.14125874125874
2,SAR,Logan Sargeant,Williams,19.0,17.0,Lapped,0.0,2024,7,Emilia Romagna Grand Prix,1,0,0,20.0,83.4887580645161,81.229,1.0,42.0237762237762,25.113986013986,0.0,2.14125874125874
77,BOT,Valtteri Bottas,Kick Sauber,16.0,18.0,Lapped,0.0,2024,7,Emilia Romagna Grand Prix,1,0,0,16.0,83.5741129032258,81.455,1.0,42.0237762237762,25.113986013986,0.0,2.14125874125874
14,ALO,Fernando Alonso,Aston Martin,20.0,19.0,Lapped,0.0,2024,7,Emilia Romagna Grand Prix,1,0,0,19.0,83.8770322580645,79.004,4.0,42.0237762237762,25.113986013986,0.0,2.14125874125874
23,ALB,Alexander Albon,Williams,14.0,20.0,Retired,0.0,2024,7,Emilia Romagna Grand Prix,1,0,0,14.0,84.4936199999999,81.274,3.0,42.0237762237762,25.113986013986,0.0,2.14125874125874
16,LEC,Charles Leclerc,Ferrari,1.0,1.0,Finished,25.0,2024,8,Monaco Grand Prix,0,1,1,1.0,109.32074025974,75.162,0.0,46.318,21.5964999999999,0.0,0.9795
81,PIA,Oscar Piastri,McLaren,2.0,2.0,Finished,18.0,2024,8,Monaco Grand Prix,0,0,1,2.0,109.43609090909,76.281,0.0,46.318,21.5964999999999,0.0,0.9795
55,SAI,Carlos Sainz,Ferrari,3.0,3.0,Finished,15.0,2024,8,Monaco Grand Prix,0,0,1,3.0,109.486688311688,74.726,0.0,46.318,21.5964999999999,0.0,0.9795
4,NOR,Lando Norris,McLaren,4.0,4.0,Finished,12.0,2024,8,Monaco Grand Prix,0,0,0,4.0,109.565428571428,75.742,0.0,46.318,21.5964999999999,0.0,0.9795
63,RUS,George Russell,Mercedes,5.0,5.0,Finished,10.0,2024,8,Monaco Grand Prix,0,0,0,5.0,109.697363636363,75.228,0.0,46.318,21.5964999999999,0.0,0.9795
1,VER,Max Verstappen,Red Bull Racing,6.0,6.0,Finished,8.0,2024,8,Monaco Grand Prix,0,0,0,6.0,109.765766233766,74.569,1.0,46.318,21.5964999999999,0.0,0.9795
44,HAM,Lewis Hamilton,Mercedes,7.0,7.0,Finished,7.0,2024,8,Monaco Grand Prix,0,0,0,7.0,109.83961038961,74.165,1.0,46.318,21.5964999999999,0.0,0.9795
22,TSU,Yuki Tsunoda,RB,8.0,8.0,Lapped,4.0,2024,8,Monaco Grand Prix,1,0,0,8.0,112.143389610389,74.72,1.0,46.318,21.5964999999999,0.0,0.9795
23,ALB,Alexander Albon,Williams,9.0,9.0,Lapped,2.0,2024,8,Monaco Grand Prix,1,0,0,9.0,112.332545454545,77.06,1.0,46.318,21.5964999999999,0.0,0.9795
10,GAS,Pierre Gasly,Alpine,10.0,10.0,Lapped,1.0,2024,8,Monaco Grand Prix,1,0,0,10.0,112.412922077922,75.625,1.0,46.318,21.5964999999999,0.0,0.9795
14,ALO,Fernando Alonso,Aston Martin,14.0,11.0,Lapped,0.0,2024,8,Monaco Grand Prix,1,0,0,14.0,113.150105263157,77.939,1.0,46.318,21.5964999999999,0.0,0.9795
3,RIC,Daniel Ricciardo,RB,12.0,12.0,Lapped,0.0,2024,8,Monaco Grand Prix,1,0,0,12.0,113.155499999999,77.172,1.0,46.318,21.5964999999999,0.0,0.9795
77,BOT,Valtteri Bottas,Kick Sauber,17.0,13.0,Lapped,0.0,2024,8,Monaco Grand Prix,1,0,0,17.0,113.158447368421,76.561,2.0,46.318,21.5964999999999,0.0,0.9795
18,STR,Lance Stroll,Aston Martin,13.0,14.0,Lapped,0.0,2024,8,Monaco Grand Prix,1,0,0,13.0,113.177907894736,76.71,3.0,46.318,21.5964999999999,0.0,0.9795
2,SAR,Logan Sargeant,Williams,15.0,15.0,Lapped,0.0,2024,8,Monaco Grand Prix,1,0,0,15.0,113.218157894736,75.525,2.0,46.318,21.5964999999999,0.0,0.9795
24,ZHO,Guanyu Zhou,Kick Sauber,18.0,16.0,Lapped,0.0,2024,8,Monaco Grand Prix,1,0,0,18.0,113.8265,74.718,2.0,46.318,21.5964999999999,0.0,0.9795
31,OCO,Esteban Ocon,Alpine,11.0,17.0,Retired,0.0,2024,8,Monaco Grand Prix,1,0,0,11.0,,,,46.318,21.5964999999999,0.0,0.9795
11,PER,Sergio Perez,Red Bull Racing,16.0,18.0,Retired,0.0,2024,8,Monaco Grand Prix,1,0,0,16.0,,,,46.318,21.5964999999999,0.0,0.9795
27,HUL,Nico Hulkenberg,Haas F1 Team,19.0,19.0,Retired,0.0,2024,8,Monaco Grand Prix,1,0,0,14.0,,,,46.318,21.5964999999999,0.0,0.9795
20,MAG,Kevin Magnussen,Haas F1 Team,20.0,20.0,Retired,0.0,2024,8,Monaco Grand Prix,1,0,0,15.0,,,,46.318,21.5964999999999,0.0,0.9795
1,VER,Max Verstappen,Red Bull Racing,2.0,1.0,Finished,25.0,2024,9,Canadian Grand Prix,0,1,1,2.0,90.6846714285714,75.569,2.0,24.5699115044247,17.7973451327433,0.27433628318584,1.16991150442477
4,NOR,Lando Norris,McLaren,3.0,2.0,Finished,18.0,2024,9,Canadian Grand Prix,0,0,1,3.0,90.7400857142857,75.558,2.0,24.5699115044247,17.7973451327433,0.27433628318584,1.16991150442477
63,RUS,George Russell,Mercedes,1.0,3.0,Finished,15.0,2024,9,Canadian Grand Prix,0,0,1,1.0,90.7463428571428,74.895,3.0,24.5699115044247,17.7973451327433,0.27433628318584,1.16991150442477
44,HAM,Lewis Hamilton,Mercedes,7.0,4.0,Finished,13.0,2024,9,Canadian Grand Prix,0,0,0,7.0,90.7548857142857,74.856,3.0,24.5699115044247,17.7973451327433,0.27433628318584,1.16991150442477
81,PIA,Oscar Piastri,McLaren,4.0,5.0,Finished,10.0,2024,9,Canadian Grand Prix,0,0,0,4.0,90.8303714285714,76.247,2.0,24.5699115044247,17.7973451327433,0.27433628318584,1.16991150442477
14,ALO,Fernando Alonso,Aston Martin,6.0,6.0,Finished,8.0,2024,9,Canadian Grand Prix,0,0,0,6.0,90.9348142857142,76.303,2.0,24.5699115044247,17.7973451327433,0.27433628318584,1.16991150442477
18,STR,Lance Stroll,Aston Martin,9.0,7.0,Finished,6.0,2024,9,Canadian Grand Prix,0,0,0,9.0,91.0221714285714,76.762,2.0,24.5699115044247,17.7973451327433,0.27433628318584,1.16991150442477
3,RIC,Daniel Ricciardo,RB,5.0,8.0,Finished,4.0,2024,9,Canadian Grand Prix,0,0,0,5.0,91.0942714285714,77.076,2.0,24.5699115044247,17.7973451327433,0.27433628318584,1.16991150442477
10,GAS,Pierre Gasly,Alpine,15.0,9.0,Finished,2.0,2024,9,Canadian Grand Prix,0,0,0,15.0,91.1135428571428,77.013,2.0,24.5699115044247,17.7973451327433,0.27433628318584,1.16991150442477
31,OCO,Esteban Ocon,Alpine,18.0,10.0,Finished,1.0,2024,9,Canadian Grand Prix,0,0,0,18.0,91.1177142857142,77.012,1.0,24.5699115044247,17.7973451327433,0.27433628318584,1.16991150442477
27,HUL,Nico Hulkenberg,Haas F1 Team,17.0,11.0,Finished,0.0,2024,9,Canadian Grand Prix,0,0,0,19.0,91.1250142857142,76.683,3.0,24.5699115044247,17.7973451327433,0.27433628318584,1.16991150442477
20,MAG,Kevin Magnussen,Haas F1 Team,14.0,12.0,Finished,0.0,2024,9,Canadian Grand Prix,0,0,0,14.0,91.1311428571428,76.499,4.0,24.5699115044247,17.7973451327433,0.27433628318584,1.16991150442477
77,BOT,Valtteri Bottas,Kick Sauber,19.0,13.0,Finished,0.0,2024,9,Canadian Grand Prix,0,0,0,17.0,91.2630571428571,77.25,2.0,24.5699115044247,17.7973451327433,0.27433628318584,1.16991150442477
22,TSU,Yuki Tsunoda,RB,8.0,14.0,Finished,0.0,2024,9,Canadian Grand Prix,0,0,0,8.0,91.4374428571428,77.309,1.0,24.5699115044247,17.7973451327433,0.27433628318584,1.16991150442477
24,ZHO,Guanyu Zhou,Kick Sauber,20.0,15.0,Lapped,0.0,2024,9,Canadian Grand Prix,1,0,0,20.0,92.7747101449275,77.325,4.0,24.5699115044247,17.7973451327433,0.27433628318584,1.16991150442477
55,SAI,Carlos Sainz,Ferrari,12.0,16.0,Retired,0.0,2024,9,Canadian Grand Prix,1,0,0,12.0,92.086,78.957,2.0,24.5699115044247,17.7973451327433,0.27433628318584,1.16991150442477
23,ALB,Alexander Albon,Williams,10.0,17.0,Retired,0.0,2024,9,Canadian Grand Prix,1,0,0,10.0,92.096923076923,79.359,2.0,24.5699115044247,17.7973451327433,0.27433628318584,1.16991150442477
11,PER,Sergio Perez,Red Bull Racing,16.0,18.0,Retired,0.0,2024,9,Canadian Grand Prix,1,0,0,16.0,92.368,78.819,2.0,24.5699115044247,17.7973451327433,0.27433628318584,1.16991150442477
16,LEC,Charles Leclerc,Ferrari,11.0,19.0,Retired,0.0,2024,9,Canadian Grand Prix,1,0,0,11.0,96.0827,86.012,3.0,24.5699115044247,17.7973451327433,0.27433628318584,1.16991150442477
2,SAR,Logan Sargeant,Williams,13.0,20.0,Retired,0.0,2024,9,Canadian Grand Prix,1,0,0,13.0,94.1095217391304,86.484,0.0,24.5699115044247,17.7973451327433,0.27433628318584,1.16991150442477
1,VER,Max Verstappen,Red Bull Racing,2.0,1.0,Finished,25.0,2024,10,Spanish Grand Prix,0,1,1,2.0,80.3064696969697,77.776,2.0,41.0961038961039,24.1324675324675,0.00649350649350649,2.12337662337662
4,NOR,Lando Norris,McLaren,1.0,2.0,Finished,19.0,2024,10,Spanish Grand Prix,0,0,1,1.0,80.3400909090909,77.115,2.0,41.0961038961039,24.1324675324675,0.00649350649350649,2.12337662337662
44,HAM,Lewis Hamilton,Mercedes,3.0,3.0,Finished,15.0,2024,10,Spanish Grand Prix,0,0,1,3.0,80.5760151515151,77.809,2.0,41.0961038961039,24.1324675324675,0.00649350649350649,2.12337662337662
63,RUS,George Russell,Mercedes,4.0,4.0,Finished,12.0,2024,10,Spanish Grand Prix,0,0,0,4.0,80.6446515151515,78.29,2.0,41.0961038961039,24.1324675324675,0.00649350649350649,2.12337662337662
16,LEC,Charles Leclerc,Ferrari,5.0,5.0,Finished,10.0,2024,10,Spanish Grand Prix,0,0,0,5.0,80.6505454545454,77.897,2.0,41.0961038961039,24.1324675324675,0.00649350649350649,2.12337662337662
55,SAI,Carlos Sainz,Ferrari,6.0,6.0,Finished,8.0,2024,10,Spanish Grand Prix,0,0,0,6.0,80.7765909090909,78.539,2.0,41.0961038961039,24.1324675324675,0.00649350649350649,2.12337662337662
81,PIA,Oscar Piastri,McLaren,9.0,7.0,Finished,6.0,2024,10,Spanish Grand Prix,0,0,0,10.0,80.8179848484848,77.874,2.0,41.0961038961039,24.1324675324675,0.00649350649350649,2.12337662337662
11,PER,Sergio Perez,Red Bull Racing,11.0,8.0,Finished,4.0,2024,10,Spanish Grand Prix,0,0,0,8.0,81.2083484848484,77.785,3.0,41.0961038961039,24.1324675324675,0.00649350649350649,2.12337662337662
10,GAS,Pierre Gasly,Alpine,7.0,9.0,Finished,2.0,2024,10,Spanish Grand Prix,0,0,0,7.0,81.2462424242424,79.045,2.0,41.0961038961039,24.1324675324675,0.00649350649350649,2.12337662337662
31,OCO,Esteban Ocon,Alpine,8.0,10.0,Finished,1.0,2024,10,Spanish Grand Prix,0,0,0,9.0,81.3956969696969,78.982,2.0,41.0961038961039,24.1324675324675,0.00649350649350649,2.12337662337662
27,HUL,Nico Hulkenberg,Haas F1 Team,13.0,11.0,Finished,0.0,2024,10,Spanish Grand Prix,0,0,0,13.0,81.4309393939394,78.609,2.0,41.0961038961039,24.1324675324675,0.00649350649350649,2.12337662337662
14,ALO,Fernando Alonso,Aston Martin,10.0,12.0,Lapped,0.0,2024,10,Spanish Grand Prix,1,0,0,11.0,81.6880615384615,78.334,2.0,41.0961038961039,24.1324675324675,0.00649350649350649,2.12337662337662
24,ZHO,Guanyu Zhou,Kick Sauber,15.0,13.0,Lapped,0.0,2024,10,Spanish Grand Prix,1,0,0,15.0,81.7800461538461,78.771,2.0,41.0961038961039,24.1324675324675,0.00649350649350649,2.12337662337662
18,STR,Lance Stroll,Aston Martin,14.0,14.0,Lapped,0.0,2024,10,Spanish Grand Prix,1,0,0,14.0,81.9304461538461,79.318,2.0,41.0961038961039,24.1324675324675,0.00649350649350649,2.12337662337662
3,RIC,Daniel Ricciardo,RB,18.0,15.0,Lapped,0.0,2024,10,Spanish Grand Prix,1,0,0,18.0,82.2196461538461,79.45,2.0,41.0961038961039,24.1324675324675,0.00649350649350649,2.12337662337662
77,BOT,Valtteri Bottas,Kick Sauber,12.0,16.0,Lapped,0.0,2024,10,Spanish Grand Prix,1,0,0,12.0,82.3621538461538,79.608,2.0,41.0961038961039,24.1324675324675,0.00649350649350649,2.12337662337662
20,MAG,Kevin Magnussen,Haas F1 Team,16.0,17.0,Lapped,0.0,2024,10,Spanish Grand Prix,1,0,0,16.0,82.3848461538461,79.805,2.0,41.0961038961039,24.1324675324675,0.00649350649350649,2.12337662337662
23,ALB,Alexander Albon,Williams,20.0,18.0,Lapped,0.0,2024,10,Spanish Grand Prix,1,0,0,19.0,82.4365538461538,79.132,3.0,41.0961038961039,24.1324675324675,0.00649350649350649,2.12337662337662
22,TSU,Yuki Tsunoda,RB,17.0,19.0,Lapped,0.0,2024,10,Spanish Grand Prix,1,0,0,17.0,82.5250923076923,79.447,3.0,41.0961038961039,24.1324675324675,0.00649350649350649,2.12337662337662
2,SAR,Logan Sargeant,Williams,19.0,20.0,Lapped,0.0,2024,10,Spanish Grand Prix,1,0,0,20.0,82.892078125,80.172,2.0,41.0961038961039,24.1324675324675,0.00649350649350649,2.12337662337662
63,RUS,George Russell,Mercedes,3.0,1.0,Finished,25.0,2024,11,Austrian Grand Prix,0,1,1,3.0,71.307014084507,69.164,2.0,46.420979020979,29.4258741258741,0.00699300699300699,1.66783216783216
81,PIA,Oscar Piastri,McLaren,7.0,2.0,Finished,18.0,2024,11,Austrian Grand Prix,0,0,1,7.0,71.3338591549295,68.697,2.0,46.420979020979,29.4258741258741,0.00699300699300699,1.66783216783216
55,SAI,Carlos Sainz,Ferrari,4.0,3.0,Finished,15.0,2024,11,Austrian Grand Prix,0,0,1,4.0,71.3708591549295,69.282,2.0,46.420979020979,29.4258741258741,0.00699300699300699,1.66783216783216
44,HAM,Lewis Hamilton,Mercedes,5.0,4.0,Finished,12.0,2024,11,Austrian Grand Prix,0,0,0,5.0,71.6329577464788,69.562,2.0,46.420979020979,29.4258741258741,0.00699300699300699,1.66783216783216
1,VER,Max Verstappen,Red Bull Racing,1.0,5.0,Finished,10.0,2024,11,Austrian Grand Prix,0,0,0,1.0,71.6908591549295,67.719,3.0,46.420979020979,29.4258741258741,0.00699300699300699,1.66783216783216
27,HUL,Nico Hulkenberg,Haas F1 Team,9.0,6.0,Finished,8.0,2024,11,Austrian Grand Prix,0,0,0,9.0,72.0688169014084,70.215,2.0,46.420979020979,29.4258741258741,0.00699300699300699,1.66783216783216
11,PER,Sergio Perez,Red Bull Racing,8.0,7.0,Finished,6.0,2024,11,Austrian Grand Prix,0,0,0,8.0,72.0770422535211,69.694,2.0,46.420979020979,29.4258741258741,0.00699300699300699,1.66783216783216
20,MAG,Kevin Magnussen,Haas F1 Team,12.0,8.0,Finished,4.0,2024,11,Austrian Grand Prix,0,0,0,12.0,72.1570845070422,70.125,2.0,46.420979020979,29.4258741258741,0.00699300699300699,1.66783216783216
3,RIC,Daniel Ricciardo,RB,11.0,9.0,Finished,2.0,2024,11,Austrian Grand Prix,0,0,0,11.0,72.1685492957746,70.426,2.0,46.420979020979,29.4258741258741,0.00699300699300699,1.66783216783216
10,GAS,Pierre Gasly,Alpine,13.0,10.0,Finished,1.0,2024,11,Austrian Grand Prix,0,0,0,13.0,72.1769577464788,69.609,2.0,46.420979020979,29.4258741258741,0.00699300699300699,1.66783216783216
16,LEC,Charles Leclerc,Ferrari,6.0,11.0,Finished,0.0,2024,11,Austrian Grand Prix,0,0,0,6.0,72.2514647887323,69.584,4.0,46.420979020979,29.4258741258741,0.00699300699300699,1.66783216783216
31,OCO,Esteban Ocon,Alpine,10.0,12.0,Finished,0.0,2024,11,Austrian Grand Prix,0,0,0,10.0,72.269338028169,69.649,2.0,46.420979020979,29.4258741258741,0.00699300699300699,1.66783216783216
18,STR,Lance Stroll,Aston Martin,17.0,13.0,Lapped,0.0,2024,11,Austrian Grand Prix,1,0,0,17.0,72.4718857142857,70.143,2.0,46.420979020979,29.4258741258741,0.00699300699300699,1.66783216783216
22,TSU,Yuki Tsunoda,RB,14.0,14.0,Lapped,0.0,2024,11,Austrian Grand Prix,1,0,0,14.0,72.5134714285714,70.318,2.0,46.420979020979,29.4258741258741,0.00699300699300699,1.66783216783216
23,ALB,Alexander Albon,Williams,16.0,15.0,Lapped,0.0,2024,11,Austrian Grand Prix,1,0,0,16.0,72.4809142857142,70.364,2.0,46.420979020979,29.4258741258741,0.00699300699300699,1.66783216783216
77,BOT,Valtteri Bottas,Kick Sauber,18.0,16.0,Lapped,0.0,2024,11,Austrian Grand Prix,1,0,0,18.0,72.6024714285714,70.449,2.0,46.420979020979,29.4258741258741,0.00699300699300699,1.66783216783216
24,ZHO,Guanyu Zhou,Kick Sauber,20.0,17.0,Lapped,0.0,2024,11,Austrian Grand Prix,1,0,0,20.0,72.9668571428571,70.47,3.0,46.420979020979,29.4258741258741,0.00699300699300699,1.66783216783216
14,ALO,Fernando Alonso,Aston Martin,15.0,18.0,Lapped,0.0,2024,11,Austrian Grand Prix,1,0,0,15.0,73.0065428571428,67.694,3.0,46.420979020979,29.4258741258741,0.00699300699300699,1.66783216783216
2,SAR,Logan Sargeant,Williams,19.0,19.0,Lapped,0.0,2024,11,Austrian Grand Prix,1,0,0,19.0,73.4653188405797,70.406,3.0,46.420979020979,29.4258741258741,0.00699300699300699,1.66783216783216
4,NOR,Lando Norris,McLaren,2.0,20.0,Lapped,0.0,2024,11,Austrian Grand Prix,1,0,0,2.0,71.73521875,68.016,2.0,46.420979020979,29.4258741258741,0.00699300699300699,1.66783216783216
44,HAM,Lewis Hamilton,Mercedes,2.0,1.0,Finished,25.0,2024,12,British Grand Prix,0,1,1,2.0,95.13575,89.438,2.0,27.6700680272108,15.7707482993197,0.346938775510204,1.34829931972789
1,VER,Max Verstappen,Red Bull Racing,4.0,2.0,Finished,18.0,2024,12,British Grand Prix,0,0,1,4.0,95.163923076923,88.952,2.0,27.6700680272108,15.7707482993197,0.346938775510204,1.34829931972789
4,NOR,Lando Norris,McLaren,3.0,3.0,Finished,15.0,2024,12,British Grand Prix,0,0,1,3.0,95.2808846153846,89.262,2.0,27.6700680272108,15.7707482993197,0.346938775510204,1.34829931972789
81,PIA,Oscar Piastri,McLaren,5.0,4.0,Finished,12.0,2024,12,British Grand Prix,0,0,0,5.0,95.3747692307692,88.748,2.0,27.6700680272108,15.7707482993197,0.346938775510204,1.34829931972789
55,SAI,Carlos Sainz,Ferrari,7.0,5.0,Finished,11.0,2024,12,British Grand Prix,0,0,0,7.0,96.0457115384615,88.293,3.0,27.6700680272108,15.7707482993197,0.346938775510204,1.34829931972789
27,HUL,Nico Hulkenberg,Haas F1 Team,6.0,6.0,Finished,8.0,2024,12,British Grand Prix,0,0,0,6.0,96.2073269230769,89.836,2.0,27.6700680272108,15.7707482993197,0.346938775510204,1.34829931972789
18,STR,Lance Stroll,Aston Martin,8.0,7.0,Finished,6.0,2024,12,British Grand Prix,0,0,0,8.0,96.2236153846153,89.897,2.0,27.6700680272108,15.7707482993197,0.346938775510204,1.34829931972789
14,ALO,Fernando Alonso,Aston Martin,10.0,8.0,Finished,4.0,2024,12,British Grand Prix,0,0,0,10.0,96.3583846153846,89.71,2.0,27.6700680272108,15.7707482993197,0.346938775510204,1.34829931972789
23,ALB,Alexander Albon,Williams,9.0,9.0,Finished,2.0,2024,12,British Grand Prix,0,0,0,9.0,96.4508846153846,89.718,2.0,27.6700680272108,15.7707482993197,0.346938775510204,1.34829931972789
22,TSU,Yuki Tsunoda,RB,13.0,10.0,Finished,1.0,2024,12,British Grand Prix,0,0,0,13.0,96.6608076923077,90.229,2.0,27.6700680272108,15.7707482993197,0.346938775510204,1.34829931972789
2,SAR,Logan Sargeant,Williams,12.0,11.0,Finished,0.0,2024,12,British Grand Prix,0,0,0,12.0,96.8465192307692,89.972,2.0,27.6700680272108,15.7707482993197,0.346938775510204,1.34829931972789
20,MAG,Kevin Magnussen,Haas F1 Team,17.0,12.0,Finished,0.0,2024,12,British Grand Prix,0,0,0,17.0,96.8694615384615,90.093,2.0,27.6700680272108,15.7707482993197,0.346938775510204,1.34829931972789
3,RIC,Daniel Ricciardo,RB,15.0,13.0,Lapped,0.0,2024,12,British Grand Prix,1,0,0,15.0,97.196,90.735,2.0,27.6700680272108,15.7707482993197,0.346938775510204,1.34829931972789
16,LEC,Charles Leclerc,Ferrari,11.0,14.0,Lapped,0.0,2024,12,British Grand Prix,1,0,0,11.0,97.7947450980392,89.748,3.0,27.6700680272108,15.7707482993197,0.346938775510204,1.34829931972789
77,BOT,Valtteri Bottas,Kick Sauber,16.0,15.0,Lapped,0.0,2024,12,British Grand Prix,1,0,0,16.0,97.8211764705882,91.277,2.0,27.6700680272108,15.7707482993197,0.346938775510204,1.34829931972789
31,OCO,Esteban Ocon,Alpine,18.0,16.0,Lapped,0.0,2024,12,British Grand Prix,1,0,0,18.0,99.15482,90.875,4.0,27.6700680272108,15.7707482993197,0.346938775510204,1.34829931972789
11,PER,Sergio Perez,Red Bull Racing,20.0,17.0,Lapped,0.0,2024,12,British Grand Prix,1,0,0,19.0,99.30128,89.707,5.0,27.6700680272108,15.7707482993197,0.346938775510204,1.34829931972789
24,ZHO,Guanyu Zhou,Kick Sauber,14.0,18.0,Lapped,0.0,2024,12,British Grand Prix,1,0,0,14.0,100.0307,91.014,4.0,27.6700680272108,15.7707482993197,0.346938775510204,1.34829931972789
63,RUS,George Russell,Mercedes,1.0,19.0,Retired,0.0,2024,12,British Grand Prix,1,0,0,1.0,96.1114242424242,91.298,1.0,27.6700680272108,15.7707482993197,0.346938775510204,1.34829931972789
10,GAS,Pierre Gasly,Alpine,19.0,20.0,Did not start,0.0,2024,12,British Grand Prix,1,0,0,20.0,,,,27.6700680272108,15.7707482993197,0.346938775510204,1.34829931972789
81,PIA,Oscar Piastri,McLaren,2.0,1.0,Finished,25.0,2024,13,Hungarian Grand Prix,0,1,1,2.0,84.0284142857142,81.716,2.0,44.916129032258,28.8238709677419,0.0,1.24967741935483
4,NOR,Lando Norris,McLaren,1.0,2.0,Finished,18.0,2024,13,Hungarian Grand Prix,0,0,1,1.0,84.059,81.712,2.0,44.916129032258,28.8238709677419,0.0,1.24967741935483
44,HAM,Lewis Hamilton,Mercedes,5.0,3.0,Finished,15.0,2024,13,Hungarian Grand Prix,0,0,1,5.0,84.2409857142857,82.153,2.0,44.916129032258,28.8238709677419,0.0,1.24967741935483
16,LEC,Charles Leclerc,Ferrari,6.0,4.0,Finished,12.0,2024,13,Hungarian Grand Prix,0,0,0,6.0,84.3096428571428,82.182,2.0,44.916129032258,28.8238709677419,0.0,1.24967741935483
1,VER,Max Verstappen,Red Bull Racing,3.0,5.0,Finished,10.0,2024,13,Hungarian Grand Prix,0,0,0,3.0,84.3334,80.908,2.0,44.916129032258,28.8238709677419,0.0,1.24967741935483
55,SAI,Carlos Sainz,Ferrari,4.0,6.0,Finished,8.0,2024,13,Hungarian Grand Prix,0,0,0,4.0,84.3580285714285,81.441,2.0,44.916129032258,28.8238709677419,0.0,1.24967741935483
11,PER,Sergio Perez,Red Bull Racing,16.0,7.0,Finished,6.0,2024,13,Hungarian Grand Prix,0,0,0,16.0,84.5968714285714,81.096,2.0,44.916129032258,28.8238709677419,0.0,1.24967741935483
63,RUS,George Russell,Mercedes,17.0,8.0,Finished,5.0,2024,13,Hungarian Grand Prix,0,0,0,17.0,84.6336714285714,80.305,2.0,44.916129032258,28.8238709677419,0.0,1.24967741935483
22,TSU,Yuki Tsunoda,RB,10.0,9.0,Finished,2.0,2024,13,Hungarian Grand Prix,0,0,0,10.0,85.1321142857142,83.533,1.0,44.916129032258,28.8238709677419,0.0,1.24967741935483
18,STR,Lance Stroll,Aston Martin,8.0,10.0,Finished,1.0,2024,13,Hungarian Grand Prix,0,0,0,8.0,85.1423571428571,82.338,2.0,44.916129032258,28.8238709677419,0.0,1.24967741935483
14,ALO,Fernando Alonso,Aston Martin,7.0,11.0,Finished,0.0,2024,13,Hungarian Grand Prix,0,0,0,7.0,85.2064142857142,83.063,2.0,44.916129032258,28.8238709677419,0.0,1.24967741935483
3,RIC,Daniel Ricciardo,RB,9.0,12.0,Lapped,0.0,2024,13,Hungarian Grand Prix,1,0,0,9.0,85.5059855072463,82.64,2.0,44.916129032258,28.8238709677419,0.0,1.24967741935483
27,HUL,Nico Hulkenberg,Haas F1 Team,11.0,13.0,Lapped,0.0,2024,13,Hungarian Grand Prix,1,0,0,11.0,85.7271449275362,83.461,2.0,44.916129032258,28.8238709677419,0.0,1.24967741935483
23,ALB,Alexander Albon,Williams,13.0,14.0,Lapped,0.0,2024,13,Hungarian Grand Prix,1,0,0,13.0,85.7791014492753,83.93,2.0,44.916129032258,28.8238709677419,0.0,1.24967741935483
20,MAG,Kevin Magnussen,Haas F1 Team,15.0,15.0,Lapped,0.0,2024,13,Hungarian Grand Prix,1,0,0,15.0,85.902768115942,83.553,2.0,44.916129032258,28.8238709677419,0.0,1.24967741935483
77,BOT,Valtteri Bottas,Kick Sauber,12.0,16.0,Lapped,0.0,2024,13,Hungarian Grand Prix,1,0,0,12.0,85.9043188405797,82.792,2.0,44.916129032258,28.8238709677419,0.0,1.24967741935483
2,SAR,Logan Sargeant,Williams,14.0,17.0,Lapped,0.0,2024,13,Hungarian Grand Prix,1,0,0,14.0,86.0084057971014,80.561,3.0,44.916129032258,28.8238709677419,0.0,1.24967741935483
31,OCO,Esteban Ocon,Alpine,19.0,18.0,Lapped,0.0,2024,13,Hungarian Grand Prix,1,0,0,19.0,86.1292463768116,81.61,3.0,44.916129032258,28.8238709677419,0.0,1.24967741935483
24,ZHO,Guanyu Zhou,Kick Sauber,18.0,19.0,Lapped,0.0,2024,13,Hungarian Grand Prix,1,0,0,18.0,86.1679275362318,83.487,2.0,44.916129032258,28.8238709677419,0.0,1.24967741935483
10,GAS,Pierre Gasly,Alpine,20.0,20.0,Retired,0.0,2024,13,Hungarian Grand Prix,1,0,0,20.0,86.6440909090909,83.34,2.0,44.916129032258,28.8238709677419,0.0,1.24967741935483
44,HAM,Lewis Hamilton,Mercedes,3.0,1.0,Finished,25.0,2024,14,Belgian Grand Prix,0,1,1,4.0,109.03559090909,106.653,2.0,42.2671532846715,21.3284671532846,0.0,1.68321167883211
81,PIA,Oscar Piastri,McLaren,5.0,2.0,Finished,18.0,2024,14,Belgian Grand Prix,0,0,1,6.0,109.050295454545,105.84,2.0,42.2671532846715,21.3284671532846,0.0,1.68321167883211
16,LEC,Charles Leclerc,Ferrari,1.0,3.0,Finished,15.0,2024,14,Belgian Grand Prix,0,0,1,2.0,109.217931818181,107.013,2.0,42.2671532846715,21.3284671532846,0.0,1.68321167883211
1,VER,Max Verstappen,Red Bull Racing,11.0,4.0,Finished,12.0,2024,14,Belgian Grand Prix,0,0,0,1.0,109.233318181818,106.128,2.0,42.2671532846715,21.3284671532846,0.0,1.68321167883211
4,NOR,Lando Norris,McLaren,4.0,5.0,Finished,10.0,2024,14,Belgian Grand Prix,0,0,0,5.0,109.2475,105.563,2.0,42.2671532846715,21.3284671532846,0.0,1.68321167883211
55,SAI,Carlos Sainz,Ferrari,7.0,6.0,Finished,8.0,2024,14,Belgian Grand Prix,0,0,0,8.0,109.473522727272,106.364,2.0,42.2671532846715,21.3284671532846,0.0,1.68321167883211
11,PER,Sergio Perez,Red Bull Racing,2.0,7.0,Finished,7.0,2024,14,Belgian Grand Prix,0,0,0,3.0,110.00534090909,104.701,3.0,42.2671532846715,21.3284671532846,0.0,1.68321167883211
14,ALO,Fernando Alonso,Aston Martin,8.0,8.0,Finished,4.0,2024,14,Belgian Grand Prix,0,0,0,9.0,110.159159090909,108.051,1.0,42.2671532846715,21.3284671532846,0.0,1.68321167883211
31,OCO,Esteban Ocon,Alpine,9.0,9.0,Finished,2.0,2024,14,Belgian Grand Prix,0,0,0,10.0,110.217999999999,106.957,2.0,42.2671532846715,21.3284671532846,0.0,1.68321167883211
3,RIC,Daniel Ricciardo,RB,13.0,10.0,Finished,1.0,2024,14,Belgian Grand Prix,0,0,0,13.0,110.271954545454,107.435,2.0,42.2671532846715,21.3284671532846,0.0,1.68321167883211
18,STR,Lance Stroll,Aston Martin,15.0,11.0,Finished,0.0,2024,14,Belgian Grand Prix,0,0,0,15.0,110.455704545454,108.105,1.0,42.2671532846715,21.3284671532846,0.0,1.68321167883211
23,ALB,Alexander Albon,Williams,10.0,12.0,Finished,0.0,2024,14,Belgian Grand Prix,0,0,0,11.0,110.47025,107.996,2.0,42.2671532846715,21.3284671532846,0.0,1.68321167883211
10,GAS,Pierre Gasly,Alpine,12.0,13.0,Finished,0.0,2024,14,Belgian Grand Prix,0,0,0,12.0,110.486477272727,107.418,2.0,42.2671532846715,21.3284671532846,0.0,1.68321167883211
20,MAG,Kevin Magnussen,Haas F1 Team,17.0,14.0,Finished,0.0,2024,14,Belgian Grand Prix,0,0,0,17.0,110.537977272727,107.848,1.0,42.2671532846715,21.3284671532846,0.0,1.68321167883211
77,BOT,Valtteri Bottas,Kick Sauber,14.0,15.0,Finished,0.0,2024,14,Belgian Grand Prix,0,0,0,14.0,110.629045454545,107.019,2.0,42.2671532846715,21.3284671532846,0.0,1.68321167883211
22,TSU,Yuki Tsunoda,RB,20.0,16.0,Finished,0.0,2024,14,Belgian Grand Prix,0,0,0,18.0,110.767659090909,107.969,1.0,42.2671532846715,21.3284671532846,0.0,1.68321167883211
2,SAR,Logan Sargeant,Williams,18.0,17.0,Finished,0.0,2024,14,Belgian Grand Prix,0,0,0,19.0,110.979477272727,107.49,2.0,42.2671532846715,21.3284671532846,0.0,1.68321167883211
27,HUL,Nico Hulkenberg,Haas F1 Team,16.0,18.0,Finished,0.0,2024,14,Belgian Grand Prix,0,0,0,16.0,111.042568181818,108.954,2.0,42.2671532846715,21.3284671532846,0.0,1.68321167883211
24,ZHO,Guanyu Zhou,Kick Sauber,19.0,19.0,Retired,0.0,2024,14,Belgian Grand Prix,1,0,0,20.0,119.80725,112.099,0.0,42.2671532846715,21.3284671532846,0.0,1.68321167883211
63,RUS,George Russell,Mercedes,6.0,20.0,Disqualified,0.0,2024,14,Belgian Grand Prix,1,0,0,7.0,109.023636363636,107.113,1.0,42.2671532846715,21.3284671532846,0.0,1.68321167883211
4,NOR,Lando Norris,McLaren,1.0,1.0,Finished,26.0,2024,15,Dutch Grand Prix,0,1,1,1.0,75.6322083333333,73.817,1.0,30.8058823529411,19.0058823529411,0.0,4.56862745098039
1,VER,Max Verstappen,Red Bull Racing,2.0,2.0,Finished,18.0,2024,15,Dutch Grand Prix,0,0,1,2.0,75.9502083333333,74.752,1.0,30.8058823529411,19.0058823529411,0.0,4.56862745098039
16,LEC,Charles Leclerc,Ferrari,6.0,3.0,Finished,15.0,2024,15,Dutch Grand Prix,0,0,1,6.0,75.9855277777777,74.585,1.0,30.8058823529411,19.0058823529411,0.0,4.56862745098039
81,PIA,Oscar Piastri,McLaren,3.0,4.0,Finished,12.0,2024,15,Dutch Grand Prix,0,0,0,3.0,76.0118888888888,74.237,1.0,30.8058823529411,19.0058823529411,0.0,4.56862745098039
55,SAI,Carlos Sainz,Ferrari,10.0,5.0,Finished,10.0,2024,15,Dutch Grand Prix,0,0,0,10.0,76.0785555555555,74.117,1.0,30.8058823529411,19.0058823529411,0.0,4.56862745098039
11,PER,Sergio Perez,Red Bull Racing,5.0,6.0,Finished,8.0,2024,15,Dutch Grand Prix,0,0,0,5.0,76.1814027777777,74.587,1.0,30.8058823529411,19.0058823529411,0.0,4.56862745098039
63,RUS,George Russell,Mercedes,4.0,7.0,Finished,6.0,2024,15,Dutch Grand Prix,0,0,0,4.0,76.2518888888889,73.927,2.0,30.8058823529411,19.0058823529411,0.0,4.56862745098039
44,HAM,Lewis Hamilton,Mercedes,14.0,8.0,Finished,4.0,2024,15,Dutch Grand Prix,0,0,0,11.0,76.3210833333333,73.878,2.0,30.8058823529411,19.0058823529411,0.0,4.56862745098039
10,GAS,Pierre Gasly,Alpine,9.0,9.0,Lapped,2.0,2024,15,Dutch Grand Prix,1,0,0,9.0,76.8186338028168,74.855,1.0,30.8058823529411,19.0058823529411,0.0,4.56862745098039
14,ALO,Fernando Alonso,Aston Martin,7.0,10.0,Lapped,1.0,2024,15,Dutch Grand Prix,1,0,0,7.0,76.8880563380281,74.758,1.0,30.8058823529411,19.0058823529411,0.0,4.56862745098039
27,HUL,Nico Hulkenberg,Haas F1 Team,12.0,11.0,Lapped,0.0,2024,15,Dutch Grand Prix,1,0,0,13.0,76.9680704225352,75.657,1.0,30.8058823529411,19.0058823529411,0.0,4.56862745098039
3,RIC,Daniel Ricciardo,RB,13.0,12.0,Lapped,0.0,2024,15,Dutch Grand Prix,1,0,0,15.0,76.9941690140845,75.222,1.0,30.8058823529411,19.0058823529411,0.0,4.56862745098039
18,STR,Lance Stroll,Aston Martin,8.0,13.0,Lapped,0.0,2024,15,Dutch Grand Prix,1,0,0,8.0,76.9891690140845,75.255,1.0,30.8058823529411,19.0058823529411,0.0,4.56862745098039
23,ALB,Alexander Albon,Williams,19.0,14.0,Lapped,0.0,2024,15,Dutch Grand Prix,1,0,0,10.0,77.2708450704225,74.434,2.0,30.8058823529411,19.0058823529411,0.0,4.56862745098039
31,OCO,Esteban Ocon,Alpine,15.0,15.0,Lapped,0.0,2024,15,Dutch Grand Prix,1,0,0,16.0,77.3577042253521,75.39,1.0,30.8058823529411,19.0058823529411,0.0,4.56862745098039
2,SAR,Logan Sargeant,Williams,18.0,16.0,Lapped,0.0,2024,15,Dutch Grand Prix,1,0,0,20.0,77.6064507042253,75.539,1.0,30.8058823529411,19.0058823529411,0.0,4.56862745098039
22,TSU,Yuki Tsunoda,RB,11.0,17.0,Lapped,0.0,2024,15,Dutch Grand Prix,1,0,0,12.0,77.615,75.552,2.0,30.8058823529411,19.0058823529411,0.0,4.56862745098039
20,MAG,Kevin Magnussen,Haas F1 Team,20.0,18.0,Lapped,0.0,2024,15,Dutch Grand Prix,1,0,0,14.0,77.6229014084507,74.954,2.0,30.8058823529411,19.0058823529411,0.0,4.56862745098039
77,BOT,Valtteri Bottas,Kick Sauber,16.0,19.0,Lapped,0.0,2024,15,Dutch Grand Prix,1,0,0,17.0,77.8395285714285,75.822,2.0,30.8058823529411,19.0058823529411,0.0,4.56862745098039
24,ZHO,Guanyu Zhou,Kick Sauber,17.0,20.0,Lapped,0.0,2024,15,Dutch Grand Prix,1,0,0,18.0,78.3076857142857,75.724,2.0,30.8058823529411,19.0058823529411,0.0,4.56862745098039
16,LEC,Charles Leclerc,Ferrari,4.0,1.0,Finished,25.0,2024,16,Italian Grand Prix,0,1,1,4.0,84.5420188679245,83.226,1.0,49.3112781954887,33.1015037593985,0.0,1.5187969924812
81,PIA,Oscar Piastri,McLaren,2.0,2.0,Finished,18.0,2024,16,Italian Grand Prix,0,0,1,2.0,84.5922830188679,81.943,2.0,49.3112781954887,33.1015037593985,0.0,1.5187969924812
4,NOR,Lando Norris,McLaren,1.0,3.0,Finished,16.0,2024,16,Italian Grand Prix,0,0,1,1.0,84.6581132075471,81.432,2.0,49.3112781954887,33.1015037593985,0.0,1.5187969924812
55,SAI,Carlos Sainz,Ferrari,5.0,4.0,Finished,12.0,2024,16,Italian Grand Prix,0,0,0,5.0,84.8367547169811,83.219,1.0,49.3112781954887,33.1015037593985,0.0,1.5187969924812
44,HAM,Lewis Hamilton,Mercedes,6.0,5.0,Finished,10.0,2024,16,Italian Grand Prix,0,0,0,6.0,84.9725849056603,81.512,2.0,49.3112781954887,33.1015037593985,0.0,1.5187969924812
1,VER,Max Verstappen,Red Bull Racing,7.0,6.0,Finished,8.0,2024,16,Italian Grand Prix,0,0,0,7.0,85.257716981132,81.745,2.0,49.3112781954887,33.1015037593985,0.0,1.5187969924812
63,RUS,George Russell,Mercedes,3.0,7.0,Finished,6.0,2024,16,Italian Grand Prix,0,0,0,3.0,85.291358490566,82.036,2.0,49.3112781954887,33.1015037593985,0.0,1.5187969924812
11,PER,Sergio Perez,Red Bull Racing,8.0,8.0,Finished,4.0,2024,16,Italian Grand Prix,0,0,0,8.0,85.563679245283,82.971,2.0,49.3112781954887,33.1015037593985,0.0,1.5187969924812
23,ALB,Alexander Albon,Williams,9.0,9.0,Finished,2.0,2024,16,Italian Grand Prix,0,0,0,9.0,85.8147735849056,83.918,1.0,49.3112781954887,33.1015037593985,0.0,1.5187969924812
20,MAG,Kevin Magnussen,Haas F1 Team,13.0,10.0,Finished,1.0,2024,16,Italian Grand Prix,0,0,0,13.0,85.6420566037736,83.437,1.0,49.3112781954887,33.1015037593985,0.0,1.5187969924812
14,ALO,Fernando Alonso,Aston Martin,11.0,11.0,Finished,0.0,2024,16,Italian Grand Prix,0,0,0,11.0,85.8343773584905,82.944,2.0,49.3112781954887,33.1015037593985,0.0,1.5187969924812
43,COL,Franco Colapinto,Williams,18.0,12.0,Finished,0.0,2024,16,Italian Grand Prix,0,0,0,18.0,86.0761320754716,83.728,1.0,49.3112781954887,33.1015037593985,0.0,1.5187969924812
3,RIC,Daniel Ricciardo,RB,12.0,13.0,Finished,0.0,2024,16,Italian Grand Prix,0,0,0,12.0,86.0222452830188,84.219,1.0,49.3112781954887,33.1015037593985,0.0,1.5187969924812
31,OCO,Esteban Ocon,Alpine,15.0,14.0,Lapped,0.0,2024,16,Italian Grand Prix,1,0,0,15.0,86.4112692307692,84.343,1.0,49.3112781954887,33.1015037593985,0.0,1.5187969924812
10,GAS,Pierre Gasly,Alpine,14.0,15.0,Lapped,0.0,2024,16,Italian Grand Prix,1,0,0,14.0,86.5205961538461,83.755,2.0,49.3112781954887,33.1015037593985,0.0,1.5187969924812
77,BOT,Valtteri Bottas,Kick Sauber,19.0,16.0,Lapped,0.0,2024,16,Italian Grand Prix,1,0,0,19.0,86.6911153846153,83.609,1.0,49.3112781954887,33.1015037593985,0.0,1.5187969924812
27,HUL,Nico Hulkenberg,Haas F1 Team,10.0,17.0,Lapped,0.0,2024,16,Italian Grand Prix,1,0,0,10.0,86.7614807692307,83.275,2.0,49.3112781954887,33.1015037593985,0.0,1.5187969924812
24,ZHO,Guanyu Zhou,Kick Sauber,20.0,18.0,Lapped,0.0,2024,16,Italian Grand Prix,1,0,0,20.0,86.9381153846153,85.092,1.0,49.3112781954887,33.1015037593985,0.0,1.5187969924812
18,STR,Lance Stroll,Aston Martin,17.0,19.0,Lapped,0.0,2024,16,Italian Grand Prix,1,0,0,17.0,87.0045192307692,82.232,3.0,49.3112781954887,33.1015037593985,0.0,1.5187969924812
22,TSU,Yuki Tsunoda,RB,16.0,20.0,Retired,0.0,2024,16,Italian Grand Prix,1,0,0,16.0,90.9527142857142,86.198,0.0,49.3112781954887,33.1015037593985,0.0,1.5187969924812
81,PIA,Oscar Piastri,McLaren,2.0,1.0,Finished,25.0,2024,17,Azerbaijan Grand Prix,0,1,1,2.0,108.49346,107.06,1.0,44.3493421052631,26.7059210526315,0.0,1.55131578947368
16,LEC,Charles Leclerc,Ferrari,1.0,2.0,Finished,18.0,2024,17,Azerbaijan Grand Prix,0,0,1,1.0,108.67784,107.067,1.0,44.3493421052631,26.7059210526315,0.0,1.55131578947368
63,RUS,George Russell,Mercedes,5.0,3.0,Finished,15.0,2024,17,Azerbaijan Grand Prix,0,0,1,5.0,109.1279,106.628,1.0,44.3493421052631,26.7059210526315,0.0,1.55131578947368
4,NOR,Lando Norris,McLaren,15.0,4.0,Finished,13.0,2024,17,Azerbaijan Grand Prix,0,0,0,16.0,109.23942,105.255,1.0,44.3493421052631,26.7059210526315,0.0,1.55131578947368
1,VER,Max Verstappen,Red Bull Racing,6.0,5.0,Finished,10.0,2024,17,Azerbaijan Grand Prix,0,0,0,6.0,109.063102040816,106.798,1.0,44.3493421052631,26.7059210526315,0.0,1.55131578947368
14,ALO,Fernando Alonso,Aston Martin,7.0,6.0,Finished,8.0,2024,17,Azerbaijan Grand Prix,0,0,0,8.0,110.22398,107.057,1.0,44.3493421052631,26.7059210526315,0.0,1.55131578947368
23,ALB,Alexander Albon,Williams,9.0,7.0,Finished,6.0,2024,17,Azerbaijan Grand Prix,0,0,0,10.0,110.25446,106.947,1.0,44.3493421052631,26.7059210526315,0.0,1.55131578947368
43,COL,Franco Colapinto,Williams,8.0,8.0,Finished,4.0,2024,17,Azerbaijan Grand Prix,0,0,0,9.0,110.29074,107.274,1.0,44.3493421052631,26.7059210526315,0.0,1.55131578947368
44,HAM,Lewis Hamilton,Mercedes,19.0,9.0,Finished,2.0,2024,17,Azerbaijan Grand Prix,0,0,0,7.0,110.33262,107.236,2.0,44.3493421052631,26.7059210526315,0.0,1.55131578947368
50,BEA,Oliver Bearman,Haas F1 Team,10.0,10.0,Finished,1.0,2024,17,Azerbaijan Grand Prix,0,0,0,11.0,110.3577,107.048,1.0,44.3493421052631,26.7059210526315,0.0,1.55131578947368
27,HUL,Nico Hulkenberg,Haas F1 Team,12.0,11.0,Finished,0.0,2024,17,Azerbaijan Grand Prix,0,0,0,13.0,110.392659999999,107.691,1.0,44.3493421052631,26.7059210526315,0.0,1.55131578947368
10,GAS,Pierre Gasly,Alpine,18.0,12.0,Finished,0.0,2024,17,Azerbaijan Grand Prix,0,0,0,15.0,110.61432,108.018,0.0,44.3493421052631,26.7059210526315,0.0,1.55131578947368
3,RIC,Daniel Ricciardo,RB,14.0,13.0,Finished,0.0,2024,17,Azerbaijan Grand Prix,0,0,0,15.0,110.269224489795,108.38,0.0,44.3493421052631,26.7059210526315,0.0,1.55131578947368
24,ZHO,Guanyu Zhou,Kick Sauber,17.0,14.0,Finished,0.0,2024,17,Azerbaijan Grand Prix,0,0,0,18.0,110.671040816326,107.644,1.0,44.3493421052631,26.7059210526315,0.0,1.55131578947368
31,OCO,Esteban Ocon,Alpine,20.0,15.0,Lapped,0.0,2024,17,Azerbaijan Grand Prix,1,0,0,19.0,110.882448979591,108.831,1.0,44.3493421052631,26.7059210526315,0.0,1.55131578947368
77,BOT,Valtteri Bottas,Kick Sauber,16.0,16.0,Lapped,0.0,2024,17,Azerbaijan Grand Prix,1,0,0,17.0,111.24593877551,108.418,1.0,44.3493421052631,26.7059210526315,0.0,1.55131578947368
11,PER,Sergio Perez,Red Bull Racing,4.0,17.0,Retired,0.0,2024,17,Azerbaijan Grand Prix,1,0,0,4.0,108.59587755102,107.013,1.0,44.3493421052631,26.7059210526315,0.0,1.55131578947368
55,SAI,Carlos Sainz,Ferrari,3.0,18.0,Retired,0.0,2024,17,Azerbaijan Grand Prix,1,0,0,3.0,108.607510204081,106.866,1.0,44.3493421052631,26.7059210526315,0.0,1.55131578947368
18,STR,Lance Stroll,Aston Martin,13.0,19.0,Retired,0.0,2024,17,Azerbaijan Grand Prix,1,0,0,14.0,111.135111111111,108.148,2.0,44.3493421052631,26.7059210526315,0.0,1.55131578947368
22,TSU,Yuki Tsunoda,RB,11.0,20.0,Retired,0.0,2024,17,Azerbaijan Grand Prix,1,0,0,12.0,115.903642857142,110.887,1.0,44.3493421052631,26.7059210526315,0.0,1.55131578947368
4,NOR,Lando Norris,McLaren,1.0,1.0,Finished,25.0,2024,18,Singapore Grand Prix,0,1,1,1.0,97.6221129032258,94.925,1.0,36.445625,30.78625,0.0,0.955
1,VER,Max Verstappen,Red Bull Racing,2.0,2.0,Finished,18.0,2024,18,Singapore Grand Prix,0,0,1,2.0,97.9599354838709,95.967,1.0,36.445625,30.78625,0.0,0.955
81,PIA,Oscar Piastri,McLaren,5.0,3.0,Finished,15.0,2024,18,Singapore Grand Prix,0,0,1,5.0,98.2966774193548,95.745,1.0,36.445625,30.78625,0.0,0.955
63,RUS,George Russell,Mercedes,4.0,4.0,Finished,12.0,2024,18,Singapore Grand Prix,0,0,0,4.0,98.606629032258,97.047,1.0,36.445625,30.78625,0.0,0.955
16,LEC,Charles Leclerc,Ferrari,9.0,5.0,Finished,10.0,2024,18,Singapore Grand Prix,0,0,0,9.0,98.6290483870967,95.371,1.0,36.445625,30.78625,0.0,0.955
44,HAM,Lewis Hamilton,Mercedes,3.0,6.0,Finished,8.0,2024,18,Singapore Grand Prix,0,0,0,3.0,98.9970806451612,97.393,1.0,36.445625,30.78625,0.0,0.955
55,SAI,Carlos Sainz,Ferrari,10.0,7.0,Finished,6.0,2024,18,Singapore Grand Prix,0,0,0,10.0,99.171129032258,96.561,1.0,36.445625,30.78625,0.0,0.955
14,ALO,Fernando Alonso,Aston Martin,7.0,8.0,Lapped,4.0,2024,18,Singapore Grand Prix,1,0,0,7.0,99.2367868852458,97.741,1.0,36.445625,30.78625,0.0,0.955
27,HUL,Nico Hulkenberg,Haas F1 Team,6.0,9.0,Lapped,2.0,2024,18,Singapore Grand Prix,1,0,0,6.0,99.2739508196721,97.47,1.0,36.445625,30.78625,0.0,0.955
11,PER,Sergio Perez,Red Bull Racing,13.0,10.0,Lapped,1.0,2024,18,Singapore Grand Prix,1,0,0,13.0,99.2982786885245,97.477,1.0,36.445625,30.78625,0.0,0.955
43,COL,Franco Colapinto,Williams,12.0,11.0,Lapped,0.0,2024,18,Singapore Grand Prix,1,0,0,12.0,99.3254918032786,97.262,1.0,36.445625,30.78625,0.0,0.955
22,TSU,Yuki Tsunoda,RB,8.0,12.0,Lapped,0.0,2024,18,Singapore Grand Prix,1,0,0,8.0,99.366606557377,96.393,1.0,36.445625,30.78625,0.0,0.955
31,OCO,Esteban Ocon,Alpine,15.0,13.0,Lapped,0.0,2024,18,Singapore Grand Prix,1,0,0,15.0,99.943868852459,97.964,1.0,36.445625,30.78625,0.0,0.955
18,STR,Lance Stroll,Aston Martin,17.0,14.0,Lapped,0.0,2024,18,Singapore Grand Prix,1,0,0,17.0,100.002327868852,97.851,1.0,36.445625,30.78625,0.0,0.955
24,ZHO,Guanyu Zhou,Kick Sauber,20.0,15.0,Lapped,0.0,2024,18,Singapore Grand Prix,1,0,0,20.0,100.160508196721,97.461,1.0,36.445625,30.78625,0.0,0.955
77,BOT,Valtteri Bottas,Kick Sauber,19.0,16.0,Lapped,0.0,2024,18,Singapore Grand Prix,1,0,0,19.0,100.170491803278,97.524,1.0,36.445625,30.78625,0.0,0.955
10,GAS,Pierre Gasly,Alpine,18.0,17.0,Lapped,0.0,2024,18,Singapore Grand Prix,1,0,0,18.0,100.190655737704,96.927,1.0,36.445625,30.78625,0.0,0.955
3,RIC,Daniel Ricciardo,RB,16.0,18.0,Lapped,0.0,2024,18,Singapore Grand Prix,1,0,0,16.0,100.694540983606,94.486,3.0,36.445625,30.78625,0.0,0.955
20,MAG,Kevin Magnussen,Haas F1 Team,14.0,19.0,Retired,0.0,2024,18,Singapore Grand Prix,1,0,0,14.0,100.736535714285,94.754,2.0,36.445625,30.78625,0.0,0.955
23,ALB,Alexander Albon,Williams,11.0,20.0,Retired,0.0,2024,18,Singapore Grand Prix,1,0,0,11.0,104.046866666666,96.888,1.0,36.445625,30.78625,0.0,0.955
16,LEC,Charles Leclerc,Ferrari,4.0,1.0,Finished,25.0,2024,19,United States Grand Prix,0,1,1,4.0,99.8083333333333,97.834,1.0,46.6019354838709,28.1212903225806,0.0,1.5
55,SAI,Carlos Sainz,Ferrari,3.0,2.0,Finished,18.0,2024,19,United States Grand Prix,0,0,1,3.0,99.9977962962963,97.763,1.0,46.6019354838709,28.1212903225806,0.0,1.5
1,VER,Max Verstappen,Red Bull Racing,2.0,3.0,Finished,15.0,2024,19,United States Grand Prix,0,0,1,2.0,100.183925925925,98.117,1.0,46.6019354838709,28.1212903225806,0.0,1.5
4,NOR,Lando Norris,McLaren,1.0,4.0,Finished,12.0,2024,19,United States Grand Prix,0,0,0,1.0,100.158407407407,97.679,1.0,46.6019354838709,28.1212903225806,0.0,1.5
81,PIA,Oscar Piastri,McLaren,5.0,5.0,Finished,10.0,2024,19,United States Grand Prix,0,0,0,5.0,101.223745454545,97.883,1.0,46.6019354838709,28.1212903225806,0.0,1.5
63,RUS,George Russell,Mercedes,20.0,6.0,Finished,8.0,2024,19,United States Grand Prix,0,0,0,6.0,102.10569090909,97.656,2.0,46.6019354838709,28.1212903225806,0.0,1.5
11,PER,Sergio Perez,Red Bull Racing,9.0,7.0,Finished,6.0,2024,19,United States Grand Prix,0,0,0,10.0,101.158074074074,98.514,1.0,46.6019354838709,28.1212903225806,0.0,1.5
27,HUL,Nico Hulkenberg,Haas F1 Team,11.0,8.0,Finished,4.0,2024,19,United States Grand Prix,0,0,0,12.0,102.163254545454,98.404,1.0,46.6019354838709,28.1212903225806,0.0,1.5
30,LAW,Liam Lawson,RB,19.0,9.0,Finished,2.0,2024,19,United States Grand Prix,0,0,0,15.0,101.463074074074,98.091,1.0,46.6019354838709,28.1212903225806,0.0,1.5
43,COL,Franco Colapinto,Williams,15.0,10.0,Finished,1.0,2024,19,United States Grand Prix,0,0,0,17.0,102.377981818181,97.611,1.0,46.6019354838709,28.1212903225806,0.0,1.5
20,MAG,Kevin Magnussen,Haas F1 Team,8.0,11.0,Finished,0.0,2024,19,United States Grand Prix,0,0,0,9.0,101.468925925925,98.21,2.0,46.6019354838709,28.1212903225806,0.0,1.5
10,GAS,Pierre Gasly,Alpine,6.0,12.0,Finished,0.0,2024,19,United States Grand Prix,0,0,0,7.0,102.454363636363,98.311,1.0,46.6019354838709,28.1212903225806,0.0,1.5
14,ALO,Fernando Alonso,Aston Martin,7.0,13.0,Lapped,0.0,2024,19,United States Grand Prix,1,0,0,8.0,102.904203703703,99.261,1.0,46.6019354838709,28.1212903225806,0.0,1.5
22,TSU,Yuki Tsunoda,RB,10.0,14.0,Lapped,0.0,2024,19,United States Grand Prix,1,0,0,11.0,102.001339622641,99.193,1.0,46.6019354838709,28.1212903225806,0.0,1.5
18,STR,Lance Stroll,Aston Martin,13.0,15.0,Lapped,0.0,2024,19,United States Grand Prix,1,0,0,14.0,102.341622641509,99.214,1.0,46.6019354838709,28.1212903225806,0.0,1.5
23,ALB,Alexander Albon,Williams,14.0,16.0,Lapped,0.0,2024,19,United States Grand Prix,1,0,0,16.0,103.177629629629,99.084,1.0,46.6019354838709,28.1212903225806,0.0,1.5
77,BOT,Valtteri Bottas,Kick Sauber,16.0,17.0,Lapped,0.0,2024,19,United States Grand Prix,1,0,0,18.0,103.58574074074,100.575,1.0,46.6019354838709,28.1212903225806,0.0,1.5
31,OCO,Esteban Ocon,Alpine,12.0,18.0,Lapped,0.0,2024,19,United States Grand Prix,1,0,0,13.0,103.72374074074,97.33,2.0,46.6019354838709,28.1212903225806,0.0,1.5
24,ZHO,Guanyu Zhou,Kick Sauber,18.0,19.0,Lapped,0.0,2024,19,United States Grand Prix,1,0,0,20.0,104.70689090909,99.272,2.0,46.6019354838709,28.1212903225806,0.0,1.5
44,HAM,Lewis Hamilton,Mercedes,17.0,20.0,Retired,0.0,2024,19,United States Grand Prix,1,0,0,19.0,108.064,108.064,0.0,46.6019354838709,28.1212903225806,0.0,1.5
55,SAI,Carlos Sainz,Ferrari,1.0,1.0,Finished,25.0,2024,20,Mexico City Grand Prix,0,1,1,1.0,85.2929577464788,80.137,1.0,35.6025157232704,19.888679245283,0.0,2.15094339622641
4,NOR,Lando Norris,McLaren,3.0,2.0,Finished,18.0,2024,20,Mexico City Grand Prix,0,0,1,3.0,85.3592253521126,79.691,1.0,35.6025157232704,19.888679245283,0.0,2.15094339622641
16,LEC,Charles Leclerc,Ferrari,4.0,3.0,Finished,16.0,2024,20,Mexico City Grand Prix,0,0,1,4.0,85.7772816901408,78.336,2.0,35.6025157232704,19.888679245283,0.0,2.15094339622641
44,HAM,Lewis Hamilton,Mercedes,6.0,4.0,Finished,12.0,2024,20,Mexico City Grand Prix,0,0,0,6.0,85.9236619718309,80.371,1.0,35.6025157232704,19.888679245283,0.0,2.15094339622641
63,RUS,George Russell,Mercedes,5.0,5.0,Finished,10.0,2024,20,Mexico City Grand Prix,0,0,0,5.0,85.9765633802816,80.731,1.0,35.6025157232704,19.888679245283,0.0,2.15094339622641
1,VER,Max Verstappen,Red Bull Racing,2.0,6.0,Finished,8.0,2024,20,Mexico City Grand Prix,0,0,0,2.0,86.1318028169014,80.872,1.0,35.6025157232704,19.888679245283,0.0,2.15094339622641
20,MAG,Kevin Magnussen,Haas F1 Team,7.0,7.0,Finished,6.0,2024,20,Mexico City Grand Prix,0,0,0,7.0,86.1893239436619,80.637,1.0,35.6025157232704,19.888679245283,0.0,2.15094339622641
81,PIA,Oscar Piastri,McLaren,17.0,8.0,Finished,4.0,2024,20,Mexico City Grand Prix,0,0,0,17.0,86.2074366197183,80.064,1.0,35.6025157232704,19.888679245283,0.0,2.15094339622641
27,HUL,Nico Hulkenberg,Haas F1 Team,10.0,9.0,Lapped,2.0,2024,20,Mexico City Grand Prix,1,0,0,10.0,86.5502857142857,80.748,1.0,35.6025157232704,19.888679245283,0.0,2.15094339622641
10,GAS,Pierre Gasly,Alpine,8.0,10.0,Lapped,1.0,2024,20,Mexico City Grand Prix,1,0,0,8.0,86.7769571428571,81.274,1.0,35.6025157232704,19.888679245283,0.0,2.15094339622641
18,STR,Lance Stroll,Aston Martin,14.0,11.0,Lapped,0.0,2024,20,Mexico City Grand Prix,1,0,0,14.0,86.8696,81.311,1.0,35.6025157232704,19.888679245283,0.0,2.15094339622641
43,COL,Franco Colapinto,Williams,16.0,12.0,Lapped,0.0,2024,20,Mexico City Grand Prix,1,0,0,16.0,86.9042428571428,80.09,1.0,35.6025157232704,19.888679245283,0.0,2.15094339622641
31,OCO,Esteban Ocon,Alpine,0.0,13.0,Lapped,0.0,2024,20,Mexico City Grand Prix,1,0,0,19.0,87.0780428571428,80.659,2.0,35.6025157232704,19.888679245283,0.0,2.15094339622641
77,BOT,Valtteri Bottas,Kick Sauber,15.0,14.0,Lapped,0.0,2024,20,Mexico City Grand Prix,1,0,0,15.0,87.1146714285714,81.085,1.0,35.6025157232704,19.888679245283,0.0,2.15094339622641
24,ZHO,Guanyu Zhou,Kick Sauber,19.0,15.0,Lapped,0.0,2024,20,Mexico City Grand Prix,1,0,0,20.0,87.3931714285714,81.553,1.0,35.6025157232704,19.888679245283,0.0,2.15094339622641
30,LAW,Liam Lawson,RB,12.0,16.0,Lapped,0.0,2024,20,Mexico City Grand Prix,1,0,0,12.0,87.4323714285714,79.502,2.0,35.6025157232704,19.888679245283,0.0,2.15094339622641
11,PER,Sergio Perez,Red Bull Racing,18.0,17.0,Lapped,0.0,2024,20,Mexico City Grand Prix,1,0,0,18.0,87.5583428571428,79.209,3.0,35.6025157232704,19.888679245283,0.0,2.15094339622641
14,ALO,Fernando Alonso,Aston Martin,13.0,18.0,Retired,0.0,2024,20,Mexico City Grand Prix,1,0,0,13.0,101.749266666666,82.722,0.0,35.6025157232704,19.888679245283,0.0,2.15094339622641
23,ALB,Alexander Albon,Williams,9.0,19.0,Retired,0.0,2024,20,Mexico City Grand Prix,1,0,0,9.0,,,,35.6025157232704,19.888679245283,0.0,2.15094339622641
22,TSU,Yuki Tsunoda,RB,11.0,20.0,Retired,0.0,2024,20,Mexico City Grand Prix,1,0,0,11.0,,,,35.6025157232704,19.888679245283,0.0,2.15094339622641
1,VER,Max Verstappen,Red Bull Racing,17.0,1.0,Finished,26.0,2024,21,S√£o Paulo Grand Prix,0,1,1,12.0,88.0506119402985,80.472,0.0,25.7696517412935,21.6626865671641,0.582089552238806,0.735820895522388
31,OCO,Esteban Ocon,Alpine,4.0,2.0,Finished,18.0,2024,21,S√£o Paulo Grand Prix,0,0,1,4.0,88.3261641791044,81.771,0.0,25.7696517412935,21.6626865671641,0.582089552238806,0.735820895522388
10,GAS,Pierre Gasly,Alpine,13.0,3.0,Finished,15.0,2024,21,S√£o Paulo Grand Prix,0,0,1,15.0,88.4425970149253,81.645,0.0,25.7696517412935,21.6626865671641,0.582089552238806,0.735820895522388
63,RUS,George Russell,Mercedes,2.0,4.0,Finished,12.0,2024,21,S√£o Paulo Grand Prix,0,0,0,2.0,88.5075223880597,81.645,1.0,25.7696517412935,21.6626865671641,0.582089552238806,0.735820895522388
16,LEC,Charles Leclerc,Ferrari,6.0,5.0,Finished,10.0,2024,21,S√£o Paulo Grand Prix,0,0,0,6.0,88.6517910447761,81.631,1.0,25.7696517412935,21.6626865671641,0.582089552238806,0.735820895522388
4,NOR,Lando Norris,McLaren,1.0,6.0,Finished,8.0,2024,21,S√£o Paulo Grand Prix,0,0,0,1.0,88.5992835820895,81.517,1.0,25.7696517412935,21.6626865671641,0.582089552238806,0.735820895522388
22,TSU,Yuki Tsunoda,RB,3.0,7.0,Finished,6.0,2024,21,S√£o Paulo Grand Prix,0,0,0,3.0,88.8014925373134,81.828,1.0,25.7696517412935,21.6626865671641,0.582089552238806,0.735820895522388
81,PIA,Oscar Piastri,McLaren,8.0,8.0,Finished,4.0,2024,21,S√£o Paulo Grand Prix,0,0,0,8.0,88.7619552238806,81.532,1.0,25.7696517412935,21.6626865671641,0.582089552238806,0.735820895522388
30,LAW,Liam Lawson,RB,5.0,9.0,Finished,2.0,2024,21,S√£o Paulo Grand Prix,0,0,0,5.0,89.1299104477611,82.123,1.0,25.7696517412935,21.6626865671641,0.582089552238806,0.735820895522388
44,HAM,Lewis Hamilton,Mercedes,14.0,10.0,Finished,1.0,2024,21,S√£o Paulo Grand Prix,0,0,0,16.0,89.1301641791044,82.041,1.0,25.7696517412935,21.6626865671641,0.582089552238806,0.735820895522388
11,PER,Sergio Perez,Red Bull Racing,12.0,11.0,Finished,0.0,2024,21,S√£o Paulo Grand Prix,0,0,0,13.0,89.382447761194,82.143,1.0,25.7696517412935,21.6626865671641,0.582089552238806,0.735820895522388
50,BEA,Oliver Bearman,Haas F1 Team,15.0,12.0,Finished,0.0,2024,21,S√£o Paulo Grand Prix,0,0,0,17.0,89.3721940298507,82.494,1.0,25.7696517412935,21.6626865671641,0.582089552238806,0.735820895522388
77,BOT,Valtteri Bottas,Kick Sauber,11.0,13.0,Finished,0.0,2024,21,S√£o Paulo Grand Prix,0,0,0,11.0,89.5330746268656,82.877,0.0,25.7696517412935,21.6626865671641,0.582089552238806,0.735820895522388
14,ALO,Fernando Alonso,Aston Martin,9.0,14.0,Finished,0.0,2024,21,S√£o Paulo Grand Prix,0,0,0,9.0,89.4820895522388,82.293,1.0,25.7696517412935,21.6626865671641,0.582089552238806,0.735820895522388
24,ZHO,Guanyu Zhou,Kick Sauber,19.0,15.0,Finished,0.0,2024,21,S√£o Paulo Grand Prix,0,0,0,20.0,90.4163636363636,83.058,2.0,25.7696517412935,21.6626865671641,0.582089552238806,0.735820895522388
55,SAI,Carlos Sainz,Ferrari,20.0,16.0,Retired,0.0,2024,21,S√£o Paulo Grand Prix,1,0,0,14.0,90.7143888888888,84.201,2.0,25.7696517412935,21.6626865671641,0.582089552238806,0.735820895522388
43,COL,Franco Colapinto,Williams,16.0,17.0,Retired,0.0,2024,21,S√£o Paulo Grand Prix,1,0,0,18.0,90.2753666666666,84.296,1.0,25.7696517412935,21.6626865671641,0.582089552238806,0.735820895522388
23,ALB,Alexander Albon,Williams,7.0,18.0,Did not start,0.0,2024,21,S√£o Paulo Grand Prix,1,0,0,7.0,,,,25.7696517412935,21.6626865671641,0.582089552238806,0.735820895522388
18,STR,Lance Stroll,Aston Martin,10.0,19.0,Did not start,0.0,2024,21,S√£o Paulo Grand Prix,1,0,0,10.0,,,,25.7696517412935,21.6626865671641,0.582089552238806,0.735820895522388
27,HUL,Nico Hulkenberg,Haas F1 Team,18.0,20.0,Disqualified,0.0,2024,21,S√£o Paulo Grand Prix,1,0,0,19.0,88.3079259259259,83.764,1.0,25.7696517412935,21.6626865671641,0.582089552238806,0.735820895522388
63,RUS,George Russell,Mercedes,1.0,1.0,Finished,25.0,2024,22,Las Vegas Grand Prix,0,1,1,1.0,98.51938,95.717,2.0,17.7237762237762,17.8251748251748,0.0,2.89860139860139
44,HAM,Lewis Hamilton,Mercedes,10.0,2.0,Finished,18.0,2024,22,Las Vegas Grand Prix,0,0,1,10.0,98.66564,95.48,2.0,17.7237762237762,17.8251748251748,0.0,2.89860139860139
55,SAI,Carlos Sainz,Ferrari,2.0,3.0,Finished,15.0,2024,22,Las Vegas Grand Prix,0,0,1,2.0,98.7575,95.875,2.0,17.7237762237762,17.8251748251748,0.0,2.89860139860139
16,LEC,Charles Leclerc,Ferrari,4.0,4.0,Finished,12.0,2024,22,Las Vegas Grand Prix,0,0,0,4.0,98.80504,95.674,2.0,17.7237762237762,17.8251748251748,0.0,2.89860139860139
1,VER,Max Verstappen,Red Bull Racing,5.0,5.0,Finished,10.0,2024,22,Las Vegas Grand Prix,0,0,0,5.0,98.85102,96.248,2.0,17.7237762237762,17.8251748251748,0.0,2.89860139860139
4,NOR,Lando Norris,McLaren,6.0,6.0,Finished,9.0,2024,22,Las Vegas Grand Prix,0,0,0,6.0,99.38708,94.876,3.0,17.7237762237762,17.8251748251748,0.0,2.89860139860139
81,PIA,Oscar Piastri,McLaren,8.0,7.0,Finished,6.0,2024,22,Las Vegas Grand Prix,0,0,0,8.0,99.54668,96.598,2.0,17.7237762237762,17.8251748251748,0.0,2.89860139860139
27,HUL,Nico Hulkenberg,Haas F1 Team,9.0,8.0,Finished,4.0,2024,22,Las Vegas Grand Prix,0,0,0,9.0,99.71554,96.585,2.0,17.7237762237762,17.8251748251748,0.0,2.89860139860139
22,TSU,Yuki Tsunoda,RB,7.0,9.0,Finished,2.0,2024,22,Las Vegas Grand Prix,0,0,0,7.0,99.77554,96.957,2.0,17.7237762237762,17.8251748251748,0.0,2.89860139860139
11,PER,Sergio Perez,Red Bull Racing,15.0,10.0,Finished,1.0,2024,22,Las Vegas Grand Prix,0,0,0,16.0,99.7816599999999,96.326,2.0,17.7237762237762,17.8251748251748,0.0,2.89860139860139
14,ALO,Fernando Alonso,Aston Martin,16.0,11.0,Finished,0.0,2024,22,Las Vegas Grand Prix,0,0,0,17.0,99.90328,96.553,2.0,17.7237762237762,17.8251748251748,0.0,2.89860139860139
20,MAG,Kevin Magnussen,Haas F1 Team,12.0,12.0,Finished,0.0,2024,22,Las Vegas Grand Prix,0,0,0,12.0,99.91544,96.557,1.0,17.7237762237762,17.8251748251748,0.0,2.89860139860139
24,ZHO,Guanyu Zhou,Kick Sauber,13.0,13.0,Finished,0.0,2024,22,Las Vegas Grand Prix,0,0,0,13.0,100.00108,96.324,2.0,17.7237762237762,17.8251748251748,0.0,2.89860139860139
43,COL,Franco Colapinto,Williams,20.0,14.0,Finished,0.0,2024,22,Las Vegas Grand Prix,0,0,0,14.0,100.02282,96.867,3.0,17.7237762237762,17.8251748251748,0.0,2.89860139860139
18,STR,Lance Stroll,Aston Martin,18.0,15.0,Finished,0.0,2024,22,Las Vegas Grand Prix,0,0,0,20.0,100.20142,97.179,2.0,17.7237762237762,17.8251748251748,0.0,2.89860139860139
30,LAW,Liam Lawson,RB,14.0,16.0,Finished,0.0,2024,22,Las Vegas Grand Prix,0,0,0,15.0,100.33948,96.98,2.0,17.7237762237762,17.8251748251748,0.0,2.89860139860139
31,OCO,Esteban Ocon,Alpine,11.0,17.0,Lapped,0.0,2024,22,Las Vegas Grand Prix,1,0,0,11.0,100.572020408163,96.511,3.0,17.7237762237762,17.8251748251748,0.0,2.89860139860139
77,BOT,Valtteri Bottas,Kick Sauber,19.0,18.0,Lapped,0.0,2024,22,Las Vegas Grand Prix,1,0,0,19.0,100.760285714285,96.601,2.0,17.7237762237762,17.8251748251748,0.0,2.89860139860139
23,ALB,Alexander Albon,Williams,17.0,19.0,Retired,0.0,2024,22,Las Vegas Grand Prix,1,0,0,18.0,101.28084,98.008,1.0,17.7237762237762,17.8251748251748,0.0,2.89860139860139
10,GAS,Pierre Gasly,Alpine,3.0,20.0,Retired,0.0,2024,22,Las Vegas Grand Prix,1,0,0,3.0,102.464866666666,98.314,1.0,17.7237762237762,17.8251748251748,0.0,2.89860139860139
4,NOR,Lando Norris,McLaren,1.0,1.0,Finished,25.0,2025,1,Australian Grand Prix,0,1,1,1.0,103.42830188679244,82.167,3.0,18.942134831460677,15.707865168539326,0.3258426966292135,3.475280898876404
1,VER,Max Verstappen,Red Bull Racing,3.0,2.0,Finished,18.0,2025,1,Australian Grand Prix,0,0,1,3.0,103.34115094339624,83.081,3.0,18.942134831460677,15.707865168539326,0.3258426966292135,3.475280898876404
63,RUS,George Russell,Mercedes,4.0,3.0,Finished,15.0,2025,1,Australian Grand Prix,0,0,1,4.0,103.68633962264153,85.065,3.0,18.942134831460677,15.707865168539326,0.3258426966292135,3.475280898876404
12,ANT,Andrea Kimi Antonelli,Mercedes,16.0,4.0,Finished,12.0,2025,1,Australian Grand Prix,0,0,0,16.0,104.57937037037036,84.901,3.0,18.942134831460677,15.707865168539326,0.3258426966292135,3.475280898876404
23,ALB,Alexander Albon,Williams,6.0,5.0,Finished,10.0,2025,1,Australian Grand Prix,0,0,0,6.0,104.67238888888888,84.597,3.0,18.942134831460677,15.707865168539326,0.3258426966292135,3.475280898876404
18,STR,Lance Stroll,Aston Martin,13.0,6.0,Finished,8.0,2025,1,Australian Grand Prix,0,0,0,13.0,104.73012962962964,85.538,3.0,18.942134831460677,15.707865168539326,0.3258426966292135,3.475280898876404
27,HUL,Nico Hulkenberg,Kick Sauber,17.0,7.0,Finished,6.0,2025,1,Australian Grand Prix,0,0,0,17.0,104.74016666666668,85.243,3.0,18.942134831460677,15.707865168539326,0.3258426966292135,3.475280898876404
16,LEC,Charles Leclerc,Ferrari,7.0,8.0,Finished,4.0,2025,1,Australian Grand Prix,0,0,0,7.0,103.9335283018868,85.271,3.0,18.942134831460677,15.707865168539326,0.3258426966292135,3.475280898876404
81,PIA,Oscar Piastri,McLaren,2.0,9.0,Finished,2.0,2025,1,Australian Grand Prix,0,0,0,2.0,102.08446153846154,83.242,3.0,18.942134831460677,15.707865168539326,0.3258426966292135,3.475280898876404
44,HAM,Lewis Hamilton,Ferrari,8.0,10.0,Finished,1.0,2025,1,Australian Grand Prix,0,0,0,8.0,103.9671886792453,84.218,3.0,18.942134831460677,15.707865168539326,0.3258426966292135,3.475280898876404
10,GAS,Pierre Gasly,Alpine,9.0,11.0,Finished,0.0,2025,1,Australian Grand Prix,0,0,0,9.0,104.88916666666668,85.02,3.0,18.942134831460677,15.707865168539326,0.3258426966292135,3.475280898876404
22,TSU,Yuki Tsunoda,Racing Bulls,5.0,12.0,Finished,0.0,2025,1,Australian Grand Prix,0,0,0,5.0,104.08569811320756,84.194,3.0,18.942134831460677,15.707865168539326,0.3258426966292135,3.475280898876404
31,OCO,Esteban Ocon,Haas F1 Team,19.0,13.0,Finished,0.0,2025,1,Australian Grand Prix,0,0,0,19.0,103.84869811320756,86.764,3.0,18.942134831460677,15.707865168539326,0.3258426966292135,3.475280898876404
87,BEA,Oliver Bearman,Haas F1 Team,20.0,14.0,Finished,0.0,2025,1,Australian Grand Prix,0,0,0,20.0,103.8700754716981,87.603,4.0,18.942134831460677,15.707865168539326,0.3258426966292135,3.475280898876404
30,LAW,Liam Lawson,Red Bull Racing,18.0,15.0,Retired,0.0,2025,1,Australian Grand Prix,1,0,0,18.0,101.7525238095238,82.97,3.0,18.942134831460677,15.707865168539326,0.3258426966292135,3.475280898876404
5,BOR,Gabriel Bortoleto,Kick Sauber,15.0,16.0,Retired,0.0,2025,1,Australian Grand Prix,1,0,0,15.0,102.65563414634148,84.192,3.0,18.942134831460677,15.707865168539326,0.3258426966292135,3.475280898876404
14,ALO,Fernando Alonso,Aston Martin,12.0,17.0,Retired,0.0,2025,1,Australian Grand Prix,1,0,0,12.0,98.51737931034482,88.819,1.0,18.942134831460677,15.707865168539326,0.3258426966292135,3.475280898876404
55,SAI,Carlos Sainz,Williams,10.0,18.0,Retired,0.0,2025,1,Australian Grand Prix,1,0,0,10.0,,,,18.942134831460677,15.707865168539326,0.3258426966292135,3.475280898876404
7,DOO,Jack Doohan,Alpine,14.0,19.0,Retired,0.0,2025,1,Australian Grand Prix,1,0,0,14.0,,,,18.942134831460677,15.707865168539326,0.3258426966292135,3.475280898876404
6,HAD,Isack Hadjar,Racing Bulls,11.0,20.0,Retired,0.0,2025,1,Australian Grand Prix,1,0,0,11.0,,,,18.942134831460677,15.707865168539326,0.3258426966292135,3.475280898876404
81,PIA,Oscar Piastri,McLaren,1.0,1.0,Finished,25.0,2025,2,Chinese Grand Prix,0,1,1,1.0,97.41117857142856,95.52,1.0,35.81688311688312,27.21558441558442,0.0,2.188311688311688
4,NOR,Lando Norris,McLaren,3.0,2.0,Finished,18.0,2025,2,Chinese Grand Prix,0,0,1,3.0,97.58525,95.454,1.0,35.81688311688312,27.21558441558442,0.0,2.188311688311688
63,RUS,George Russell,Mercedes,2.0,3.0,Finished,15.0,2025,2,Chinese Grand Prix,0,0,1,2.0,97.60933928571428,95.816,1.0,35.81688311688312,27.21558441558442,0.0,2.188311688311688
1,VER,Max Verstappen,Red Bull Racing,4.0,4.0,Finished,12.0,2025,2,Chinese Grand Prix,0,0,0,4.0,97.70860714285712,95.488,1.0,35.81688311688312,27.21558441558442,0.0,2.188311688311688
31,OCO,Esteban Ocon,Haas F1 Team,11.0,5.0,Finished,10.0,2025,2,Chinese Grand Prix,0,0,0,11.0,98.30348214285712,95.74,1.0,35.81688311688312,27.21558441558442,0.0,2.188311688311688
12,ANT,Kimi Antonelli,Mercedes,8.0,6.0,Finished,8.0,2025,2,Chinese Grand Prix,0,0,0,8.0,98.3709642857143,96.046,1.0,35.81688311688312,27.21558441558442,0.0,2.188311688311688
23,ALB,Alexander Albon,Williams,10.0,7.0,Finished,6.0,2025,2,Chinese Grand Prix,0,0,0,10.0,98.4169107142857,96.254,1.0,35.81688311688312,27.21558441558442,0.0,2.188311688311688
87,BEA,Oliver Bearman,Haas F1 Team,17.0,8.0,Finished,4.0,2025,2,Chinese Grand Prix,0,0,0,17.0,98.505875,96.363,1.0,35.81688311688312,27.21558441558442,0.0,2.188311688311688
18,STR,Lance Stroll,Aston Martin,14.0,9.0,Finished,2.0,2025,2,Chinese Grand Prix,0,0,0,14.0,98.6648214285714,96.044,1.0,35.81688311688312,27.21558441558442,0.0,2.188311688311688
55,SAI,Carlos Sainz,Williams,15.0,10.0,Finished,1.0,2025,2,Chinese Grand Prix,0,0,0,15.0,98.77523214285712,96.779,1.0,35.81688311688312,27.21558441558442,0.0,2.188311688311688
6,HAD,Isack Hadjar,Racing Bulls,7.0,11.0,Finished,0.0,2025,2,Chinese Grand Prix,0,0,0,7.0,98.81966071428572,95.868,2.0,35.81688311688312,27.21558441558442,0.0,2.188311688311688
30,LAW,Liam Lawson,Red Bull Racing,20.0,12.0,Finished,0.0,2025,2,Chinese Grand Prix,0,0,0,20.0,98.86023214285714,95.985,3.0,35.81688311688312,27.21558441558442,0.0,2.188311688311688
7,DOO,Jack Doohan,Alpine,18.0,13.0,Finished,0.0,2025,2,Chinese Grand Prix,0,0,0,18.0,98.81119642857142,96.424,1.0,35.81688311688312,27.21558441558442,0.0,2.188311688311688
5,BOR,Gabriel Bortoleto,Kick Sauber,19.0,14.0,Lapped,0.0,2025,2,Chinese Grand Prix,1,0,0,19.0,99.37785454545455,95.874,2.0,35.81688311688312,27.21558441558442,0.0,2.188311688311688
27,HUL,Nico Hulkenberg,Kick Sauber,12.0,15.0,Lapped,0.0,2025,2,Chinese Grand Prix,1,0,0,12.0,99.55003636363637,97.275,1.0,35.81688311688312,27.21558441558442,0.0,2.188311688311688
22,TSU,Yuki Tsunoda,Racing Bulls,9.0,16.0,Lapped,0.0,2025,2,Chinese Grand Prix,1,0,0,9.0,99.60976363636364,95.871,3.0,35.81688311688312,27.21558441558442,0.0,2.188311688311688
14,ALO,Fernando Alonso,Aston Martin,13.0,17.0,Retired,0.0,2025,2,Chinese Grand Prix,1,0,0,13.0,111.3935,99.256,0.0,35.81688311688312,27.21558441558442,0.0,2.188311688311688
16,LEC,Charles Leclerc,Ferrari,6.0,18.0,Disqualified,0.0,2025,2,Chinese Grand Prix,1,0,0,6.0,97.82566071428572,96.157,1.0,35.81688311688312,27.21558441558442,0.0,2.188311688311688
44,HAM,Lewis Hamilton,Ferrari,5.0,19.0,Disqualified,0.0,2025,2,Chinese Grand Prix,1,0,0,5.0,97.86441071428573,95.069,2.0,35.81688311688312,27.21558441558442,0.0,2.188311688311688
10,GAS,Pierre Gasly,Alpine,16.0,20.0,Disqualified,0.0,2025,2,Chinese Grand Prix,1,0,0,16.0,98.6110892857143,96.425,1.0,35.81688311688312,27.21558441558442,0.0,2.188311688311688
1,VER,Max Verstappen,Red Bull Racing,1.0,1.0,Finished,25.0,2025,3,Japanese Grand Prix,0,1,1,1.0,92.96194339622642,91.041,1.0,20.51428571428572,14.429999999999998,0.0,1.202142857142857
4,NOR,Lando Norris,McLaren,2.0,2.0,Finished,18.0,2025,3,Japanese Grand Prix,0,0,1,2.0,92.98879245283018,91.116,1.0,20.51428571428572,14.429999999999998,0.0,1.202142857142857
81,PIA,Oscar Piastri,McLaren,3.0,3.0,Finished,15.0,2025,3,Japanese Grand Prix,0,0,1,3.0,93.00211320754715,91.039,1.0,20.51428571428572,14.429999999999998,0.0,1.202142857142857
16,LEC,Charles Leclerc,Ferrari,4.0,4.0,Finished,12.0,2025,3,Japanese Grand Prix,0,0,0,4.0,93.26566037735849,91.469,1.0,20.51428571428572,14.429999999999998,0.0,1.202142857142857
63,RUS,George Russell,Mercedes,5.0,5.0,Finished,10.0,2025,3,Japanese Grand Prix,0,0,0,5.0,93.2895283018868,91.357,1.0,20.51428571428572,14.429999999999998,0.0,1.202142857142857
12,ANT,Kimi Antonelli,Mercedes,6.0,6.0,Finished,8.0,2025,3,Japanese Grand Prix,0,0,0,6.0,93.31422641509435,90.965,1.0,20.51428571428572,14.429999999999998,0.0,1.202142857142857
44,HAM,Lewis Hamilton,Ferrari,8.0,7.0,Finished,6.0,2025,3,Japanese Grand Prix,0,0,0,8.0,93.51254716981131,91.406,1.0,20.51428571428572,14.429999999999998,0.0,1.202142857142857
6,HAD,Isack Hadjar,Racing Bulls,7.0,8.0,Finished,4.0,2025,3,Japanese Grand Prix,0,0,0,7.0,93.66258490566038,91.317,1.0,20.51428571428572,14.429999999999998,0.0,1.202142857142857
23,ALB,Alexander Albon,Williams,9.0,9.0,Finished,2.0,2025,3,Japanese Grand Prix,0,0,0,9.0,93.7235849056604,91.125,1.0,20.51428571428572,14.429999999999998,0.0,1.202142857142857
87,BEA,Oliver Bearman,Haas F1 Team,10.0,10.0,Finished,1.0,2025,3,Japanese Grand Prix,0,0,0,10.0,93.99079245283018,92.006,1.0,20.51428571428572,14.429999999999998,0.0,1.202142857142857
14,ALO,Fernando Alonso,Aston Martin,12.0,11.0,Finished,0.0,2025,3,Japanese Grand Prix,0,0,0,13.0,94.04369811320754,91.77,1.0,20.51428571428572,14.429999999999998,0.0,1.202142857142857
22,TSU,Yuki Tsunoda,Red Bull Racing,14.0,12.0,Finished,0.0,2025,3,Japanese Grand Prix,0,0,0,15.0,94.06384905660376,91.871,1.0,20.51428571428572,14.429999999999998,0.0,1.202142857142857
10,GAS,Pierre Gasly,Alpine,11.0,13.0,Finished,0.0,2025,3,Japanese Grand Prix,0,0,0,11.0,94.13405660377356,91.82,1.0,20.51428571428572,14.429999999999998,0.0,1.202142857142857
55,SAI,Carlos Sainz,Williams,15.0,14.0,Finished,0.0,2025,3,Japanese Grand Prix,0,0,0,12.0,94.36060377358493,91.106,1.0,20.51428571428572,14.429999999999998,0.0,1.202142857142857
7,DOO,Jack Doohan,Alpine,19.0,15.0,Finished,0.0,2025,3,Japanese Grand Prix,0,0,0,19.0,94.49616981132075,92.685,1.0,20.51428571428572,14.429999999999998,0.0,1.202142857142857
27,HUL,Nico Hulkenberg,Kick Sauber,16.0,16.0,Finished,0.0,2025,3,Japanese Grand Prix,0,0,0,16.0,94.50830188679248,92.572,1.0,20.51428571428572,14.429999999999998,0.0,1.202142857142857
30,LAW,Liam Lawson,Racing Bulls,13.0,17.0,Finished,0.0,2025,3,Japanese Grand Prix,0,0,0,14.0,94.52296226415092,92.043,1.0,20.51428571428572,14.429999999999998,0.0,1.202142857142857
31,OCO,Esteban Ocon,Haas F1 Team,18.0,18.0,Finished,0.0,2025,3,Japanese Grand Prix,0,0,0,18.0,94.53624528301889,91.967,1.0,20.51428571428572,14.429999999999998,0.0,1.202142857142857
5,BOR,Gabriel Bortoleto,Kick Sauber,17.0,19.0,Finished,0.0,2025,3,Japanese Grand Prix,0,0,0,17.0,94.54490566037737,92.034,1.0,20.51428571428572,14.429999999999998,0.0,1.202142857142857
18,STR,Lance Stroll,Aston Martin,20.0,20.0,Lapped,0.0,2025,3,Japanese Grand Prix,1,0,0,20.0,94.99830769230768,92.052,2.0,20.51428571428572,14.429999999999998,0.0,1.202142857142857
81,PIA,Oscar Piastri,McLaren,1.0,1.0,Finished,25.0,2025,4,Bahrain Grand Prix,0,1,1,1.0,99.524375,95.14,1.0,31.870253164556964,27.052531645569623,0.0,2.1056962025316457
63,RUS,George Russell,Mercedes,3.0,2.0,Finished,18.0,2025,4,Bahrain Grand Prix,0,0,1,2.0,99.94875,95.518,1.0,31.870253164556964,27.052531645569623,0.0,2.1056962025316457
4,NOR,Lando Norris,McLaren,6.0,3.0,Finished,15.0,2025,4,Bahrain Grand Prix,0,0,1,6.0,99.984,95.728,1.0,31.870253164556964,27.052531645569623,0.0,2.1056962025316457
16,LEC,Charles Leclerc,Ferrari,2.0,4.0,Finished,12.0,2025,4,Bahrain Grand Prix,0,0,0,3.0,100.01864285714284,96.132,1.0,31.870253164556964,27.052531645569623,0.0,2.1056962025316457
44,HAM,Lewis Hamilton,Ferrari,9.0,5.0,Finished,10.0,2025,4,Bahrain Grand Prix,0,0,0,9.0,100.27203571428572,96.235,1.0,31.870253164556964,27.052531645569623,0.0,2.1056962025316457
1,VER,Max Verstappen,Red Bull Racing,7.0,6.0,Finished,8.0,2025,4,Bahrain Grand Prix,0,0,0,7.0,101.29526315789474,96.167,2.0,31.870253164556964,27.052531645569623,0.0,2.1056962025316457
10,GAS,Pierre Gasly,Alpine,4.0,7.0,Finished,6.0,2025,4,Bahrain Grand Prix,0,0,0,5.0,101.32345614035088,96.531,2.0,31.870253164556964,27.052531645569623,0.0,2.1056962025316457
31,OCO,Esteban Ocon,Haas F1 Team,14.0,8.0,Finished,4.0,2025,4,Bahrain Grand Prix,0,0,0,14.0,101.46805263157894,97.098,2.0,31.870253164556964,27.052531645569623,0.0,2.1056962025316457
22,TSU,Yuki Tsunoda,Red Bull Racing,10.0,9.0,Finished,2.0,2025,4,Bahrain Grand Prix,0,0,0,10.0,100.58903571428571,97.225,1.0,31.870253164556964,27.052531645569623,0.0,2.1056962025316457
87,BEA,Oliver Bearman,Haas F1 Team,20.0,10.0,Finished,1.0,2025,4,Bahrain Grand Prix,0,0,0,20.0,101.52682456140352,97.303,2.0,31.870253164556964,27.052531645569623,0.0,2.1056962025316457
12,ANT,Kimi Antonelli,Mercedes,5.0,11.0,Finished,0.0,2025,4,Bahrain Grand Prix,0,0,0,4.0,100.64744642857144,96.69,2.0,31.870253164556964,27.052531645569623,0.0,2.1056962025316457
23,ALB,Alexander Albon,Williams,15.0,12.0,Finished,0.0,2025,4,Bahrain Grand Prix,0,0,0,15.0,100.66335714285717,97.141,1.0,31.870253164556964,27.052531645569623,0.0,2.1056962025316457
6,HAD,Isack Hadjar,Racing Bulls,12.0,13.0,Finished,0.0,2025,4,Bahrain Grand Prix,0,0,0,12.0,101.67980701754384,96.952,2.0,31.870253164556964,27.052531645569623,0.0,2.1056962025316457
7,DOO,Jack Doohan,Alpine,11.0,14.0,Finished,0.0,2025,4,Bahrain Grand Prix,0,0,0,11.0,101.61826315789472,96.682,2.0,31.870253164556964,27.052531645569623,0.0,2.1056962025316457
14,ALO,Fernando Alonso,Aston Martin,13.0,15.0,Finished,0.0,2025,4,Bahrain Grand Prix,0,0,0,13.0,100.85835714285714,97.906,1.0,31.870253164556964,27.052531645569623,0.0,2.1056962025316457
30,LAW,Liam Lawson,Racing Bulls,17.0,16.0,Finished,0.0,2025,4,Bahrain Grand Prix,0,0,0,17.0,100.65635714285716,97.38,1.0,31.870253164556964,27.052531645569623,0.0,2.1056962025316457
18,STR,Lance Stroll,Aston Martin,19.0,17.0,Finished,0.0,2025,4,Bahrain Grand Prix,0,0,0,19.0,100.934,98.064,1.0,31.870253164556964,27.052531645569623,0.0,2.1056962025316457
5,BOR,Gabriel Bortoleto,Kick Sauber,18.0,18.0,Finished,0.0,2025,4,Bahrain Grand Prix,0,0,0,18.0,100.97157142857144,98.006,1.0,31.870253164556964,27.052531645569623,0.0,2.1056962025316457
55,SAI,Carlos Sainz,Williams,8.0,19.0,Retired,0.0,2025,4,Bahrain Grand Prix,1,0,0,8.0,102.38295454545457,96.954,2.0,31.870253164556964,27.052531645569623,0.0,2.1056962025316457
27,HUL,Nico Hulkenberg,Kick Sauber,16.0,20.0,Disqualified,0.0,2025,4,Bahrain Grand Prix,1,0,0,16.0,101.62994736842106,97.338,2.0,31.870253164556964,27.052531645569623,0.0,2.1056962025316457
81,PIA,Oscar Piastri,McLaren,2.0,1.0,Finished,25.0,2025,5,Saudi Arabian Grand Prix,0,1,1,2.0,94.32264583333334,92.228,1.0,37.81971830985916,29.4838028169014,0.0,1.0260563380281689
1,VER,Max Verstappen,Red Bull Racing,1.0,2.0,Finished,18.0,2025,5,Saudi Arabian Grand Prix,0,0,1,1.0,94.35722916666668,92.28,1.0,37.81971830985916,29.4838028169014,0.0,1.0260563380281689
16,LEC,Charles Leclerc,Ferrari,4.0,3.0,Finished,15.0,2025,5,Saudi Arabian Grand Prix,0,0,1,4.0,94.54710416666668,92.192,1.0,37.81971830985916,29.4838028169014,0.0,1.0260563380281689
4,NOR,Lando Norris,McLaren,10.0,4.0,Finished,12.0,2025,5,Saudi Arabian Grand Prix,0,0,0,10.0,94.71422916666668,91.778,1.0,37.81971830985916,29.4838028169014,0.0,1.0260563380281689
63,RUS,George Russell,Mercedes,3.0,5.0,Finished,10.0,2025,5,Saudi Arabian Grand Prix,0,0,0,3.0,94.93283333333332,92.893,1.0,37.81971830985916,29.4838028169014,0.0,1.0260563380281689
12,ANT,Kimi Antonelli,Mercedes,5.0,6.0,Finished,8.0,2025,5,Saudi Arabian Grand Prix,0,0,0,5.0,95.12464583333332,92.396,1.0,37.81971830985916,29.4838028169014,0.0,1.0260563380281689
44,HAM,Lewis Hamilton,Ferrari,7.0,7.0,Finished,6.0,2025,5,Saudi Arabian Grand Prix,0,0,0,7.0,95.27227083333332,92.6,1.0,37.81971830985916,29.4838028169014,0.0,1.0260563380281689
55,SAI,Carlos Sainz,Williams,6.0,8.0,Finished,4.0,2025,5,Saudi Arabian Grand Prix,0,0,0,6.0,95.82191666666668,92.466,1.0,37.81971830985916,29.4838028169014,0.0,1.0260563380281689
23,ALB,Alexander Albon,Williams,11.0,9.0,Finished,2.0,2025,5,Saudi Arabian Grand Prix,0,0,0,11.0,95.92666666666666,93.477,1.0,37.81971830985916,29.4838028169014,0.0,1.0260563380281689
6,HAD,Isack Hadjar,Racing Bulls,14.0,10.0,Finished,1.0,2025,5,Saudi Arabian Grand Prix,0,0,0,14.0,96.00102083333331,93.257,1.0,37.81971830985916,29.4838028169014,0.0,1.0260563380281689
14,ALO,Fernando Alonso,Aston Martin,13.0,11.0,Finished,0.0,2025,5,Saudi Arabian Grand Prix,0,0,0,13.0,96.13520833333332,93.009,1.0,37.81971830985916,29.4838028169014,0.0,1.0260563380281689
30,LAW,Liam Lawson,Racing Bulls,12.0,12.0,Finished,0.0,2025,5,Saudi Arabian Grand Prix,0,0,0,12.0,96.06504166666669,92.998,1.0,37.81971830985916,29.4838028169014,0.0,1.0260563380281689
87,BEA,Oliver Bearman,Haas F1 Team,15.0,13.0,Finished,0.0,2025,5,Saudi Arabian Grand Prix,0,0,0,15.0,96.305375,93.238,1.0,37.81971830985916,29.4838028169014,0.0,1.0260563380281689
31,OCO,Esteban Ocon,Haas F1 Team,19.0,14.0,Finished,0.0,2025,5,Saudi Arabian Grand Prix,0,0,0,19.0,96.80141666666668,94.309,0.0,37.81971830985916,29.4838028169014,0.0,1.0260563380281689
27,HUL,Nico Hulkenberg,Kick Sauber,18.0,15.0,Lapped,0.0,2025,5,Saudi Arabian Grand Prix,1,0,0,18.0,96.80902127659576,93.446,1.0,37.81971830985916,29.4838028169014,0.0,1.0260563380281689
18,STR,Lance Stroll,Aston Martin,16.0,16.0,Lapped,0.0,2025,5,Saudi Arabian Grand Prix,1,0,0,16.0,96.8071489361702,92.745,1.0,37.81971830985916,29.4838028169014,0.0,1.0260563380281689
7,DOO,Jack Doohan,Alpine,17.0,17.0,Lapped,0.0,2025,5,Saudi Arabian Grand Prix,1,0,0,17.0,97.13621276595744,93.15,1.0,37.81971830985916,29.4838028169014,0.0,1.0260563380281689
5,BOR,Gabriel Bortoleto,Kick Sauber,20.0,18.0,Lapped,0.0,2025,5,Saudi Arabian Grand Prix,1,0,0,20.0,97.15089361702128,94.447,0.0,37.81971830985916,29.4838028169014,0.0,1.0260563380281689
22,TSU,Yuki Tsunoda,Red Bull Racing,8.0,19.0,Retired,0.0,2025,5,Saudi Arabian Grand Prix,1,0,0,8.0,165.662,165.662,0.0,37.81971830985916,29.4838028169014,0.0,1.0260563380281689
10,GAS,Pierre Gasly,Alpine,9.0,20.0,Retired,0.0,2025,5,Saudi Arabian Grand Prix,1,0,0,9.0,,,,37.81971830985916,29.4838028169014,0.0,1.0260563380281689
81,PIA,Oscar Piastri,McLaren,4.0,1.0,Finished,25.0,2025,6,Miami Grand Prix,0,1,1,4.0,93.53661403508772,89.822,1.0,38.69060402684564,26.573154362416112,0.0335570469798657,1.046979865771812
4,NOR,Lando Norris,McLaren,2.0,2.0,Finished,18.0,2025,6,Miami Grand Prix,0,0,1,2.0,93.61784210526316,89.746,1.0,38.69060402684564,26.573154362416112,0.0335570469798657,1.046979865771812
63,RUS,George Russell,Mercedes,5.0,3.0,Finished,15.0,2025,6,Miami Grand Prix,0,0,1,5.0,94.1970350877193,90.318,1.0,38.69060402684564,26.573154362416112,0.0335570469798657,1.046979865771812
1,VER,Max Verstappen,Red Bull Racing,1.0,4.0,Finished,12.0,2025,6,Miami Grand Prix,0,0,0,1.0,94.23759649122806,90.466,1.0,38.69060402684564,26.573154362416112,0.0335570469798657,1.046979865771812
23,ALB,Alexander Albon,Williams,7.0,5.0,Finished,10.0,2025,6,Miami Grand Prix,0,0,0,7.0,94.37989473684212,90.482,1.0,38.69060402684564,26.573154362416112,0.0335570469798657,1.046979865771812
12,ANT,Kimi Antonelli,Mercedes,3.0,6.0,Finished,8.0,2025,6,Miami Grand Prix,0,0,0,3.0,94.51033333333334,90.795,1.0,38.69060402684564,26.573154362416112,0.0335570469798657,1.046979865771812
16,LEC,Charles Leclerc,Ferrari,8.0,7.0,Finished,6.0,2025,6,Miami Grand Prix,0,0,0,8.0,94.53724561403509,90.461,1.0,38.69060402684564,26.573154362416112,0.0335570469798657,1.046979865771812
44,HAM,Lewis Hamilton,Ferrari,12.0,8.0,Finished,4.0,2025,6,Miami Grand Prix,0,0,0,12.0,94.59250877192984,90.562,1.0,38.69060402684564,26.573154362416112,0.0335570469798657,1.046979865771812
55,SAI,Carlos Sainz,Williams,6.0,9.0,Finished,2.0,2025,6,Miami Grand Prix,0,0,0,6.0,94.59936842105265,90.703,1.0,38.69060402684564,26.573154362416112,0.0335570469798657,1.046979865771812
22,TSU,Yuki Tsunoda,Red Bull Racing,10.0,10.0,Finished,1.0,2025,6,Miami Grand Prix,0,0,0,10.0,94.7547543859649,90.964,1.0,38.69060402684564,26.573154362416112,0.0335570469798657,1.046979865771812
6,HAD,Isack Hadjar,Racing Bulls,11.0,11.0,Finished,0.0,2025,6,Miami Grand Prix,0,0,0,11.0,94.84542105263158,90.971,1.0,38.69060402684564,26.573154362416112,0.0335570469798657,1.046979865771812
31,OCO,Esteban Ocon,Haas F1 Team,9.0,12.0,Finished,0.0,2025,6,Miami Grand Prix,0,0,0,9.0,94.97531578947368,91.122,1.0,38.69060402684564,26.573154362416112,0.0335570469798657,1.046979865771812
10,GAS,Pierre Gasly,Alpine,20.0,13.0,Finished,0.0,2025,6,Miami Grand Prix,0,0,0,18.0,95.12336842105265,91.159,2.0,38.69060402684564,26.573154362416112,0.0335570469798657,1.046979865771812
27,HUL,Nico Hulkenberg,Kick Sauber,16.0,14.0,Lapped,0.0,2025,6,Miami Grand Prix,1,0,0,16.0,95.22753571428572,91.015,1.0,38.69060402684564,26.573154362416112,0.0335570469798657,1.046979865771812
14,ALO,Fernando Alonso,Aston Martin,17.0,15.0,Lapped,0.0,2025,6,Miami Grand Prix,1,0,0,17.0,95.5815357142857,91.287,1.0,38.69060402684564,26.573154362416112,0.0335570469798657,1.046979865771812
18,STR,Lance Stroll,Aston Martin,18.0,16.0,Lapped,0.0,2025,6,Miami Grand Prix,1,0,0,19.0,95.65623214285714,91.769,1.0,38.69060402684564,26.573154362416112,0.0335570469798657,1.046979865771812
30,LAW,Liam Lawson,Racing Bulls,15.0,17.0,Retired,0.0,2025,6,Miami Grand Prix,1,0,0,15.0,98.51419444444444,91.77,1.0,38.69060402684564,26.573154362416112,0.0335570469798657,1.046979865771812
5,BOR,Gabriel Bortoleto,Kick Sauber,13.0,18.0,Retired,0.0,2025,6,Miami Grand Prix,1,0,0,13.0,98.1153,92.328,1.0,38.69060402684564,26.573154362416112,0.0335570469798657,1.046979865771812
87,BEA,Oliver Bearman,Haas F1 Team,19.0,19.0,Retired,0.0,2025,6,Miami Grand Prix,1,0,0,20.0,95.95455555555556,92.68,0.0,38.69060402684564,26.573154362416112,0.0335570469798657,1.046979865771812
7,DOO,Jack Doohan,Alpine,14.0,20.0,Retired,0.0,2025,6,Miami Grand Prix,1,0,0,14.0,,,,38.69060402684564,26.573154362416112,0.0335570469798657,1.046979865771812
1,VER,Max Verstappen,Red Bull Racing,2.0,1.0,Finished,25.0,2025,7,Emilia Romagna Grand Prix,0,1,1,2.0,87.19363492063492,77.988,2.0,42.664,23.964666666666663,0.0,3.248
4,NOR,Lando Norris,McLaren,4.0,2.0,Finished,18.0,2025,7,Emilia Romagna Grand Prix,0,0,1,4.0,87.29060317460318,78.311,2.0,42.664,23.964666666666663,0.0,3.248
81,PIA,Oscar Piastri,McLaren,1.0,3.0,Finished,15.0,2025,7,Emilia Romagna Grand Prix,0,0,1,1.0,87.39928571428571,78.894,2.0,42.664,23.964666666666663,0.0,3.248
44,HAM,Lewis Hamilton,Ferrari,12.0,4.0,Finished,12.0,2025,7,Emilia Romagna Grand Prix,0,0,0,12.0,87.42150793650794,78.265,2.0,42.664,23.964666666666663,0.0,3.248
23,ALB,Alexander Albon,Williams,7.0,5.0,Finished,10.0,2025,7,Emilia Romagna Grand Prix,0,0,0,7.0,87.4784761904762,78.289,2.0,42.664,23.964666666666663,0.0,3.248
16,LEC,Charles Leclerc,Ferrari,11.0,6.0,Finished,8.0,2025,7,Emilia Romagna Grand Prix,0,0,0,11.0,87.52338095238095,79.048,2.0,42.664,23.964666666666663,0.0,3.248
63,RUS,George Russell,Mercedes,3.0,7.0,Finished,6.0,2025,7,Emilia Romagna Grand Prix,0,0,0,3.0,87.54338095238096,79.733,2.0,42.664,23.964666666666663,0.0,3.248
55,SAI,Carlos Sainz,Williams,6.0,8.0,Finished,4.0,2025,7,Emilia Romagna Grand Prix,0,0,0,6.0,87.55709523809523,79.836,2.0,42.664,23.964666666666663,0.0,3.248
6,HAD,Isack Hadjar,Racing Bulls,9.0,9.0,Finished,2.0,2025,7,Emilia Romagna Grand Prix,0,0,0,9.0,87.56801587301587,79.473,2.0,42.664,23.964666666666663,0.0,3.248
22,TSU,Yuki Tsunoda,Red Bull Racing,20.0,10.0,Finished,1.0,2025,7,Emilia Romagna Grand Prix,0,0,0,20.0,87.6134126984127,80.039,2.0,42.664,23.964666666666663,0.0,3.248
14,ALO,Fernando Alonso,Aston Martin,5.0,11.0,Finished,0.0,2025,7,Emilia Romagna Grand Prix,0,0,0,5.0,87.62617460317462,79.894,2.0,42.664,23.964666666666663,0.0,3.248
27,HUL,Nico Hulkenberg,Kick Sauber,17.0,12.0,Finished,0.0,2025,7,Emilia Romagna Grand Prix,0,0,0,17.0,87.6745238095238,80.401,1.0,42.664,23.964666666666663,0.0,3.248
10,GAS,Pierre Gasly,Alpine,10.0,13.0,Finished,0.0,2025,7,Emilia Romagna Grand Prix,0,0,0,10.0,87.69242857142856,80.398,2.0,42.664,23.964666666666663,0.0,3.248
30,LAW,Liam Lawson,Racing Bulls,15.0,14.0,Finished,0.0,2025,7,Emilia Romagna Grand Prix,0,0,0,16.0,87.70968253968255,80.473,2.0,42.664,23.964666666666663,0.0,3.248
18,STR,Lance Stroll,Aston Martin,8.0,15.0,Finished,0.0,2025,7,Emilia Romagna Grand Prix,0,0,0,8.0,87.71733333333333,80.501,2.0,42.664,23.964666666666663,0.0,3.248
43,COL,Franco Colapinto,Alpine,16.0,16.0,Finished,0.0,2025,7,Emilia Romagna Grand Prix,0,0,0,15.0,87.72396825396825,80.345,2.0,42.664,23.964666666666663,0.0,3.248
87,BEA,Oliver Bearman,Haas F1 Team,19.0,17.0,Finished,0.0,2025,7,Emilia Romagna Grand Prix,0,0,0,19.0,87.73026984126983,79.521,2.0,42.664,23.964666666666663,0.0,3.248
5,BOR,Gabriel Bortoleto,Kick Sauber,14.0,18.0,Finished,0.0,2025,7,Emilia Romagna Grand Prix,0,0,0,14.0,87.80588888888889,80.63,3.0,42.664,23.964666666666663,0.0,3.248
12,ANT,Kimi Antonelli,Mercedes,13.0,19.0,Retired,0.0,2025,7,Emilia Romagna Grand Prix,1,0,0,13.0,83.85781818181819,80.62,1.0,42.664,23.964666666666663,0.0,3.248
31,OCO,Esteban Ocon,Haas F1 Team,18.0,20.0,Retired,0.0,2025,7,Emilia Romagna Grand Prix,1,0,0,18.0,83.79018518518518,81.413,1.0,42.664,23.964666666666663,0.0,3.248
4,NOR,Lando Norris,McLaren,1.0,1.0,Finished,25.0,2025,8,Monaco Grand Prix,0,1,1,1.0,77.35696153846153,73.221,2.0,43.3175,22.209375,0.0,0.979375
16,LEC,Charles Leclerc,Ferrari,2.0,2.0,Finished,18.0,2025,8,Monaco Grand Prix,0,0,1,2.0,77.39710256410257,74.055,2.0,43.3175,22.209375,0.0,0.979375
81,PIA,Oscar Piastri,McLaren,3.0,3.0,Finished,15.0,2025,8,Monaco Grand Prix,0,0,1,3.0,77.40385897435898,73.745,2.0,43.3175,22.209375,0.0,0.979375
1,VER,Max Verstappen,Red Bull Racing,4.0,4.0,Finished,12.0,2025,8,Monaco Grand Prix,0,0,0,5.0,77.62070512820513,74.23,2.0,43.3175,22.209375,0.0,0.979375
44,HAM,Lewis Hamilton,Ferrari,7.0,5.0,Finished,10.0,2025,8,Monaco Grand Prix,0,0,0,4.0,78.01576923076924,74.09,2.0,43.3175,22.209375,0.0,0.979375
6,HAD,Isack Hadjar,Racing Bulls,5.0,6.0,Lapped,8.0,2025,8,Monaco Grand Prix,1,0,0,6.0,79.20681818181818,75.981,2.0,43.3175,22.209375,0.0,0.979375
31,OCO,Esteban Ocon,Haas F1 Team,8.0,7.0,Lapped,6.0,2025,8,Monaco Grand Prix,1,0,0,8.0,79.21911688311688,75.157,2.0,43.3175,22.209375,0.0,0.979375
30,LAW,Liam Lawson,Racing Bulls,9.0,8.0,Lapped,4.0,2025,8,Monaco Grand Prix,1,0,0,9.0,79.22842857142857,75.321,2.0,43.3175,22.209375,0.0,0.979375
23,ALB,Alexander Albon,Williams,10.0,9.0,Lapped,2.0,2025,8,Monaco Grand Prix,1,0,0,10.0,79.54884210526316,74.597,2.0,43.3175,22.209375,0.0,0.979375
55,SAI,Carlos Sainz,Williams,11.0,10.0,Lapped,1.0,2025,8,Monaco Grand Prix,1,0,0,11.0,79.59309210526315,73.988,2.0,43.3175,22.209375,0.0,0.979375
63,RUS,George Russell,Mercedes,14.0,11.0,Lapped,0.0,2025,8,Monaco Grand Prix,1,0,0,14.0,79.83798684210527,73.405,3.0,43.3175,22.209375,0.0,0.979375
87,BEA,Oliver Bearman,Haas F1 Team,20.0,12.0,Lapped,0.0,2025,8,Monaco Grand Prix,1,0,0,17.0,80.11231578947368,74.855,2.0,43.3175,22.209375,0.0,0.979375
43,COL,Franco Colapinto,Alpine,18.0,13.0,Lapped,0.0,2025,8,Monaco Grand Prix,1,0,0,20.0,80.14417105263158,75.298,2.0,43.3175,22.209375,0.0,0.979375
5,BOR,Gabriel Bortoleto,Kick Sauber,16.0,14.0,Lapped,0.0,2025,8,Monaco Grand Prix,1,0,0,16.0,80.29298684210526,74.884,3.0,43.3175,22.209375,0.0,0.979375
18,STR,Lance Stroll,Aston Martin,19.0,15.0,Lapped,0.0,2025,8,Monaco Grand Prix,1,0,0,19.0,80.31892105263158,74.877,2.0,43.3175,22.209375,0.0,0.979375
27,HUL,Nico Hulkenberg,Kick Sauber,13.0,16.0,Lapped,0.0,2025,8,Monaco Grand Prix,1,0,0,13.0,80.3340394736842,75.223,2.0,43.3175,22.209375,0.0,0.979375
22,TSU,Yuki Tsunoda,Red Bull Racing,12.0,17.0,Lapped,0.0,2025,8,Monaco Grand Prix,1,0,0,12.0,80.33805263157895,74.913,2.0,43.3175,22.209375,0.0,0.979375
12,ANT,Kimi Antonelli,Mercedes,15.0,18.0,Lapped,0.0,2025,8,Monaco Grand Prix,1,0,0,15.0,80.56336,73.518,2.0,43.3175,22.209375,0.0,0.979375
14,ALO,Fernando Alonso,Aston Martin,6.0,19.0,Retired,0.0,2025,8,Monaco Grand Prix,1,0,0,7.0,80.75283333333333,75.593,1.0,43.3175,22.209375,0.0,0.979375
10,GAS,Pierre Gasly,Alpine,17.0,20.0,Retired,0.0,2025,8,Monaco Grand Prix,1,0,0,18.0,93.94414285714286,78.054,1.0,43.3175,22.209375,0.0,0.979375
81,PIA,Oscar Piastri,McLaren,1.0,1.0,Finished,25.0,2025,9,Spanish Grand Prix,0,1,1,1.0,84.50568181818181,75.743,3.0,48.54322580645161,29.12,0.0,1.6329032258064518
4,NOR,Lando Norris,McLaren,2.0,2.0,Finished,18.0,2025,9,Spanish Grand Prix,0,0,1,2.0,84.54312121212122,76.187,3.0,48.54322580645161,29.12,0.0,1.6329032258064518
16,LEC,Charles Leclerc,Ferrari,7.0,3.0,Finished,15.0,2025,9,Spanish Grand Prix,0,0,1,7.0,84.6640909090909,77.259,3.0,48.54322580645161,29.12,0.0,1.6329032258064518
63,RUS,George Russell,Mercedes,4.0,4.0,Finished,12.0,2025,9,Spanish Grand Prix,0,0,0,4.0,84.67778787878788,77.244,3.0,48.54322580645161,29.12,0.0,1.6329032258064518
27,HUL,Nico Hulkenberg,Kick Sauber,15.0,5.0,Finished,10.0,2025,9,Spanish Grand Prix,0,0,0,16.0,84.7124696969697,77.575,3.0,48.54322580645161,29.12,0.0,1.6329032258064518
44,HAM,Lewis Hamilton,Ferrari,5.0,6.0,Finished,8.0,2025,9,Spanish Grand Prix,0,0,0,5.0,84.74065151515151,77.706,3.0,48.54322580645161,29.12,0.0,1.6329032258064518
6,HAD,Isack Hadjar,Racing Bulls,9.0,7.0,Finished,6.0,2025,9,Spanish Grand Prix,0,0,0,9.0,84.74843939393939,77.77,3.0,48.54322580645161,29.12,0.0,1.6329032258064518
10,GAS,Pierre Gasly,Alpine,8.0,8.0,Finished,4.0,2025,9,Spanish Grand Prix,0,0,0,8.0,84.7766212121212,77.896,3.0,48.54322580645161,29.12,0.0,1.6329032258064518
14,ALO,Fernando Alonso,Aston Martin,10.0,9.0,Finished,2.0,2025,9,Spanish Grand Prix,0,0,0,10.0,84.8324090909091,78.128,3.0,48.54322580645161,29.12,0.0,1.6329032258064518
1,VER,Max Verstappen,Red Bull Racing,3.0,10.0,Finished,1.0,2025,9,Spanish Grand Prix,0,0,0,3.0,84.68486363636363,77.019,4.0,48.54322580645161,29.12,0.0,1.6329032258064518
30,LAW,Liam Lawson,Racing Bulls,13.0,11.0,Finished,0.0,2025,9,Spanish Grand Prix,0,0,0,13.0,84.8925303030303,79.424,2.0,48.54322580645161,29.12,0.0,1.6329032258064518
5,BOR,Gabriel Bortoleto,Kick Sauber,12.0,12.0,Finished,0.0,2025,9,Spanish Grand Prix,0,0,0,12.0,84.8995606060606,78.297,2.0,48.54322580645161,29.12,0.0,1.6329032258064518
22,TSU,Yuki Tsunoda,Red Bull Racing,19.0,13.0,Finished,0.0,2025,9,Spanish Grand Prix,0,0,0,20.0,84.9423787878788,77.998,5.0,48.54322580645161,29.12,0.0,1.6329032258064518
55,SAI,Carlos Sainz,Williams,17.0,14.0,Finished,0.0,2025,9,Spanish Grand Prix,0,0,0,18.0,84.94975757575757,79.317,3.0,48.54322580645161,29.12,0.0,1.6329032258064518
43,COL,Franco Colapinto,Alpine,18.0,15.0,Finished,0.0,2025,9,Spanish Grand Prix,0,0,0,19.0,84.98115151515152,78.353,3.0,48.54322580645161,29.12,0.0,1.6329032258064518
31,OCO,Esteban Ocon,Haas F1 Team,16.0,16.0,Finished,0.0,2025,9,Spanish Grand Prix,0,0,0,17.0,84.99351515151515,78.624,2.0,48.54322580645161,29.12,0.0,1.6329032258064518
87,BEA,Oliver Bearman,Haas F1 Team,14.0,17.0,Finished,0.0,2025,9,Spanish Grand Prix,0,0,0,15.0,84.91575757575757,78.907,3.0,48.54322580645161,29.12,0.0,1.6329032258064518
12,ANT,Kimi Antonelli,Mercedes,6.0,18.0,Retired,0.0,2025,9,Spanish Grand Prix,1,0,0,6.0,82.07418867924528,78.255,2.0,48.54322580645161,29.12,0.0,1.6329032258064518
23,ALB,Alexander Albon,Williams,11.0,19.0,Retired,0.0,2025,9,Spanish Grand Prix,1,0,0,11.0,85.30177777777779,80.508,2.0,48.54322580645161,29.12,0.0,1.6329032258064518
63,RUS,George Russell,Mercedes,1.0,1.0,Finished,25.0,2025,10,Canadian Grand Prix,0,1,1,1.0,78.75268571428572,74.119,5.0,49.25329341317366,24.036526946107788,0.0059880239520958,1.0377245508982034
1,VER,Max Verstappen,Red Bull Racing,2.0,2.0,Finished,18.0,2025,10,Canadian Grand Prix,0,0,1,2.0,78.75594285714286,74.287,5.0,49.25329341317366,24.036526946107788,0.0059880239520958,1.0377245508982034
12,ANT,Kimi Antonelli,Mercedes,4.0,3.0,Finished,15.0,2025,10,Canadian Grand Prix,0,0,1,4.0,78.76717142857143,74.455,5.0,49.25329341317366,24.036526946107788,0.0059880239520958,1.0377245508982034
81,PIA,Oscar Piastri,McLaren,3.0,4.0,Finished,12.0,2025,10,Canadian Grand Prix,0,0,0,3.0,78.7828142857143,74.255,5.0,49.25329341317366,24.036526946107788,0.0059880239520958,1.0377245508982034
16,LEC,Charles Leclerc,Ferrari,8.0,5.0,Finished,10.0,2025,10,Canadian Grand Prix,0,0,0,8.0,78.80185714285714,74.261,5.0,49.25329341317366,24.036526946107788,0.0059880239520958,1.0377245508982034
44,HAM,Lewis Hamilton,Ferrari,5.0,6.0,Finished,8.0,2025,10,Canadian Grand Prix,0,0,0,5.0,78.90572857142857,74.805,5.0,49.25329341317366,24.036526946107788,0.0059880239520958,1.0377245508982034
14,ALO,Fernando Alonso,Aston Martin,6.0,7.0,Finished,6.0,2025,10,Canadian Grand Prix,0,0,0,6.0,78.90942857142856,75.024,6.0,49.25329341317366,24.036526946107788,0.0059880239520958,1.0377245508982034
27,HUL,Nico Hulkenberg,Kick Sauber,11.0,8.0,Finished,4.0,2025,10,Canadian Grand Prix,0,0,0,13.0,78.97217142857143,75.372,5.0,49.25329341317366,24.036526946107788,0.0059880239520958,1.0377245508982034
31,OCO,Esteban Ocon,Haas F1 Team,14.0,9.0,Lapped,2.0,2025,10,Canadian Grand Prix,1,0,0,15.0,79.9153768115942,74.593,4.0,49.25329341317366,24.036526946107788,0.0059880239520958,1.0377245508982034
55,SAI,Carlos Sainz,Williams,16.0,10.0,Lapped,1.0,2025,10,Canadian Grand Prix,1,0,0,17.0,79.92136231884058,74.389,4.0,49.25329341317366,24.036526946107788,0.0059880239520958,1.0377245508982034
87,BEA,Oliver Bearman,Haas F1 Team,13.0,11.0,Lapped,0.0,2025,10,Canadian Grand Prix,1,0,0,14.0,79.94789855072463,75.397,4.0,49.25329341317366,24.036526946107788,0.0059880239520958,1.0377245508982034
22,TSU,Yuki Tsunoda,Red Bull Racing,18.0,12.0,Lapped,0.0,2025,10,Canadian Grand Prix,1,0,0,11.0,79.97310144927536,75.358,4.0,49.25329341317366,24.036526946107788,0.0059880239520958,1.0377245508982034
43,COL,Franco Colapinto,Alpine,10.0,13.0,Lapped,0.0,2025,10,Canadian Grand Prix,1,0,0,12.0,79.99573913043479,76.076,4.0,49.25329341317366,24.036526946107788,0.0059880239520958,1.0377245508982034
5,BOR,Gabriel Bortoleto,Kick Sauber,15.0,14.0,Lapped,0.0,2025,10,Canadian Grand Prix,1,0,0,16.0,80.00821739130434,75.414,4.0,49.25329341317366,24.036526946107788,0.0059880239520958,1.0377245508982034
10,GAS,Pierre Gasly,Alpine,20.0,15.0,Lapped,0.0,2025,10,Canadian Grand Prix,1,0,0,20.0,80.00924637681159,74.993,5.0,49.25329341317366,24.036526946107788,0.0059880239520958,1.0377245508982034
6,HAD,Isack Hadjar,Racing Bulls,12.0,16.0,Lapped,0.0,2025,10,Canadian Grand Prix,1,0,0,9.0,80.02065217391305,76.292,4.0,49.25329341317366,24.036526946107788,0.0059880239520958,1.0377245508982034
18,STR,Lance Stroll,Aston Martin,17.0,17.0,Lapped,0.0,2025,10,Canadian Grand Prix,1,0,0,18.0,80.0253768115942,74.902,5.0,49.25329341317366,24.036526946107788,0.0059880239520958,1.0377245508982034
4,NOR,Lando Norris,McLaren,7.0,18.0,Retired,0.0,2025,10,Canadian Grand Prix,1,0,0,7.0,76.32530303030303,74.229,2.0,49.25329341317366,24.036526946107788,0.0059880239520958,1.0377245508982034
30,LAW,Liam Lawson,Racing Bulls,19.0,19.0,Retired,0.0,2025,10,Canadian Grand Prix,1,0,0,19.0,78.42022641509433,76.32,2.0,49.25329341317366,24.036526946107788,0.0059880239520958,1.0377245508982034
23,ALB,Alexander Albon,Williams,9.0,20.0,Retired,0.0,2025,10,Canadian Grand Prix,1,0,0,10.0,78.32782608695652,76.197,1.0,49.25329341317366,24.036526946107788,0.0059880239520958,1.0377245508982034
4,NOR,Lando Norris,McLaren,1.0,1.0,Finished,25.0,2025,11,Austrian Grand Prix,0,1,1,1.0,71.82418571428572,68.272,2.0,49.1664596273292,30.347826086956523,0.0,1.6180124223602483
81,PIA,Oscar Piastri,McLaren,3.0,2.0,Finished,18.0,2025,11,Austrian Grand Prix,0,0,1,3.0,71.86268571428572,67.924,2.0,49.1664596273292,30.347826086956523,0.0,1.6180124223602483
16,LEC,Charles Leclerc,Ferrari,2.0,3.0,Finished,15.0,2025,11,Austrian Grand Prix,0,0,1,2.0,72.10732857142857,68.765,2.0,49.1664596273292,30.347826086956523,0.0,1.6180124223602483
44,HAM,Lewis Hamilton,Ferrari,4.0,4.0,Finished,12.0,2025,11,Austrian Grand Prix,0,0,0,4.0,72.23875714285714,68.628,2.0,49.1664596273292,30.347826086956523,0.0,1.6180124223602483
63,RUS,George Russell,Mercedes,5.0,5.0,Finished,10.0,2025,11,Austrian Grand Prix,0,0,0,5.0,72.71555714285714,69.372,2.0,49.1664596273292,30.347826086956523,0.0,1.6180124223602483
30,LAW,Liam Lawson,Racing Bulls,6.0,6.0,Finished,8.0,2025,11,Austrian Grand Prix,0,0,0,6.0,72.7921,69.977,1.0,49.1664596273292,30.347826086956523,0.0,1.6180124223602483
14,ALO,Fernando Alonso,Aston Martin,11.0,7.0,Lapped,6.0,2025,11,Austrian Grand Prix,1,0,0,11.0,72.88594202898551,69.935,1.0,49.1664596273292,30.347826086956523,0.0,1.6180124223602483
5,BOR,Gabriel Bortoleto,Kick Sauber,8.0,8.0,Lapped,4.0,2025,11,Austrian Grand Prix,1,0,0,8.0,72.89340579710145,69.247,2.0,49.1664596273292,30.347826086956523,0.0,1.6180124223602483
27,HUL,Nico Hulkenberg,Kick Sauber,20.0,9.0,Lapped,2.0,2025,11,Austrian Grand Prix,1,0,0,20.0,72.977,69.459,2.0,49.1664596273292,30.347826086956523,0.0,1.6180124223602483
31,OCO,Esteban Ocon,Haas F1 Team,17.0,10.0,Lapped,1.0,2025,11,Austrian Grand Prix,1,0,0,17.0,73.00984057971014,69.55,2.0,49.1664596273292,30.347826086956523,0.0,1.6180124223602483
87,BEA,Oliver Bearman,Haas F1 Team,15.0,11.0,Lapped,0.0,2025,11,Austrian Grand Prix,1,0,0,15.0,73.2253188405797,69.96,2.0,49.1664596273292,30.347826086956523,0.0,1.6180124223602483
6,HAD,Isack Hadjar,Racing Bulls,13.0,12.0,Lapped,0.0,2025,11,Austrian Grand Prix,1,0,0,13.0,73.27028985507246,70.204,2.0,49.1664596273292,30.347826086956523,0.0,1.6180124223602483
10,GAS,Pierre Gasly,Alpine,10.0,13.0,Lapped,0.0,2025,11,Austrian Grand Prix,1,0,0,10.0,73.34417391304348,70.151,2.0,49.1664596273292,30.347826086956523,0.0,1.6180124223602483
18,STR,Lance Stroll,Aston Martin,16.0,14.0,Lapped,0.0,2025,11,Austrian Grand Prix,1,0,0,16.0,73.3645652173913,69.214,2.0,49.1664596273292,30.347826086956523,0.0,1.6180124223602483
43,COL,Franco Colapinto,Alpine,14.0,15.0,Lapped,0.0,2025,11,Austrian Grand Prix,1,0,0,14.0,73.41137681159421,69.621,2.0,49.1664596273292,30.347826086956523,0.0,1.6180124223602483
22,TSU,Yuki Tsunoda,Red Bull Racing,18.0,16.0,Lapped,0.0,2025,11,Austrian Grand Prix,1,0,0,18.0,73.9804705882353,69.802,3.0,49.1664596273292,30.347826086956523,0.0,1.6180124223602483
23,ALB,Alexander Albon,Williams,12.0,17.0,Retired,0.0,2025,11,Austrian Grand Prix,1,0,0,12.0,80.01520000000001,70.641,1.0,49.1664596273292,30.347826086956523,0.0,1.6180124223602483
1,VER,Max Verstappen,Red Bull Racing,7.0,18.0,Retired,0.0,2025,11,Austrian Grand Prix,1,0,0,7.0,,,,49.1664596273292,30.347826086956523,0.0,1.6180124223602483
12,ANT,Kimi Antonelli,Mercedes,9.0,19.0,Retired,0.0,2025,11,Austrian Grand Prix,1,0,0,9.0,,,,49.1664596273292,30.347826086956523,0.0,1.6180124223602483
55,SAI,Carlos Sainz,Williams,19.0,20.0,Did not start,0.0,2025,11,Austrian Grand Prix,1,0,0,19.0,,,,49.1664596273292,30.347826086956523,0.0,1.6180124223602483
4,NOR,Lando Norris,McLaren,3.0,1.0,Finished,25.0,2025,12,British Grand Prix,0,1,1,3.0,105.54921739130435,89.734,2.0,23.578709677419354,17.91741935483871,0.1806451612903225,1.4832258064516128
81,PIA,Oscar Piastri,McLaren,2.0,2.0,Finished,18.0,2025,12,British Grand Prix,0,0,1,2.0,105.34128260869564,89.337,2.0,23.578709677419354,17.91741935483871,0.1806451612903225,1.4832258064516128
27,HUL,Nico Hulkenberg,Kick Sauber,19.0,3.0,Finished,15.0,2025,12,British Grand Prix,0,0,1,19.0,106.5692608695652,90.933,2.0,23.578709677419354,17.91741935483871,0.1806451612903225,1.4832258064516128
44,HAM,Lewis Hamilton,Ferrari,5.0,4.0,Finished,12.0,2025,12,British Grand Prix,0,0,0,5.0,107.64827659574468,90.016,2.0,23.578709677419354,17.91741935483871,0.1806451612903225,1.4832258064516128
1,VER,Max Verstappen,Red Bull Racing,1.0,5.0,Finished,10.0,2025,12,British Grand Prix,0,0,0,1.0,106.5866304347826,90.179,2.0,23.578709677419354,17.91741935483871,0.1806451612903225,1.4832258064516128
10,GAS,Pierre Gasly,Alpine,8.0,6.0,Finished,8.0,2025,12,British Grand Prix,0,0,0,10.0,108.0542340425532,90.751,2.0,23.578709677419354,17.91741935483871,0.1806451612903225,1.4832258064516128
18,STR,Lance Stroll,Aston Martin,17.0,7.0,Finished,6.0,2025,12,British Grand Prix,0,0,0,18.0,107.02754347826088,92.088,3.0,23.578709677419354,17.91741935483871,0.1806451612903225,1.4832258064516128
23,ALB,Alexander Albon,Williams,13.0,8.0,Finished,4.0,2025,12,British Grand Prix,0,0,0,14.0,108.29774468085104,90.047,2.0,23.578709677419354,17.91741935483871,0.1806451612903225,1.4832258064516128
14,ALO,Fernando Alonso,Aston Martin,7.0,9.0,Finished,2.0,2025,12,British Grand Prix,0,0,0,9.0,108.271,90.353,2.0,23.578709677419354,17.91741935483871,0.1806451612903225,1.4832258064516128
63,RUS,George Russell,Mercedes,4.0,10.0,Finished,1.0,2025,12,British Grand Prix,0,0,0,4.0,108.34195744680852,90.869,3.0,23.578709677419354,17.91741935483871,0.1806451612903225,1.4832258064516128
87,BEA,Oliver Bearman,Haas F1 Team,18.0,11.0,Finished,0.0,2025,12,British Grand Prix,0,0,0,8.0,108.61365957446807,90.921,3.0,23.578709677419354,17.91741935483871,0.1806451612903225,1.4832258064516128
55,SAI,Carlos Sainz,Williams,9.0,12.0,Finished,0.0,2025,12,British Grand Prix,0,0,0,11.0,108.56846808510636,90.645,2.0,23.578709677419354,17.91741935483871,0.1806451612903225,1.4832258064516128
31,OCO,Esteban Ocon,Haas F1 Team,14.0,13.0,Finished,0.0,2025,12,British Grand Prix,0,0,0,15.0,108.3108085106383,90.818,1.0,23.578709677419354,17.91741935483871,0.1806451612903225,1.4832258064516128
16,LEC,Charles Leclerc,Ferrari,6.0,14.0,Finished,0.0,2025,12,British Grand Prix,0,0,0,6.0,108.80957446808512,90.819,3.0,23.578709677419354,17.91741935483871,0.1806451612903225,1.4832258064516128
22,TSU,Yuki Tsunoda,Red Bull Racing,11.0,15.0,Lapped,0.0,2025,12,British Grand Prix,1,0,0,12.0,110.0567608695652,90.873,2.0,23.578709677419354,17.91741935483871,0.1806451612903225,1.4832258064516128
12,ANT,Kimi Antonelli,Mercedes,10.0,16.0,Retired,0.0,2025,12,British Grand Prix,1,0,0,7.0,120.09111764705882,99.336,1.0,23.578709677419354,17.91741935483871,0.1806451612903225,1.4832258064516128
6,HAD,Isack Hadjar,Racing Bulls,12.0,17.0,Retired,0.0,2025,12,British Grand Prix,1,0,0,13.0,122.0316,101.705,2.0,23.578709677419354,17.91741935483871,0.1806451612903225,1.4832258064516128
5,BOR,Gabriel Bortoleto,Kick Sauber,16.0,18.0,Retired,0.0,2025,12,British Grand Prix,1,0,0,17.0,136.36766666666668,135.202,1.0,23.578709677419354,17.91741935483871,0.1806451612903225,1.4832258064516128
30,LAW,Liam Lawson,Racing Bulls,15.0,19.0,Retired,0.0,2025,12,British Grand Prix,1,0,0,16.0,,,,23.578709677419354,17.91741935483871,0.1806451612903225,1.4832258064516128
43,COL,Franco Colapinto,Alpine,20.0,20.0,Did not start,0.0,2025,12,British Grand Prix,1,0,0,20.0,,,,23.578709677419354,17.91741935483871,0.1806451612903225,1.4832258064516128
81,PIA,Oscar Piastri,McLaren,2.0,1.0,Finished,25.0,2025,13,Belgian Grand Prix,0,1,1,2.0,112.06253658536586,105.706,2.0,24.09013452914799,17.030044843049332,0.4573991031390134,1.446188340807175
4,NOR,Lando Norris,McLaren,1.0,2.0,Finished,18.0,2025,13,Belgian Grand Prix,0,0,1,1.0,112.13146341463415,105.257,2.0,24.09013452914799,17.030044843049332,0.4573991031390134,1.446188340807175
16,LEC,Charles Leclerc,Ferrari,3.0,3.0,Finished,15.0,2025,13,Belgian Grand Prix,0,0,1,3.0,112.61043902439025,106.174,2.0,24.09013452914799,17.030044843049332,0.4573991031390134,1.446188340807175
1,VER,Max Verstappen,Red Bull Racing,4.0,4.0,Finished,12.0,2025,13,Belgian Grand Prix,0,0,0,4.0,112.67973170731706,106.096,2.0,24.09013452914799,17.030044843049332,0.4573991031390134,1.446188340807175
63,RUS,George Russell,Mercedes,6.0,5.0,Finished,10.0,2025,13,Belgian Grand Prix,0,0,0,6.0,113.06241463414636,106.566,2.0,24.09013452914799,17.030044843049332,0.4573991031390134,1.446188340807175
23,ALB,Alexander Albon,Williams,5.0,6.0,Finished,8.0,2025,13,Belgian Grand Prix,0,0,0,5.0,113.1410731707317,106.813,2.0,24.09013452914799,17.030044843049332,0.4573991031390134,1.446188340807175
44,HAM,Lewis Hamilton,Ferrari,18.0,7.0,Finished,6.0,2025,13,Belgian Grand Prix,0,0,0,16.0,113.51165853658536,106.534,2.0,24.09013452914799,17.030044843049332,0.4573991031390134,1.446188340807175
30,LAW,Liam Lawson,Racing Bulls,9.0,8.0,Finished,4.0,2025,13,Belgian Grand Prix,0,0,0,9.0,113.5558536585366,106.649,2.0,24.09013452914799,17.030044843049332,0.4573991031390134,1.446188340807175
5,BOR,Gabriel Bortoleto,Kick Sauber,10.0,9.0,Finished,2.0,2025,13,Belgian Grand Prix,0,0,0,10.0,113.66592682926829,106.966,2.0,24.09013452914799,17.030044843049332,0.4573991031390134,1.446188340807175
10,GAS,Pierre Gasly,Alpine,13.0,10.0,Finished,1.0,2025,13,Belgian Grand Prix,0,0,0,13.0,114.14143902439024,107.177,2.0,24.09013452914799,17.030044843049332,0.4573991031390134,1.446188340807175
87,BEA,Oliver Bearman,Haas F1 Team,12.0,11.0,Finished,0.0,2025,13,Belgian Grand Prix,0,0,0,12.0,114.11046341463415,106.709,2.0,24.09013452914799,17.030044843049332,0.4573991031390134,1.446188340807175
27,HUL,Nico Hulkenberg,Kick Sauber,14.0,12.0,Finished,0.0,2025,13,Belgian Grand Prix,0,0,0,14.0,114.19846341463412,105.068,3.0,24.09013452914799,17.030044843049332,0.4573991031390134,1.446188340807175
22,TSU,Yuki Tsunoda,Red Bull Racing,7.0,13.0,Finished,0.0,2025,13,Belgian Grand Prix,0,0,0,7.0,114.08439024390243,107.241,2.0,24.09013452914799,17.030044843049332,0.4573991031390134,1.446188340807175
18,STR,Lance Stroll,Aston Martin,16.0,14.0,Finished,0.0,2025,13,Belgian Grand Prix,0,0,0,20.0,114.37717073170732,107.212,2.0,24.09013452914799,17.030044843049332,0.4573991031390134,1.446188340807175
31,OCO,Esteban Ocon,Haas F1 Team,11.0,15.0,Finished,0.0,2025,13,Belgian Grand Prix,0,0,0,11.0,114.4239268292683,106.744,2.0,24.09013452914799,17.030044843049332,0.4573991031390134,1.446188340807175
12,ANT,Kimi Antonelli,Mercedes,19.0,16.0,Finished,0.0,2025,13,Belgian Grand Prix,0,0,0,18.0,114.6829268292683,104.861,3.0,24.09013452914799,17.030044843049332,0.4573991031390134,1.446188340807175
14,ALO,Fernando Alonso,Aston Martin,20.0,17.0,Finished,0.0,2025,13,Belgian Grand Prix,0,0,0,19.0,114.74175609756098,105.849,3.0,24.09013452914799,17.030044843049332,0.4573991031390134,1.446188340807175
55,SAI,Carlos Sainz,Williams,17.0,18.0,Finished,0.0,2025,13,Belgian Grand Prix,0,0,0,15.0,114.71636585365854,106.073,3.0,24.09013452914799,17.030044843049332,0.4573991031390134,1.446188340807175
43,COL,Franco Colapinto,Alpine,15.0,19.0,Finished,0.0,2025,13,Belgian Grand Prix,0,0,0,17.0,114.73687804878048,106.104,3.0,24.09013452914799,17.030044843049332,0.4573991031390134,1.446188340807175
6,HAD,Isack Hadjar,Racing Bulls,8.0,20.0,Lapped,0.0,2025,13,Belgian Grand Prix,1,0,0,8.0,115.39075,107.667,3.0,24.09013452914799,17.030044843049332,0.4573991031390134,1.446188340807175
4,NOR,Lando Norris,McLaren,3.0,1.0,Finished,25.0,2025,14,Hungarian Grand Prix,0,1,1,3.0,81.73187142857142,79.918,1.0,32.72993630573249,22.082165605095543,0.0,2.150955414012739
81,PIA,Oscar Piastri,McLaren,2.0,2.0,Finished,18.0,2025,14,Hungarian Grand Prix,0,0,1,2.0,81.74184285714286,79.412,2.0,32.72993630573249,22.082165605095543,0.0,2.150955414012739
63,RUS,George Russell,Mercedes,4.0,3.0,Finished,15.0,2025,14,Hungarian Grand Prix,0,0,1,4.0,82.04495714285714,79.409,2.0,32.72993630573249,22.082165605095543,0.0,2.150955414012739
16,LEC,Charles Leclerc,Ferrari,1.0,4.0,Finished,12.0,2025,14,Hungarian Grand Prix,0,0,0,1.0,82.26844285714286,80.44,2.0,32.72993630573249,22.082165605095543,0.0,2.150955414012739
14,ALO,Fernando Alonso,Aston Martin,5.0,5.0,Finished,10.0,2025,14,Hungarian Grand Prix,0,0,0,5.0,82.5753,80.113,1.0,32.72993630573249,22.082165605095543,0.0,2.150955414012739
5,BOR,Gabriel Bortoleto,Kick Sauber,7.0,6.0,Finished,8.0,2025,14,Hungarian Grand Prix,0,0,0,7.0,82.67714285714285,80.705,1.0,32.72993630573249,22.082165605095543,0.0,2.150955414012739
18,STR,Lance Stroll,Aston Martin,6.0,7.0,Finished,6.0,2025,14,Hungarian Grand Prix,0,0,0,6.0,82.70578571428571,80.708,1.0,32.72993630573249,22.082165605095543,0.0,2.150955414012739
30,LAW,Liam Lawson,Racing Bulls,9.0,8.0,Finished,4.0,2025,14,Hungarian Grand Prix,0,0,0,9.0,82.72402857142856,80.457,1.0,32.72993630573249,22.082165605095543,0.0,2.150955414012739
1,VER,Max Verstappen,Red Bull Racing,8.0,9.0,Finished,2.0,2025,14,Hungarian Grand Prix,0,0,0,8.0,82.76965714285714,79.576,2.0,32.72993630573249,22.082165605095543,0.0,2.150955414012739
12,ANT,Kimi Antonelli,Mercedes,15.0,10.0,Lapped,1.0,2025,14,Hungarian Grand Prix,1,0,0,15.0,83.02724637681159,80.745,1.0,32.72993630573249,22.082165605095543,0.0,2.150955414012739
6,HAD,Isack Hadjar,Racing Bulls,10.0,11.0,Lapped,0.0,2025,14,Hungarian Grand Prix,1,0,0,10.0,83.03957971014492,80.802,1.0,32.72993630573249,22.082165605095543,0.0,2.150955414012739
44,HAM,Lewis Hamilton,Ferrari,12.0,12.0,Lapped,0.0,2025,14,Hungarian Grand Prix,1,0,0,12.0,83.05930434782609,80.022,1.0,32.72993630573249,22.082165605095543,0.0,2.150955414012739
27,HUL,Nico Hulkenberg,Kick Sauber,18.0,13.0,Lapped,0.0,2025,14,Hungarian Grand Prix,1,0,0,19.0,83.36955072463768,80.013,2.0,32.72993630573249,22.082165605095543,0.0,2.150955414012739
55,SAI,Carlos Sainz,Williams,13.0,14.0,Lapped,0.0,2025,14,Hungarian Grand Prix,1,0,0,13.0,83.3993768115942,79.79,2.0,32.72993630573249,22.082165605095543,0.0,2.150955414012739
23,ALB,Alexander Albon,Williams,19.0,15.0,Lapped,0.0,2025,14,Hungarian Grand Prix,1,0,0,20.0,83.46872463768115,80.779,2.0,32.72993630573249,22.082165605095543,0.0,2.150955414012739
31,OCO,Esteban Ocon,Haas F1 Team,17.0,16.0,Lapped,0.0,2025,14,Hungarian Grand Prix,1,0,0,18.0,83.57230434782608,81.916,1.0,32.72993630573249,22.082165605095543,0.0,2.150955414012739
22,TSU,Yuki Tsunoda,Red Bull Racing,20.0,17.0,Lapped,0.0,2025,14,Hungarian Grand Prix,1,0,0,16.0,83.59672463768116,81.18,3.0,32.72993630573249,22.082165605095543,0.0,2.150955414012739
43,COL,Franco Colapinto,Alpine,14.0,18.0,Lapped,0.0,2025,14,Hungarian Grand Prix,1,0,0,14.0,83.60291304347825,80.827,2.0,32.72993630573249,22.082165605095543,0.0,2.150955414012739
10,GAS,Pierre Gasly,Alpine,16.0,19.0,Lapped,0.0,2025,14,Hungarian Grand Prix,1,0,0,17.0,83.58804347826087,81.433,1.0,32.72993630573249,22.082165605095543,0.0,2.150955414012739
87,BEA,Oliver Bearman,Haas F1 Team,11.0,20.0,Retired,0.0,2025,14,Hungarian Grand Prix,1,0,0,11.0,84.1614375,81.989,1.0,32.72993630573249,22.082165605095543,0.0,2.150955414012739
81,PIA,Oscar Piastri,McLaren,1.0,1.0,Finished,25.0,2025,15,Dutch Grand Prix,0,1,1,1.0,82.08123611111111,72.271,2.0,27.96352201257861,20.077358490566034,0.0,2.170440251572327
1,VER,Max Verstappen,Red Bull Racing,3.0,2.0,Finished,18.0,2025,15,Dutch Grand Prix,0,0,1,3.0,82.0988888888889,72.921,2.0,27.96352201257861,20.077358490566034,0.0,2.170440251572327
6,HAD,Isack Hadjar,Racing Bulls,4.0,3.0,Finished,15.0,2025,15,Dutch Grand Prix,0,0,1,4.0,82.12613888888889,73.327,2.0,27.96352201257861,20.077358490566034,0.0,2.170440251572327
63,RUS,George Russell,Mercedes,5.0,4.0,Finished,12.0,2025,15,Dutch Grand Prix,0,0,0,5.0,82.15976388888889,73.728,2.0,27.96352201257861,20.077358490566034,0.0,2.170440251572327
23,ALB,Alexander Albon,Williams,15.0,5.0,Finished,10.0,2025,15,Dutch Grand Prix,0,0,0,15.0,82.16911111111112,73.687,2.0,27.96352201257861,20.077358490566034,0.0,2.170440251572327
87,BEA,Oliver Bearman,Haas F1 Team,20.0,6.0,Finished,8.0,2025,15,Dutch Grand Prix,0,0,0,19.0,82.20684722222222,73.95,2.0,27.96352201257861,20.077358490566034,0.0,2.170440251572327
18,STR,Lance Stroll,Aston Martin,19.0,7.0,Finished,6.0,2025,15,Dutch Grand Prix,0,0,0,20.0,82.21313888888888,73.822,2.0,27.96352201257861,20.077358490566034,0.0,2.170440251572327
14,ALO,Fernando Alonso,Aston Martin,10.0,8.0,Finished,4.0,2025,15,Dutch Grand Prix,0,0,0,10.0,82.24386111111112,73.719,2.0,27.96352201257861,20.077358490566034,0.0,2.170440251572327
22,TSU,Yuki Tsunoda,Red Bull Racing,12.0,9.0,Finished,2.0,2025,15,Dutch Grand Prix,0,0,0,12.0,82.27008333333333,74.354,2.0,27.96352201257861,20.077358490566034,0.0,2.170440251572327
31,OCO,Esteban Ocon,Haas F1 Team,18.0,10.0,Finished,1.0,2025,15,Dutch Grand Prix,0,0,0,18.0,82.27655555555556,73.986,1.0,27.96352201257861,20.077358490566034,0.0,2.170440251572327
43,COL,Franco Colapinto,Alpine,16.0,11.0,Finished,0.0,2025,15,Dutch Grand Prix,0,0,0,16.0,82.28277777777777,73.049,3.0,27.96352201257861,20.077358490566034,0.0,2.170440251572327
30,LAW,Liam Lawson,Racing Bulls,8.0,12.0,Finished,0.0,2025,15,Dutch Grand Prix,0,0,0,8.0,82.31822222222223,73.879,3.0,27.96352201257861,20.077358490566034,0.0,2.170440251572327
55,SAI,Carlos Sainz,Williams,9.0,13.0,Finished,0.0,2025,15,Dutch Grand Prix,0,0,0,9.0,82.32256944444445,73.808,4.0,27.96352201257861,20.077358490566034,0.0,2.170440251572327
27,HUL,Nico Hulkenberg,Kick Sauber,17.0,14.0,Finished,0.0,2025,15,Dutch Grand Prix,0,0,0,17.0,82.35519444444444,74.912,2.0,27.96352201257861,20.077358490566034,0.0,2.170440251572327
5,BOR,Gabriel Bortoleto,Kick Sauber,13.0,15.0,Finished,0.0,2025,15,Dutch Grand Prix,0,0,0,13.0,82.38074999999999,74.307,2.0,27.96352201257861,20.077358490566034,0.0,2.170440251572327
12,ANT,Kimi Antonelli,Mercedes,11.0,16.0,Finished,0.0,2025,15,Dutch Grand Prix,0,0,0,11.0,82.1788611111111,73.48,3.0,27.96352201257861,20.077358490566034,0.0,2.170440251572327
10,GAS,Pierre Gasly,Alpine,14.0,17.0,Finished,0.0,2025,15,Dutch Grand Prix,0,0,0,14.0,82.40941666666667,75.248,1.0,27.96352201257861,20.077358490566034,0.0,2.170440251572327
4,NOR,Lando Norris,McLaren,2.0,18.0,Retired,0.0,2025,15,Dutch Grand Prix,1,0,0,2.0,80.757609375,72.379,2.0,27.96352201257861,20.077358490566034,0.0,2.170440251572327
16,LEC,Charles Leclerc,Ferrari,6.0,19.0,Retired,0.0,2025,15,Dutch Grand Prix,1,0,0,6.0,78.7888076923077,74.557,1.0,27.96352201257861,20.077358490566034,0.0,2.170440251572327
44,HAM,Lewis Hamilton,Ferrari,7.0,20.0,Retired,0.0,2025,15,Dutch Grand Prix,1,0,0,7.0,76.61263636363637,75.684,0.0,27.96352201257861,20.077358490566034,0.0,2.170440251572327
1,VER,Max Verstappen,Red Bull Racing,1.0,1.0,Finished,25.0,2025,16,Italian Grand Prix,0,1,1,1.0,83.10047169811321,81.003,1.0,43.28819444444444,26.76111111111111,0.0,1.9604166666666665
4,NOR,Lando Norris,McLaren,2.0,2.0,Finished,18.0,2025,16,Italian Grand Prix,0,0,1,2.0,83.46286792452831,80.901,1.0,43.28819444444444,26.76111111111111,0.0,1.9604166666666665
81,PIA,Oscar Piastri,McLaren,3.0,3.0,Finished,15.0,2025,16,Italian Grand Prix,0,0,1,3.0,83.503320754717,81.245,1.0,43.28819444444444,26.76111111111111,0.0,1.9604166666666665
16,LEC,Charles Leclerc,Ferrari,4.0,4.0,Finished,12.0,2025,16,Italian Grand Prix,0,0,0,4.0,83.5839433962264,81.294,1.0,43.28819444444444,26.76111111111111,0.0,1.9604166666666665
63,RUS,George Russell,Mercedes,5.0,5.0,Finished,10.0,2025,16,Italian Grand Prix,0,0,0,6.0,83.7208679245283,81.8,1.0,43.28819444444444,26.76111111111111,0.0,1.9604166666666665
44,HAM,Lewis Hamilton,Ferrari,10.0,6.0,Finished,8.0,2025,16,Italian Grand Prix,0,0,0,5.0,83.80705660377359,81.546,1.0,43.28819444444444,26.76111111111111,0.0,1.9604166666666665
23,ALB,Alexander Albon,Williams,14.0,7.0,Finished,6.0,2025,16,Italian Grand Prix,0,0,0,14.0,84.054,81.368,1.0,43.28819444444444,26.76111111111111,0.0,1.9604166666666665
5,BOR,Gabriel Bortoleto,Kick Sauber,7.0,8.0,Finished,4.0,2025,16,Italian Grand Prix,0,0,0,8.0,84.20394339622642,82.139,1.0,43.28819444444444,26.76111111111111,0.0,1.9604166666666665
12,ANT,Kimi Antonelli,Mercedes,6.0,9.0,Finished,2.0,2025,16,Italian Grand Prix,0,0,0,7.0,84.13371698113208,81.968,1.0,43.28819444444444,26.76111111111111,0.0,1.9604166666666665
6,HAD,Isack Hadjar,Racing Bulls,19.0,10.0,Finished,1.0,2025,16,Italian Grand Prix,0,0,0,16.0,84.30596226415095,82.133,2.0,43.28819444444444,26.76111111111111,0.0,1.9604166666666665
55,SAI,Carlos Sainz,Williams,13.0,11.0,Finished,0.0,2025,16,Italian Grand Prix,0,0,0,13.0,84.3168679245283,81.74,1.0,43.28819444444444,26.76111111111111,0.0,1.9604166666666665
87,BEA,Oliver Bearman,Haas F1 Team,11.0,12.0,Finished,0.0,2025,16,Italian Grand Prix,0,0,0,11.0,84.4077924528302,81.82,1.0,43.28819444444444,26.76111111111111,0.0,1.9604166666666665
22,TSU,Yuki Tsunoda,Red Bull Racing,9.0,13.0,Finished,0.0,2025,16,Italian Grand Prix,0,0,0,10.0,84.6231320754717,82.712,1.0,43.28819444444444,26.76111111111111,0.0,1.9604166666666665
30,LAW,Liam Lawson,Racing Bulls,18.0,14.0,Finished,0.0,2025,16,Italian Grand Prix,0,0,0,20.0,84.6542641509434,82.777,1.0,43.28819444444444,26.76111111111111,0.0,1.9604166666666665
31,OCO,Esteban Ocon,Haas F1 Team,15.0,15.0,Lapped,0.0,2025,16,Italian Grand Prix,1,0,0,15.0,84.73961538461539,82.892,1.0,43.28819444444444,26.76111111111111,0.0,1.9604166666666665
10,GAS,Pierre Gasly,Alpine,20.0,16.0,Lapped,0.0,2025,16,Italian Grand Prix,1,0,0,19.0,84.81080769230769,82.185,2.0,43.28819444444444,26.76111111111111,0.0,1.9604166666666665
43,COL,Franco Colapinto,Alpine,17.0,17.0,Lapped,0.0,2025,16,Italian Grand Prix,1,0,0,18.0,84.84178846153847,82.239,1.0,43.28819444444444,26.76111111111111,0.0,1.9604166666666665
18,STR,Lance Stroll,Aston Martin,16.0,18.0,Lapped,0.0,2025,16,Italian Grand Prix,1,0,0,17.0,84.87742307692308,82.164,1.0,43.28819444444444,26.76111111111111,0.0,1.9604166666666665
14,ALO,Fernando Alonso,Aston Martin,8.0,19.0,Retired,0.0,2025,16,Italian Grand Prix,1,0,0,9.0,86.72925,83.757,1.0,43.28819444444444,26.76111111111111,0.0,1.9604166666666665
27,HUL,Nico Hulkenberg,Kick Sauber,12.0,20.0,Did not start,0.0,2025,16,Italian Grand Prix,1,0,0,12.0,,,,43.28819444444444,26.76111111111111,0.0,1.9604166666666665
1,VER,Max Verstappen,Red Bull Racing,1.0,1.0,Finished,25.0,2025,17,Azerbaijan Grand Prix,0,1,1,1.0,106.05877083333333,103.388,1.0,26.107051282051284,20.55192307692308,0.0,1.5070512820512822
63,RUS,George Russell,Mercedes,5.0,2.0,Finished,18.0,2025,17,Azerbaijan Grand Prix,0,0,1,5.0,106.4565625,103.754,1.0,26.107051282051284,20.55192307692308,0.0,1.5070512820512822
55,SAI,Carlos Sainz,Williams,2.0,3.0,Finished,15.0,2025,17,Azerbaijan Grand Prix,0,0,1,2.0,106.46104166666667,103.972,1.0,26.107051282051284,20.55192307692308,0.0,1.5070512820512822
12,ANT,Kimi Antonelli,Mercedes,4.0,4.0,Finished,12.0,2025,17,Azerbaijan Grand Prix,0,0,0,4.0,106.56822916666664,104.091,1.0,26.107051282051284,20.55192307692308,0.0,1.5070512820512822
30,LAW,Liam Lawson,Racing Bulls,3.0,5.0,Finished,10.0,2025,17,Azerbaijan Grand Prix,0,0,0,3.0,106.78754166666666,104.531,1.0,26.107051282051284,20.55192307692308,0.0,1.5070512820512822
22,TSU,Yuki Tsunoda,Red Bull Racing,6.0,6.0,Finished,8.0,2025,17,Azerbaijan Grand Prix,0,0,0,6.0,106.92245833333334,104.434,1.0,26.107051282051284,20.55192307692308,0.0,1.5070512820512822
4,NOR,Lando Norris,McLaren,7.0,7.0,Finished,6.0,2025,17,Azerbaijan Grand Prix,0,0,0,7.0,106.97414583333334,104.155,1.0,26.107051282051284,20.55192307692308,0.0,1.5070512820512822
44,HAM,Lewis Hamilton,Ferrari,12.0,8.0,Finished,4.0,2025,17,Azerbaijan Grand Prix,0,0,0,12.0,107.092625,103.977,1.0,26.107051282051284,20.55192307692308,0.0,1.5070512820512822
16,LEC,Charles Leclerc,Ferrari,10.0,9.0,Finished,2.0,2025,17,Azerbaijan Grand Prix,0,0,0,10.0,107.0756875,104.274,1.0,26.107051282051284,20.55192307692308,0.0,1.5070512820512822
6,HAD,Isack Hadjar,Racing Bulls,8.0,10.0,Finished,1.0,2025,17,Azerbaijan Grand Prix,0,0,0,8.0,107.08029166666668,103.884,1.0,26.107051282051284,20.55192307692308,0.0,1.5070512820512822
5,BOR,Gabriel Bortoleto,Kick Sauber,13.0,11.0,Finished,0.0,2025,17,Azerbaijan Grand Prix,0,0,0,13.0,107.77122916666669,104.93,1.0,26.107051282051284,20.55192307692308,0.0,1.5070512820512822
87,BEA,Oliver Bearman,Haas F1 Team,15.0,12.0,Finished,0.0,2025,17,Azerbaijan Grand Prix,0,0,0,15.0,107.8435,104.288,1.0,26.107051282051284,20.55192307692308,0.0,1.5070512820512822
23,ALB,Alexander Albon,Williams,19.0,13.0,Finished,0.0,2025,17,Azerbaijan Grand Prix,0,0,0,19.0,107.8520625,104.152,1.0,26.107051282051284,20.55192307692308,0.0,1.5070512820512822
31,OCO,Esteban Ocon,Haas F1 Team,20.0,14.0,Finished,0.0,2025,17,Azerbaijan Grand Prix,0,0,0,20.0,108.07783333333332,105.388,0.0,26.107051282051284,20.55192307692308,0.0,1.5070512820512822
14,ALO,Fernando Alonso,Aston Martin,11.0,15.0,Finished,0.0,2025,17,Azerbaijan Grand Prix,0,0,0,11.0,107.996375,105.002,1.0,26.107051282051284,20.55192307692308,0.0,1.5070512820512822
27,HUL,Nico Hulkenberg,Kick Sauber,17.0,16.0,Finished,0.0,2025,17,Azerbaijan Grand Prix,0,0,0,17.0,108.14339583333332,104.37,1.0,26.107051282051284,20.55192307692308,0.0,1.5070512820512822
18,STR,Lance Stroll,Aston Martin,14.0,17.0,Finished,0.0,2025,17,Azerbaijan Grand Prix,0,0,0,14.0,108.378,105.083,1.0,26.107051282051284,20.55192307692308,0.0,1.5070512820512822
10,GAS,Pierre Gasly,Alpine,18.0,18.0,Lapped,0.0,2025,17,Azerbaijan Grand Prix,1,0,0,18.0,108.80565957446808,105.492,1.0,26.107051282051284,20.55192307692308,0.0,1.5070512820512822
43,COL,Franco Colapinto,Alpine,16.0,19.0,Lapped,0.0,2025,17,Azerbaijan Grand Prix,1,0,0,16.0,108.80091489361702,106.055,1.0,26.107051282051284,20.55192307692308,0.0,1.5070512820512822
81,PIA,Oscar Piastri,McLaren,9.0,20.0,Retired,0.0,2025,17,Azerbaijan Grand Prix,1,0,0,9.0,,,,26.107051282051284,20.55192307692308,0.0,1.5070512820512822
63,RUS,George Russell,Mercedes,1.0,1.0,Finished,25.0,2025,18,Singapore Grand Prix,0,1,1,1.0,97.13495161290322,95.676,1.0,33.85217391304348,29.072049689440995,0.0372670807453416,1.1111801242236024
1,VER,Max Verstappen,Red Bull Racing,2.0,2.0,Finished,18.0,2025,18,Singapore Grand Prix,0,0,1,2.0,97.2225322580645,95.649,1.0,33.85217391304348,29.072049689440995,0.0372670807453416,1.1111801242236024
4,NOR,Lando Norris,McLaren,5.0,3.0,Finished,15.0,2025,18,Singapore Grand Prix,0,0,1,5.0,97.23279032258064,95.555,1.0,33.85217391304348,29.072049689440995,0.0372670807453416,1.1111801242236024
81,PIA,Oscar Piastri,McLaren,3.0,4.0,Finished,12.0,2025,18,Singapore Grand Prix,0,0,0,3.0,97.2663387096774,95.408,1.0,33.85217391304348,29.072049689440995,0.0372670807453416,1.1111801242236024
12,ANT,Kimi Antonelli,Mercedes,4.0,5.0,Finished,10.0,2025,18,Singapore Grand Prix,0,0,0,4.0,97.6781935483871,95.303,1.0,33.85217391304348,29.072049689440995,0.0372670807453416,1.1111801242236024
16,LEC,Charles Leclerc,Ferrari,7.0,6.0,Finished,8.0,2025,18,Singapore Grand Prix,0,0,0,7.0,97.87682258064515,95.983,1.0,33.85217391304348,29.072049689440995,0.0372670807453416,1.1111801242236024
14,ALO,Fernando Alonso,Aston Martin,10.0,7.0,Finished,6.0,2025,18,Singapore Grand Prix,0,0,0,10.0,98.43603225806451,95.862,1.0,33.85217391304348,29.072049689440995,0.0372670807453416,1.1111801242236024
44,HAM,Lewis Hamilton,Ferrari,6.0,8.0,Finished,4.0,2025,18,Singapore Grand Prix,0,0,0,6.0,98.42932258064516,93.808,2.0,33.85217391304348,29.072049689440995,0.0372670807453416,1.1111801242236024
87,BEA,Oliver Bearman,Haas F1 Team,9.0,9.0,Finished,2.0,2025,18,Singapore Grand Prix,0,0,0,9.0,98.64345161290323,96.201,1.0,33.85217391304348,29.072049689440995,0.0372670807453416,1.1111801242236024
55,SAI,Carlos Sainz,Williams,18.0,10.0,Lapped,1.0,2025,18,Singapore Grand Prix,1,0,0,20.0,98.90362295081968,94.963,1.0,33.85217391304348,29.072049689440995,0.0372670807453416,1.1111801242236024
6,HAD,Isack Hadjar,Racing Bulls,8.0,11.0,Lapped,0.0,2025,18,Singapore Grand Prix,1,0,0,8.0,99.01150819672132,96.938,1.0,33.85217391304348,29.072049689440995,0.0372670807453416,1.1111801242236024
22,TSU,Yuki Tsunoda,Red Bull Racing,13.0,12.0,Lapped,0.0,2025,18,Singapore Grand Prix,1,0,0,13.0,99.0432131147541,96.831,1.0,33.85217391304348,29.072049689440995,0.0372670807453416,1.1111801242236024
18,STR,Lance Stroll,Aston Martin,15.0,13.0,Lapped,0.0,2025,18,Singapore Grand Prix,1,0,0,15.0,99.12880327868852,95.851,1.0,33.85217391304348,29.072049689440995,0.0372670807453416,1.1111801242236024
23,ALB,Alexander Albon,Williams,20.0,14.0,Lapped,0.0,2025,18,Singapore Grand Prix,1,0,0,19.0,99.14240983606555,95.648,2.0,33.85217391304348,29.072049689440995,0.0372670807453416,1.1111801242236024
30,LAW,Liam Lawson,Racing Bulls,12.0,15.0,Lapped,0.0,2025,18,Singapore Grand Prix,1,0,0,12.0,99.17232786885243,95.641,1.0,33.85217391304348,29.072049689440995,0.0372670807453416,1.1111801242236024
43,COL,Franco Colapinto,Alpine,16.0,16.0,Lapped,0.0,2025,18,Singapore Grand Prix,1,0,0,16.0,99.4304426229508,97.182,1.0,33.85217391304348,29.072049689440995,0.0372670807453416,1.1111801242236024
5,BOR,Gabriel Bortoleto,Kick Sauber,14.0,17.0,Lapped,0.0,2025,18,Singapore Grand Prix,1,0,0,14.0,99.49377049180328,97.126,1.0,33.85217391304348,29.072049689440995,0.0372670807453416,1.1111801242236024
31,OCO,Esteban Ocon,Haas F1 Team,17.0,18.0,Lapped,0.0,2025,18,Singapore Grand Prix,1,0,0,17.0,99.5,96.646,1.0,33.85217391304348,29.072049689440995,0.0372670807453416,1.1111801242236024
10,GAS,Pierre Gasly,Alpine,19.0,19.0,Lapped,0.0,2025,18,Singapore Grand Prix,1,0,0,18.0,99.50537704918034,94.573,3.0,33.85217391304348,29.072049689440995,0.0372670807453416,1.1111801242236024
27,HUL,Nico Hulkenberg,Kick Sauber,11.0,20.0,Lapped,0.0,2025,18,Singapore Grand Prix,1,0,0,11.0,99.53126229508196,95.404,2.0,33.85217391304348,29.072049689440995,0.0372670807453416,1.1111801242236024
1,,,,,1.0,,,2025,19,United States Grand Prix,1,1,1,,,,,45.0448051948052,28.267532467532465,0.0,2.0824675324675326
4,NOR,Lando Norris,McLaren,1.0,1.0,Finished,25.0,2025,20,Mexico City Grand Prix,0,1,1,1.0,82.79681690140845,80.764,1.0,50.58827160493828,26.405555555555555,0.0,1.847530864197531
16,LEC,Charles Leclerc,Ferrari,2.0,2.0,Finished,18.0,2025,20,Mexico City Grand Prix,0,0,1,2.0,83.22391549295774,81.588,1.0,50.58827160493828,26.405555555555555,0.0,1.847530864197531
1,VER,Max Verstappen,Red Bull Racing,5.0,3.0,Finished,15.0,2025,20,Mexico City Grand Prix,0,0,1,5.0,83.23412676056337,81.108,1.0,50.58827160493828,26.405555555555555,0.0,1.847530864197531
87,BEA,Oliver Bearman,Haas F1 Team,9.0,4.0,Finished,12.0,2025,20,Mexico City Grand Prix,0,0,0,10.0,83.37364788732395,80.705,2.0,50.58827160493828,26.405555555555555,0.0,1.847530864197531
81,PIA,Oscar Piastri,McLaren,7.0,5.0,Finished,10.0,2025,20,Mexico City Grand Prix,0,0,0,8.0,83.38928169014085,80.422,2.0,50.58827160493828,26.405555555555555,0.0,1.847530864197531
12,ANT,Kimi Antonelli,Mercedes,6.0,6.0,Finished,8.0,2025,20,Mexico City Grand Prix,0,0,0,6.0,83.47057746478873,80.826,2.0,50.58827160493828,26.405555555555555,0.0,1.847530864197531
63,RUS,George Russell,Mercedes,4.0,7.0,Finished,6.0,2025,20,Mexico City Grand Prix,0,0,0,4.0,83.50508450704226,80.052,2.0,50.58827160493828,26.405555555555555,0.0,1.847530864197531
44,HAM,Lewis Hamilton,Ferrari,3.0,8.0,Finished,4.0,2025,20,Mexico City Grand Prix,0,0,0,3.0,83.5918309859155,80.601,2.0,50.58827160493828,26.405555555555555,0.0,1.847530864197531
31,OCO,Esteban Ocon,Haas F1 Team,11.0,9.0,Finished,2.0,2025,20,Mexico City Grand Prix,0,0,0,12.0,83.85969014084507,81.869,1.0,50.58827160493828,26.405555555555555,0.0,1.847530864197531
5,BOR,Gabriel Bortoleto,Kick Sauber,16.0,10.0,Finished,1.0,2025,20,Mexico City Grand Prix,0,0,0,16.0,83.87939436619718,81.121,1.0,50.58827160493828,26.405555555555555,0.0,1.847530864197531
22,TSU,Yuki Tsunoda,Red Bull Racing,10.0,11.0,Finished,0.0,2025,20,Mexico City Grand Prix,0,0,0,11.0,83.91016901408452,81.486,1.0,50.58827160493828,26.405555555555555,0.0,1.847530864197531
23,ALB,Alexander Albon,Williams,17.0,12.0,Lapped,0.0,2025,20,Mexico City Grand Prix,1,0,0,17.0,84.01462857142857,80.48,1.0,50.58827160493828,26.405555555555555,0.0,1.847530864197531
6,HAD,Isack Hadjar,Racing Bulls,8.0,13.0,Lapped,0.0,2025,20,Mexico City Grand Prix,1,0,0,9.0,84.07471428571428,81.714,1.0,50.58827160493828,26.405555555555555,0.0,1.847530864197531
18,STR,Lance Stroll,Aston Martin,19.0,14.0,Lapped,0.0,2025,20,Mexico City Grand Prix,1,0,0,19.0,84.08012857142857,80.593,2.0,50.58827160493828,26.405555555555555,0.0,1.847530864197531
10,GAS,Pierre Gasly,Alpine,18.0,15.0,Lapped,0.0,2025,20,Mexico City Grand Prix,1,0,0,18.0,84.60934285714286,82.271,1.0,50.58827160493828,26.405555555555555,0.0,1.847530864197531
43,COL,Franco Colapinto,Alpine,20.0,16.0,Lapped,0.0,2025,20,Mexico City Grand Prix,1,0,0,20.0,84.61357142857143,81.342,1.0,50.58827160493828,26.405555555555555,0.0,1.847530864197531
55,SAI,Carlos Sainz,Williams,12.0,17.0,Retired,0.0,2025,20,Mexico City Grand Prix,1,0,0,7.0,83.79301492537313,80.098,3.0,50.58827160493828,26.405555555555555,0.0,1.847530864197531
14,ALO,Fernando Alonso,Aston Martin,14.0,18.0,Retired,0.0,2025,20,Mexico City Grand Prix,1,0,0,14.0,84.9030294117647,81.708,1.0,50.58827160493828,26.405555555555555,0.0,1.847530864197531
27,HUL,Nico Hulkenberg,Kick Sauber,13.0,19.0,Retired,0.0,2025,20,Mexico City Grand Prix,1,0,0,13.0,85.00536,83.091,0.0,50.58827160493828,26.405555555555555,0.0,1.847530864197531
30,LAW,Liam Lawson,Racing Bulls,15.0,20.0,Retired,0.0,2025,20,Mexico City Grand Prix,1,0,0,15.0,96.3844,85.124,1.0,50.58827160493828,26.405555555555555,0.0,1.847530864197531
4,NOR,Lando Norris,McLaren,1.0,1.0,Finished,25.0,2025,21,São Paulo Grand Prix,0,1,1,1.0,77.76895774647888,73.04,2.0,30.69276315789474,17.348026315789475,0.0,1.5098684210526316
12,ANT,Kimi Antonelli,Mercedes,2.0,2.0,Finished,18.0,2025,21,São Paulo Grand Prix,0,0,1,2.0,77.91526760563382,73.123,2.0,30.69276315789474,17.348026315789475,0.0,1.5098684210526316
1,VER,Max Verstappen,Red Bull Racing,19.0,3.0,Finished,15.0,2025,21,São Paulo Grand Prix,0,0,1,16.0,77.92036619718309,72.447,4.0,30.69276315789474,17.348026315789475,0.0,1.5098684210526316
63,RUS,George Russell,Mercedes,6.0,4.0,Finished,12.0,2025,21,São Paulo Grand Prix,0,0,0,6.0,77.98398591549297,73.097,2.0,30.69276315789474,17.348026315789475,0.0,1.5098684210526316
81,PIA,Oscar Piastri,McLaren,4.0,5.0,Finished,10.0,2025,21,São Paulo Grand Prix,0,0,0,4.0,77.99077464788732,72.742,2.0,30.69276315789474,17.348026315789475,0.0,1.5098684210526316
87,BEA,Oliver Bearman,Haas F1 Team,8.0,6.0,Finished,8.0,2025,21,São Paulo Grand Prix,0,0,0,8.0,78.18628169014085,73.483,2.0,30.69276315789474,17.348026315789475,0.0,1.5098684210526316
30,LAW,Liam Lawson,Racing Bulls,7.0,7.0,Finished,6.0,2025,21,São Paulo Grand Prix,0,0,0,7.0,78.51039436619719,74.029,1.0,30.69276315789474,17.348026315789475,0.0,1.5098684210526316
6,HAD,Isack Hadjar,Racing Bulls,5.0,8.0,Finished,4.0,2025,21,São Paulo Grand Prix,0,0,0,5.0,78.51364788732394,73.694,2.0,30.69276315789474,17.348026315789475,0.0,1.5098684210526316
27,HUL,Nico Hulkenberg,Kick Sauber,10.0,9.0,Finished,2.0,2025,21,São Paulo Grand Prix,0,0,0,10.0,78.52,73.474,1.0,30.69276315789474,17.348026315789475,0.0,1.5098684210526316
10,GAS,Pierre Gasly,Alpine,9.0,10.0,Finished,1.0,2025,21,São Paulo Grand Prix,0,0,0,9.0,78.52830985915493,73.736,2.0,30.69276315789474,17.348026315789475,0.0,1.5098684210526316
23,ALB,Alexander Albon,Williams,12.0,11.0,Finished,0.0,2025,21,São Paulo Grand Prix,0,0,0,12.0,78.53211267605633,72.4,2.0,30.69276315789474,17.348026315789475,0.0,1.5098684210526316
31,OCO,Esteban Ocon,Haas F1 Team,20.0,12.0,Finished,0.0,2025,21,São Paulo Grand Prix,0,0,0,17.0,78.53932394366198,73.481,3.0,30.69276315789474,17.348026315789475,0.0,1.5098684210526316
55,SAI,Carlos Sainz,Williams,15.0,13.0,Finished,0.0,2025,21,São Paulo Grand Prix,0,0,0,15.0,78.54952112676055,73.683,2.0,30.69276315789474,17.348026315789475,0.0,1.5098684210526316
14,ALO,Fernando Alonso,Aston Martin,11.0,14.0,Finished,0.0,2025,21,São Paulo Grand Prix,0,0,0,11.0,78.55439436619719,73.312,2.0,30.69276315789474,17.348026315789475,0.0,1.5098684210526316
43,COL,Franco Colapinto,Alpine,16.0,15.0,Finished,0.0,2025,21,São Paulo Grand Prix,0,0,0,18.0,78.58271830985915,72.816,2.0,30.69276315789474,17.348026315789475,0.0,1.5098684210526316
18,STR,Lance Stroll,Aston Martin,14.0,16.0,Finished,0.0,2025,21,São Paulo Grand Prix,0,0,0,14.0,78.58933802816901,73.094,2.0,30.69276315789474,17.348026315789475,0.0,1.5098684210526316
22,TSU,Yuki Tsunoda,Red Bull Racing,17.0,17.0,Finished,0.0,2025,21,São Paulo Grand Prix,0,0,0,19.0,78.7432676056338,72.774,3.0,30.69276315789474,17.348026315789475,0.0,1.5098684210526316
44,HAM,Lewis Hamilton,Ferrari,13.0,18.0,Retired,0.0,2025,21,São Paulo Grand Prix,1,0,0,13.0,82.76456756756757,73.844,3.0,30.69276315789474,17.348026315789475,0.0,1.5098684210526316
16,LEC,Charles Leclerc,Ferrari,3.0,19.0,Retired,0.0,2025,21,São Paulo Grand Prix,1,0,0,3.0,105.684,79.556,0.0,30.69276315789474,17.348026315789475,0.0,1.5098684210526316
5,BOR,Gabriel Bortoleto,Kick Sauber,18.0,20.0,Retired,0.0,2025,21,São Paulo Grand Prix,1,0,0,,,,,30.69276315789474,17.348026315789475,0.0,1.5098684210526316
1,VER,Max Verstappen,Red Bull Racing,2.0,1.0,Finished,25.0,2025,22,Las Vegas Grand Prix,0,1,1,2.0,97.36858,93.365,1.0,19.52978723404255,16.73404255319149,0.0,1.4368794326241134
63,RUS,George Russell,Mercedes,4.0,2.0,Finished,18.0,2025,22,Las Vegas Grand Prix,0,0,1,4.0,97.8395,94.592,1.0,19.52978723404255,16.73404255319149,0.0,1.4368794326241134
12,ANT,Kimi Antonelli,Mercedes,17.0,3.0,Finished,15.0,2025,22,Las Vegas Grand Prix,0,0,1,17.0,97.87834,93.998,1.0,19.52978723404255,16.73404255319149,0.0,1.4368794326241134
16,LEC,Charles Leclerc,Ferrari,9.0,4.0,Finished,12.0,2025,22,Las Vegas Grand Prix,0,0,0,9.0,97.98214,94.304,1.0,19.52978723404255,16.73404255319149,0.0,1.4368794326241134
55,SAI,Carlos Sainz,Williams,3.0,5.0,Finished,10.0,2025,22,Las Vegas Grand Prix,0,0,0,3.0,98.06706,94.496,1.0,19.52978723404255,16.73404255319149,0.0,1.4368794326241134
6,HAD,Isack Hadjar,Racing Bulls,8.0,6.0,Finished,8.0,2025,22,Las Vegas Grand Prix,0,0,0,8.0,98.27372,94.62,1.0,19.52978723404255,16.73404255319149,0.0,1.4368794326241134
27,HUL,Nico Hulkenberg,Kick Sauber,11.0,7.0,Finished,6.0,2025,22,Las Vegas Grand Prix,0,0,0,11.0,98.39126,94.592,1.0,19.52978723404255,16.73404255319149,0.0,1.4368794326241134
44,HAM,Lewis Hamilton,Ferrari,19.0,8.0,Finished,4.0,2025,22,Las Vegas Grand Prix,0,0,0,20.0,98.55596,94.553,1.0,19.52978723404255,16.73404255319149,0.0,1.4368794326241134
31,OCO,Esteban Ocon,Haas F1 Team,13.0,9.0,Finished,2.0,2025,22,Las Vegas Grand Prix,0,0,0,13.0,98.58128,94.557,1.0,19.52978723404255,16.73404255319149,0.0,1.4368794326241134
87,BEA,Oliver Bearman,Haas F1 Team,14.0,10.0,Finished,1.0,2025,22,Las Vegas Grand Prix,0,0,0,14.0,98.77956,94.519,1.0,19.52978723404255,16.73404255319149,0.0,1.4368794326241134
14,ALO,Fernando Alonso,Aston Martin,7.0,11.0,Finished,0.0,2025,22,Las Vegas Grand Prix,0,0,0,7.0,99.07474,95.629,1.0,19.52978723404255,16.73404255319149,0.0,1.4368794326241134
22,TSU,Yuki Tsunoda,Red Bull Racing,20.0,12.0,Finished,0.0,2025,22,Las Vegas Grand Prix,0,0,0,19.0,99.10806,94.967,3.0,19.52978723404255,16.73404255319149,0.0,1.4368794326241134
10,GAS,Pierre Gasly,Alpine,10.0,13.0,Finished,0.0,2025,22,Las Vegas Grand Prix,0,0,0,10.0,99.20262,95.674,1.0,19.52978723404255,16.73404255319149,0.0,1.4368794326241134
30,LAW,Liam Lawson,Racing Bulls,6.0,14.0,Lapped,0.0,2025,22,Las Vegas Grand Prix,1,0,0,6.0,99.42285714285715,94.837,2.0,19.52978723404255,16.73404255319149,0.0,1.4368794326241134
43,COL,Franco Colapinto,Alpine,15.0,15.0,Lapped,0.0,2025,22,Las Vegas Grand Prix,1,0,0,15.0,99.56914285714284,95.78,1.0,19.52978723404255,16.73404255319149,0.0,1.4368794326241134
23,ALB,Alexander Albon,Williams,16.0,16.0,Retired,0.0,2025,22,Las Vegas Grand Prix,1,0,0,16.0,101.94288571428572,95.184,3.0,19.52978723404255,16.73404255319149,0.0,1.4368794326241134
5,BOR,Gabriel Bortoleto,Kick Sauber,18.0,17.0,Retired,0.0,2025,22,Las Vegas Grand Prix,1,0,0,18.0,130.427,130.427,0.0,19.52978723404255,16.73404255319149,0.0,1.4368794326241134
18,STR,Lance Stroll,Aston Martin,12.0,18.0,Retired,0.0,2025,22,Las Vegas Grand Prix,1,0,0,12.0,,,,19.52978723404255,16.73404255319149,0.0,1.4368794326241134
4,NOR,Lando Norris,McLaren,1.0,19.0,Disqualified,0.0,2025,22,Las Vegas Grand Prix,1,0,0,1.0,97.7834,93.965,1.0,19.52978723404255,16.73404255319149,0.0,1.4368794326241134
81,PIA,Oscar Piastri,McLaren,5.0,20.0,Disqualified,0.0,2025,22,Las Vegas Grand Prix,1,0,0,5.0,97.92158,94.086,1.0,19.52978723404255,16.73404255319149,0.0,1.4368794326241134
